
C:/Users/User/capstoneB/sonosupport/firmware/build/sonosupport.elf:     file format elf32-littlearm

Sections:
Idx Name          Size      VMA       LMA       File off  Algn
  0 .text         00007640  10000000  10000000  00001000  2**3
                  CONTENTS, ALLOC, LOAD, READONLY, CODE
  1 .rodata       00000c2c  10007640  10007640  00008640  2**3
                  CONTENTS, ALLOC, LOAD, READONLY, DATA
  2 .ARM.exidx    00000008  1000826c  1000826c  0000926c  2**2
                  CONTENTS, ALLOC, LOAD, READONLY, DATA
  3 .binary_info  00000020  10008274  10008274  00009274  2**2
                  CONTENTS, ALLOC, LOAD, READONLY, DATA
  4 .ram_vector_table 00000110  20000000  20000000  0000c000  2**2
                  ALLOC
  5 .uninitialized_data 00000000  20000110  20000110  0000b968  2**0
                  CONTENTS
  6 .data         000016c0  20000110  10008294  0000a110  2**3
                  CONTENTS, ALLOC, LOAD, READONLY, CODE
  7 .tdata        00000000  200017d0  200017d0  0000b968  2**0
                  CONTENTS, ALLOC, LOAD, DATA, THREAD_LOCAL
  8 .tbss         00000000  200017d0  200017d0  00000000  2**0
                  ALLOC, THREAD_LOCAL
  9 .bss          00000d60  200017d0  10009954  0000c7d0  2**3
                  ALLOC
 10 .heap         00000800  20002530  10009954  0000c530  2**2
                  ALLOC, READONLY
 11 .scratch_x    00000000  20080000  20080000  0000b968  2**0
                  CONTENTS
 12 .scratch_y    00000000  20081000  20081000  0000b968  2**0
                  CONTENTS
 13 .stack_dummy  00000800  20081000  20081000  0000c000  2**5
                  ALLOC, READONLY
 14 .flash_end    00000014  10009954  10009954  0000b954  2**2
                  CONTENTS, ALLOC, LOAD, READONLY, DATA
 15 .ARM.attributes 00000034  00000000  00000000  0000b968  2**0
                  CONTENTS, READONLY
 16 .comment      00000045  00000000  00000000  0000b99c  2**0
                  CONTENTS, READONLY
 17 .debug_info   00039f2b  00000000  00000000  0000b9e1  2**0
                  CONTENTS, READONLY, DEBUGGING, OCTETS
 18 .debug_abbrev 00009cbf  00000000  00000000  0004590c  2**0
                  CONTENTS, READONLY, DEBUGGING, OCTETS
 19 .debug_loclists 0001bb5a  00000000  00000000  0004f5cb  2**0
                  CONTENTS, READONLY, DEBUGGING, OCTETS
 20 .debug_aranges 00001448  00000000  00000000  0006b128  2**3
                  CONTENTS, READONLY, DEBUGGING, OCTETS
 21 .debug_rnglists 00004d88  00000000  00000000  0006c570  2**0
                  CONTENTS, READONLY, DEBUGGING, OCTETS
 22 .debug_line   00024da6  00000000  00000000  000712f8  2**0
                  CONTENTS, READONLY, DEBUGGING, OCTETS
 23 .debug_str    000096a7  00000000  00000000  0009609e  2**0
                  CONTENTS, READONLY, DEBUGGING, OCTETS
 24 .debug_frame  00003808  00000000  00000000  0009f748  2**2
                  CONTENTS, READONLY, DEBUGGING, OCTETS
 25 .debug_line_str 000002ed  00000000  00000000  000a2f50  2**0
                  CONTENTS, READONLY, DEBUGGING, OCTETS

C:/Users/User/capstoneB/sonosupport/firmware/build/sonosupport.elf:     file format elf32-littlearm


Disassembly of section .text:

10000000 <__VECTOR_TABLE>:
10000000:	20082000 	.word	0x20082000
10000004:	1000015d 	.word	0x1000015d
10000008:	1000011b 	.word	0x1000011b
1000000c:	1000011d 	.word	0x1000011d
10000010:	10000111 	.word	0x10000111
10000014:	10000111 	.word	0x10000111
10000018:	10000111 	.word	0x10000111
1000001c:	10000111 	.word	0x10000111
10000020:	10000119 	.word	0x10000119
10000024:	10000119 	.word	0x10000119
10000028:	10000119 	.word	0x10000119
1000002c:	1000011f 	.word	0x1000011f
10000030:	10000111 	.word	0x10000111
10000034:	10000119 	.word	0x10000119
10000038:	10000121 	.word	0x10000121
1000003c:	10000123 	.word	0x10000123
10000040:	10000111 	.word	0x10000111
10000044:	10000111 	.word	0x10000111
10000048:	10000111 	.word	0x10000111
1000004c:	10000111 	.word	0x10000111
10000050:	10000111 	.word	0x10000111
10000054:	10000111 	.word	0x10000111
10000058:	10000111 	.word	0x10000111
1000005c:	10000111 	.word	0x10000111
10000060:	10000111 	.word	0x10000111
10000064:	10000111 	.word	0x10000111
10000068:	10000111 	.word	0x10000111
1000006c:	10000111 	.word	0x10000111
10000070:	10000111 	.word	0x10000111
10000074:	10000111 	.word	0x10000111
10000078:	10000111 	.word	0x10000111
1000007c:	10000111 	.word	0x10000111
10000080:	10000111 	.word	0x10000111
10000084:	10000111 	.word	0x10000111
10000088:	10000111 	.word	0x10000111
1000008c:	10000111 	.word	0x10000111
10000090:	10000111 	.word	0x10000111
10000094:	10000111 	.word	0x10000111
10000098:	10000111 	.word	0x10000111
1000009c:	10000111 	.word	0x10000111
100000a0:	10000111 	.word	0x10000111
100000a4:	10000111 	.word	0x10000111
100000a8:	10000111 	.word	0x10000111
100000ac:	10000111 	.word	0x10000111
100000b0:	10000111 	.word	0x10000111
100000b4:	10000111 	.word	0x10000111
100000b8:	10000111 	.word	0x10000111
100000bc:	10000111 	.word	0x10000111
100000c0:	10000111 	.word	0x10000111
100000c4:	10000111 	.word	0x10000111
100000c8:	10000111 	.word	0x10000111
100000cc:	10000111 	.word	0x10000111
100000d0:	10000111 	.word	0x10000111
100000d4:	10000111 	.word	0x10000111
100000d8:	10000111 	.word	0x10000111
100000dc:	10000111 	.word	0x10000111
100000e0:	10000111 	.word	0x10000111
100000e4:	10000111 	.word	0x10000111
100000e8:	10000111 	.word	0x10000111
100000ec:	10000111 	.word	0x10000111
100000f0:	10000111 	.word	0x10000111
100000f4:	10000111 	.word	0x10000111
100000f8:	10000111 	.word	0x10000111
100000fc:	10000111 	.word	0x10000111
10000100:	10000111 	.word	0x10000111
10000104:	10000111 	.word	0x10000111
10000108:	10000111 	.word	0x10000111
1000010c:	10000111 	.word	0x10000111

10000110 <__unhandled_user_irq>:
10000110:	f3ef 8005 	mrs	r0, IPSR
10000114:	3810      	subs	r0, #16

10000116 <unhandled_user_irq_num_in_r0>:
10000116:	be00      	bkpt	0x0000

10000118 <isr_invalid>:
10000118:	be00      	bkpt	0x0000

1000011a <isr_nmi>:
1000011a:	be00      	bkpt	0x0000

1000011c <isr_hardfault>:
1000011c:	be00      	bkpt	0x0000

1000011e <isr_svcall>:
1000011e:	be00      	bkpt	0x0000

10000120 <isr_pendsv>:
10000120:	be00      	bkpt	0x0000

10000122 <isr_systick>:
10000122:	be00      	bkpt	0x0000

10000124 <__default_isrs_end>:
10000124:	7188ebf2 	.word	0x7188ebf2
10000128:	10008274 	.word	0x10008274
1000012c:	10008294 	.word	0x10008294
10000130:	100001a0 	.word	0x100001a0
10000134:	e71aa390 	.word	0xe71aa390

10000138 <__binary_info_header_end>:
10000138:	ffffded3 	.word	0xffffded3
1000013c:	10210142 	.word	0x10210142
10000140:	000001ff 	.word	0x000001ff
10000144:	0000981c 	.word	0x0000981c
10000148:	ab123579 	.word	0xab123579

1000014c <_entry_point>:
1000014c:	f04f 0000 	mov.w	r0, #0

10000150 <_enter_vtable_in_r0>:
10000150:	491e      	ldr	r1, [pc, #120]	@ (100001cc <data_cpy_table+0x2c>)
10000152:	6008      	str	r0, [r1, #0]
10000154:	c806      	ldmia	r0!, {r1, r2}
10000156:	f381 8808 	msr	MSP, r1
1000015a:	4710      	bx	r2

1000015c <_reset_handler>:
1000015c:	f04f 4050 	mov.w	r0, #3489660928	@ 0xd0000000
10000160:	6800      	ldr	r0, [r0, #0]
10000162:	b110      	cbz	r0, 1000016a <hold_non_core0_in_bootrom+0x6>

10000164 <hold_non_core0_in_bootrom>:
10000164:	f04f 0000 	mov.w	r0, #0
10000168:	e7f2      	b.n	10000150 <_enter_vtable_in_r0>
1000016a:	a40d      	add	r4, pc, #52	@ (adr r4, 100001a0 <data_cpy_table>)
1000016c:	cc0e      	ldmia	r4!, {r1, r2, r3}
1000016e:	2900      	cmp	r1, #0
10000170:	d002      	beq.n	10000178 <hold_non_core0_in_bootrom+0x14>
10000172:	f000 f812 	bl	1000019a <data_cpy>
10000176:	e7f9      	b.n	1000016c <hold_non_core0_in_bootrom+0x8>
10000178:	4915      	ldr	r1, [pc, #84]	@ (100001d0 <data_cpy_table+0x30>)
1000017a:	4a16      	ldr	r2, [pc, #88]	@ (100001d4 <data_cpy_table+0x34>)
1000017c:	2000      	movs	r0, #0
1000017e:	e000      	b.n	10000182 <bss_fill_test>

10000180 <bss_fill_loop>:
10000180:	c101      	stmia	r1!, {r0}

10000182 <bss_fill_test>:
10000182:	4291      	cmp	r1, r2
10000184:	d1fc      	bne.n	10000180 <bss_fill_loop>

10000186 <platform_entry>:
10000186:	4914      	ldr	r1, [pc, #80]	@ (100001d8 <data_cpy_table+0x38>)
10000188:	4788      	blx	r1
1000018a:	4914      	ldr	r1, [pc, #80]	@ (100001dc <data_cpy_table+0x3c>)
1000018c:	4788      	blx	r1
1000018e:	4914      	ldr	r1, [pc, #80]	@ (100001e0 <data_cpy_table+0x40>)
10000190:	4788      	blx	r1
10000192:	be00      	bkpt	0x0000
10000194:	e7fd      	b.n	10000192 <platform_entry+0xc>

10000196 <data_cpy_loop>:
10000196:	c901      	ldmia	r1!, {r0}
10000198:	c201      	stmia	r2!, {r0}

1000019a <data_cpy>:
1000019a:	429a      	cmp	r2, r3
1000019c:	d3fb      	bcc.n	10000196 <data_cpy_loop>
1000019e:	4770      	bx	lr

100001a0 <data_cpy_table>:
100001a0:	10008294 	.word	0x10008294
100001a4:	20000110 	.word	0x20000110
100001a8:	200017d0 	.word	0x200017d0
100001ac:	10009954 	.word	0x10009954
100001b0:	20080000 	.word	0x20080000
100001b4:	20080000 	.word	0x20080000
100001b8:	10009954 	.word	0x10009954
100001bc:	20081000 	.word	0x20081000
100001c0:	20081000 	.word	0x20081000
100001c4:	00000000 	.word	0x00000000
100001c8:	4770      	bx	lr
100001ca:	0000      	.short	0x0000
100001cc:	e000ed08 	.word	0xe000ed08
100001d0:	200017d0 	.word	0x200017d0
100001d4:	20002530 	.word	0x20002530
100001d8:	10004691 	.word	0x10004691
100001dc:	10000235 	.word	0x10000235
100001e0:	10004689 	.word	0x10004689

100001e4 <_init>:
100001e4:	b5f8      	push	{r3, r4, r5, r6, r7, lr}
100001e6:	bf00      	nop

100001e8 <register_tm_clones>:
100001e8:	4b06      	ldr	r3, [pc, #24]	@ (10000204 <register_tm_clones+0x1c>)
100001ea:	4907      	ldr	r1, [pc, #28]	@ (10000208 <register_tm_clones+0x20>)
100001ec:	1ac9      	subs	r1, r1, r3
100001ee:	1089      	asrs	r1, r1, #2
100001f0:	bf48      	it	mi
100001f2:	3101      	addmi	r1, #1
100001f4:	1049      	asrs	r1, r1, #1
100001f6:	d003      	beq.n	10000200 <register_tm_clones+0x18>
100001f8:	4b04      	ldr	r3, [pc, #16]	@ (1000020c <register_tm_clones+0x24>)
100001fa:	b10b      	cbz	r3, 10000200 <register_tm_clones+0x18>
100001fc:	4801      	ldr	r0, [pc, #4]	@ (10000204 <register_tm_clones+0x1c>)
100001fe:	4718      	bx	r3
10000200:	4770      	bx	lr
10000202:	bf00      	nop
10000204:	200017d0 	.word	0x200017d0
10000208:	200017d0 	.word	0x200017d0
1000020c:	00000000 	.word	0x00000000

10000210 <frame_dummy>:
10000210:	b508      	push	{r3, lr}
10000212:	4b05      	ldr	r3, [pc, #20]	@ (10000228 <frame_dummy+0x18>)
10000214:	b11b      	cbz	r3, 1000021e <frame_dummy+0xe>
10000216:	4905      	ldr	r1, [pc, #20]	@ (1000022c <frame_dummy+0x1c>)
10000218:	4805      	ldr	r0, [pc, #20]	@ (10000230 <frame_dummy+0x20>)
1000021a:	f3af 8000 	nop.w
1000021e:	e8bd 4008 	ldmia.w	sp!, {r3, lr}
10000222:	f7ff bfe1 	b.w	100001e8 <register_tm_clones>
10000226:	bf00      	nop
10000228:	00000000 	.word	0x00000000
1000022c:	200024c0 	.word	0x200024c0
10000230:	10007640 	.word	0x10007640

10000234 <main>:
10000234:	b5f0      	push	{r4, r5, r6, r7, lr}
10000236:	b091      	sub	sp, #68	@ 0x44
10000238:	f004 fb52 	bl	100048e0 <stdio_init_all>
1000023c:	f000 f8a0 	bl	10000380 <emg_init>
10000240:	f001 f84c 	bl	100012dc <ui_init>
10000244:	f244 2008 	movw	r0, #16904	@ 0x4208
10000248:	4b43      	ldr	r3, [pc, #268]	@ (10000358 <main+0x124>)
1000024a:	4a44      	ldr	r2, [pc, #272]	@ (1000035c <main+0x128>)
1000024c:	4944      	ldr	r1, [pc, #272]	@ (10000360 <main+0x12c>)
1000024e:	f001 f847 	bl	100012e0 <ui_screen>
10000252:	e002      	b.n	1000025a <main+0x26>
10000254:	2064      	movs	r0, #100	@ 0x64
10000256:	f002 f86d 	bl	10002334 <sleep_ms>
1000025a:	f004 ff13 	bl	10005084 <stdio_usb_connected>
1000025e:	2800      	cmp	r0, #0
10000260:	d0f8      	beq.n	10000254 <main+0x20>
10000262:	f44f 70fa 	mov.w	r0, #500	@ 0x1f4
10000266:	f002 f865 	bl	10002334 <sleep_ms>
1000026a:	2600      	movs	r6, #0
1000026c:	4d3d      	ldr	r5, [pc, #244]	@ (10000364 <main+0x130>)
1000026e:	4f3e      	ldr	r7, [pc, #248]	@ (10000368 <main+0x134>)
10000270:	483e      	ldr	r0, [pc, #248]	@ (1000036c <main+0x138>)
10000272:	f004 fbf7 	bl	10004a64 <__wrap_puts>
10000276:	f241 10f3 	movw	r0, #4595	@ 0x11f3
1000027a:	4b3d      	ldr	r3, [pc, #244]	@ (10000370 <main+0x13c>)
1000027c:	4a3d      	ldr	r2, [pc, #244]	@ (10000374 <main+0x140>)
1000027e:	493e      	ldr	r1, [pc, #248]	@ (10000378 <main+0x144>)
10000280:	f001 f82e 	bl	100012e0 <ui_screen>
10000284:	2400      	movs	r4, #0
10000286:	f004 fb73 	bl	10004970 <__wrap_getchar>
1000028a:	280a      	cmp	r0, #10
1000028c:	f104 0301 	add.w	r3, r4, #1
10000290:	d018      	beq.n	100002c4 <main+0x90>
10000292:	280d      	cmp	r0, #13
10000294:	bf0c      	ite	eq
10000296:	2201      	moveq	r2, #1
10000298:	2200      	movne	r2, #0
1000029a:	702a      	strb	r2, [r5, #0]
1000029c:	d015      	beq.n	100002ca <main+0x96>
1000029e:	282c      	cmp	r0, #44	@ 0x2c
100002a0:	d0f1      	beq.n	10000286 <main+0x52>
100002a2:	f104 0240 	add.w	r2, r4, #64	@ 0x40
100002a6:	2b1f      	cmp	r3, #31
100002a8:	446a      	add	r2, sp
100002aa:	d8ec      	bhi.n	10000286 <main+0x52>
100002ac:	2820      	cmp	r0, #32
100002ae:	bf08      	it	eq
100002b0:	205f      	moveq	r0, #95	@ 0x5f
100002b2:	f802 0c20 	strb.w	r0, [r2, #-32]
100002b6:	461c      	mov	r4, r3
100002b8:	f004 fb5a 	bl	10004970 <__wrap_getchar>
100002bc:	280a      	cmp	r0, #10
100002be:	f104 0301 	add.w	r3, r4, #1
100002c2:	d1e6      	bne.n	10000292 <main+0x5e>
100002c4:	782b      	ldrb	r3, [r5, #0]
100002c6:	2b00      	cmp	r3, #0
100002c8:	d13b      	bne.n	10000342 <main+0x10e>
100002ca:	446c      	add	r4, sp
100002cc:	a801      	add	r0, sp, #4
100002ce:	f884 6020 	strb.w	r6, [r4, #32]
100002d2:	f000 fb5d 	bl	10000990 <emg_cal_run>
100002d6:	2800      	cmp	r0, #0
100002d8:	d0ca      	beq.n	10000270 <main+0x3c>
100002da:	4828      	ldr	r0, [pc, #160]	@ (1000037c <main+0x148>)
100002dc:	f004 fbc2 	bl	10004a64 <__wrap_puts>
100002e0:	2400      	movs	r4, #0
100002e2:	f004 fb45 	bl	10004970 <__wrap_getchar>
100002e6:	280a      	cmp	r0, #10
100002e8:	f104 0301 	add.w	r3, r4, #1
100002ec:	d018      	beq.n	10000320 <main+0xec>
100002ee:	280d      	cmp	r0, #13
100002f0:	bf0c      	ite	eq
100002f2:	2201      	moveq	r2, #1
100002f4:	2200      	movne	r2, #0
100002f6:	702a      	strb	r2, [r5, #0]
100002f8:	d014      	beq.n	10000324 <main+0xf0>
100002fa:	282c      	cmp	r0, #44	@ 0x2c
100002fc:	d0f1      	beq.n	100002e2 <main+0xae>
100002fe:	f104 0240 	add.w	r2, r4, #64	@ 0x40
10000302:	2b1f      	cmp	r3, #31
10000304:	446a      	add	r2, sp
10000306:	d8ec      	bhi.n	100002e2 <main+0xae>
10000308:	2820      	cmp	r0, #32
1000030a:	bf08      	it	eq
1000030c:	205f      	moveq	r0, #95	@ 0x5f
1000030e:	f802 0c20 	strb.w	r0, [r2, #-32]
10000312:	461c      	mov	r4, r3
10000314:	f004 fb2c 	bl	10004970 <__wrap_getchar>
10000318:	280a      	cmp	r0, #10
1000031a:	f104 0301 	add.w	r3, r4, #1
1000031e:	d1e6      	bne.n	100002ee <main+0xba>
10000320:	782b      	ldrb	r3, [r5, #0]
10000322:	b983      	cbnz	r3, 10000346 <main+0x112>
10000324:	446c      	add	r4, sp
10000326:	f884 6020 	strb.w	r6, [r4, #32]
1000032a:	f8bd 3020 	ldrh.w	r3, [sp, #32]
1000032e:	2b63      	cmp	r3, #99	@ 0x63
10000330:	d09e      	beq.n	10000270 <main+0x3c>
10000332:	f89d 3020 	ldrb.w	r3, [sp, #32]
10000336:	b143      	cbz	r3, 1000034a <main+0x116>
10000338:	a908      	add	r1, sp, #32
1000033a:	a801      	add	r0, sp, #4
1000033c:	f000 fe04 	bl	10000f48 <emg_cal_trial>
10000340:	e7cb      	b.n	100002da <main+0xa6>
10000342:	702e      	strb	r6, [r5, #0]
10000344:	e79f      	b.n	10000286 <main+0x52>
10000346:	702e      	strb	r6, [r5, #0]
10000348:	e7cb      	b.n	100002e2 <main+0xae>
1000034a:	e897 0003 	ldmia.w	r7, {r0, r1}
1000034e:	9008      	str	r0, [sp, #32]
10000350:	f8ad 1024 	strh.w	r1, [sp, #36]	@ 0x24
10000354:	e7f0      	b.n	10000338 <main+0x104>
10000356:	bf00      	nop
10000358:	10007640 	.word	0x10007640
1000035c:	10007658 	.word	0x10007658
10000360:	10007664 	.word	0x10007664
10000364:	2000252b 	.word	0x2000252b
10000368:	10007704 	.word	0x10007704
1000036c:	1000766c 	.word	0x1000766c
10000370:	10007690 	.word	0x10007690
10000374:	100076a8 	.word	0x100076a8
10000378:	100078c8 	.word	0x100078c8
1000037c:	100076b4 	.word	0x100076b4

10000380 <emg_init>:
10000380:	b508      	push	{r3, lr}
10000382:	f006 ff79 	bl	10007278 <adc_init>
10000386:	211f      	movs	r1, #31
10000388:	201a      	movs	r0, #26
1000038a:	f001 f8e5 	bl	10001558 <gpio_set_function>
1000038e:	2200      	movs	r2, #0
10000390:	201a      	movs	r0, #26
10000392:	4611      	mov	r1, r2
10000394:	f001 f8fe 	bl	10001594 <gpio_set_pulls>
10000398:	2100      	movs	r1, #0
1000039a:	201a      	movs	r0, #26
1000039c:	f001 f90e 	bl	100015bc <gpio_set_input_enabled>
100003a0:	4b03      	ldr	r3, [pc, #12]	@ (100003b0 <emg_init+0x30>)
100003a2:	4a04      	ldr	r2, [pc, #16]	@ (100003b4 <emg_init+0x34>)
100003a4:	681b      	ldr	r3, [r3, #0]
100003a6:	f403 4370 	and.w	r3, r3, #61440	@ 0xf000
100003aa:	6013      	str	r3, [r2, #0]
100003ac:	bd08      	pop	{r3, pc}
100003ae:	bf00      	nop
100003b0:	400a0000 	.word	0x400a0000
100003b4:	400a1000 	.word	0x400a1000

100003b8 <emg_read_voltage>:
100003b8:	2104      	movs	r1, #4
100003ba:	4b0b      	ldr	r3, [pc, #44]	@ (100003e8 <emg_read_voltage+0x30>)
100003bc:	4a0b      	ldr	r2, [pc, #44]	@ (100003ec <emg_read_voltage+0x34>)
100003be:	6019      	str	r1, [r3, #0]
100003c0:	6813      	ldr	r3, [r2, #0]
100003c2:	05db      	lsls	r3, r3, #23
100003c4:	d5fc      	bpl.n	100003c0 <emg_read_voltage+0x8>
100003c6:	6853      	ldr	r3, [r2, #4]
100003c8:	eddf 6a09 	vldr	s13, [pc, #36]	@ 100003f0 <emg_read_voltage+0x38>
100003cc:	b29b      	uxth	r3, r3
100003ce:	ee07 3a90 	vmov	s15, r3
100003d2:	eef8 7ae7 	vcvt.f32.s32	s15, s15
100003d6:	ed9f 7a07 	vldr	s14, [pc, #28]	@ 100003f4 <emg_read_voltage+0x3c>
100003da:	ee67 7aa6 	vmul.f32	s15, s15, s13
100003de:	eec7 7a87 	vdiv.f32	s15, s15, s14
100003e2:	ee17 0a90 	vmov	r0, s15
100003e6:	4770      	bx	lr
100003e8:	400a2000 	.word	0x400a2000
100003ec:	400a0000 	.word	0x400a0000
100003f0:	40533333 	.word	0x40533333
100003f4:	457ff000 	.word	0x457ff000

100003f8 <set_window>:
100003f8:	b5f0      	push	{r4, r5, r6, r7, lr}
100003fa:	2500      	movs	r5, #0
100003fc:	b085      	sub	sp, #20
100003fe:	f88d 100d 	strb.w	r1, [sp, #13]
10000402:	212a      	movs	r1, #42	@ 0x2a
10000404:	ba5b      	rev16	r3, r3
10000406:	f8ad 300e 	strh.w	r3, [sp, #14]
1000040a:	0a03      	lsrs	r3, r0, #8
1000040c:	462c      	mov	r4, r5
1000040e:	f88d 500c 	strb.w	r5, [sp, #12]
10000412:	f363 0507 	bfi	r5, r3, #0, #8
10000416:	f360 250f 	bfi	r5, r0, #8, #8
1000041a:	0a13      	lsrs	r3, r2, #8
1000041c:	f363 4517 	bfi	r5, r3, #16, #8
10000420:	f362 651f 	bfi	r5, r2, #24, #8
10000424:	2714      	movs	r7, #20
10000426:	f88d 1007 	strb.w	r1, [sp, #7]
1000042a:	9502      	str	r5, [sp, #8]
1000042c:	ec44 7040 	gpioc_bit_out_put r7, r4
10000430:	2511      	movs	r5, #17
10000432:	ec44 5040 	gpioc_bit_out_put r5, r4
10000436:	2201      	movs	r2, #1
10000438:	f10d 0107 	add.w	r1, sp, #7
1000043c:	481e      	ldr	r0, [pc, #120]	@ (100004b8 <set_window+0xc0>)
1000043e:	f007 f8d7 	bl	100075f0 <__spi_write_blocking_veneer>
10000442:	f04f 0601 	mov.w	r6, #1
10000446:	ec46 5040 	gpioc_bit_out_put r5, r6
1000044a:	ec46 7040 	gpioc_bit_out_put r7, r6
1000044e:	ec44 5040 	gpioc_bit_out_put r5, r4
10000452:	2204      	movs	r2, #4
10000454:	a902      	add	r1, sp, #8
10000456:	4818      	ldr	r0, [pc, #96]	@ (100004b8 <set_window+0xc0>)
10000458:	f007 f8ca 	bl	100075f0 <__spi_write_blocking_veneer>
1000045c:	ec46 5040 	gpioc_bit_out_put r5, r6
10000460:	232b      	movs	r3, #43	@ 0x2b
10000462:	f88d 3007 	strb.w	r3, [sp, #7]
10000466:	ec44 7040 	gpioc_bit_out_put r7, r4
1000046a:	ec44 5040 	gpioc_bit_out_put r5, r4
1000046e:	2201      	movs	r2, #1
10000470:	f10d 0107 	add.w	r1, sp, #7
10000474:	4810      	ldr	r0, [pc, #64]	@ (100004b8 <set_window+0xc0>)
10000476:	f007 f8bb 	bl	100075f0 <__spi_write_blocking_veneer>
1000047a:	ec46 5040 	gpioc_bit_out_put r5, r6
1000047e:	ec46 7040 	gpioc_bit_out_put r7, r6
10000482:	ec44 5040 	gpioc_bit_out_put r5, r4
10000486:	2204      	movs	r2, #4
10000488:	a903      	add	r1, sp, #12
1000048a:	480b      	ldr	r0, [pc, #44]	@ (100004b8 <set_window+0xc0>)
1000048c:	f007 f8b0 	bl	100075f0 <__spi_write_blocking_veneer>
10000490:	ec46 5040 	gpioc_bit_out_put r5, r6
10000494:	232c      	movs	r3, #44	@ 0x2c
10000496:	f88d 3007 	strb.w	r3, [sp, #7]
1000049a:	ec44 7040 	gpioc_bit_out_put r7, r4
1000049e:	ec44 5040 	gpioc_bit_out_put r5, r4
100004a2:	2201      	movs	r2, #1
100004a4:	f10d 0107 	add.w	r1, sp, #7
100004a8:	4803      	ldr	r0, [pc, #12]	@ (100004b8 <set_window+0xc0>)
100004aa:	f007 f8a1 	bl	100075f0 <__spi_write_blocking_veneer>
100004ae:	ec46 5040 	gpioc_bit_out_put r5, r6
100004b2:	b005      	add	sp, #20
100004b4:	bdf0      	pop	{r4, r5, r6, r7, pc}
100004b6:	bf00      	nop
100004b8:	40080000 	.word	0x40080000

100004bc <lcd_fill_rect.part.0>:
100004bc:	b570      	push	{r4, r5, r6, lr}
100004be:	461e      	mov	r6, r3
100004c0:	1883      	adds	r3, r0, r2
100004c2:	b090      	sub	sp, #64	@ 0x40
100004c4:	f5b3 7fa0 	cmp.w	r3, #320	@ 0x140
100004c8:	f8bd c050 	ldrh.w	ip, [sp, #80]	@ 0x50
100004cc:	dc4b      	bgt.n	10000566 <lcd_fill_rect.part.0+0xaa>
100004ce:	4614      	mov	r4, r2
100004d0:	3a01      	subs	r2, #1
100004d2:	4402      	add	r2, r0
100004d4:	b292      	uxth	r2, r2
100004d6:	198b      	adds	r3, r1, r6
100004d8:	2bf0      	cmp	r3, #240	@ 0xf0
100004da:	dc3f      	bgt.n	1000055c <lcd_fill_rect.part.0+0xa0>
100004dc:	1e73      	subs	r3, r6, #1
100004de:	440b      	add	r3, r1
100004e0:	b29b      	uxth	r3, r3
100004e2:	2500      	movs	r5, #0
100004e4:	ea4f 2e1c 	mov.w	lr, ip, lsr #8
100004e8:	f36e 0507 	bfi	r5, lr, #0, #8
100004ec:	fa5f fc8c 	uxtb.w	ip, ip
100004f0:	f36c 250f 	bfi	r5, ip, #8, #8
100004f4:	f36e 4517 	bfi	r5, lr, #16, #8
100004f8:	f36c 651f 	bfi	r5, ip, #24, #8
100004fc:	e9cd 5500 	strd	r5, r5, [sp]
10000500:	e9cd 5502 	strd	r5, r5, [sp, #8]
10000504:	e9cd 5504 	strd	r5, r5, [sp, #16]
10000508:	e9cd 5506 	strd	r5, r5, [sp, #24]
1000050c:	e9cd 5508 	strd	r5, r5, [sp, #32]
10000510:	e9cd 550a 	strd	r5, r5, [sp, #40]	@ 0x28
10000514:	e9cd 550c 	strd	r5, r5, [sp, #48]	@ 0x30
10000518:	e9cd 550e 	strd	r5, r5, [sp, #56]	@ 0x38
1000051c:	f7ff ff6c 	bl	100003f8 <set_window>
10000520:	2314      	movs	r3, #20
10000522:	f04f 0201 	mov.w	r2, #1
10000526:	ec42 3040 	gpioc_bit_out_put r3, r2
1000052a:	2311      	movs	r3, #17
1000052c:	f04f 0200 	mov.w	r2, #0
10000530:	ec42 3040 	gpioc_bit_out_put r3, r2
10000534:	fb06 f404 	mul.w	r4, r6, r4
10000538:	2c20      	cmp	r4, #32
1000053a:	4625      	mov	r5, r4
1000053c:	bf28      	it	cs
1000053e:	2520      	movcs	r5, #32
10000540:	4669      	mov	r1, sp
10000542:	480c      	ldr	r0, [pc, #48]	@ (10000574 <lcd_fill_rect.part.0+0xb8>)
10000544:	006a      	lsls	r2, r5, #1
10000546:	f007 f853 	bl	100075f0 <__spi_write_blocking_veneer>
1000054a:	1b64      	subs	r4, r4, r5
1000054c:	d1f4      	bne.n	10000538 <lcd_fill_rect.part.0+0x7c>
1000054e:	2311      	movs	r3, #17
10000550:	f04f 0201 	mov.w	r2, #1
10000554:	ec42 3040 	gpioc_bit_out_put r3, r2
10000558:	b010      	add	sp, #64	@ 0x40
1000055a:	bd70      	pop	{r4, r5, r6, pc}
1000055c:	f1c1 06f0 	rsb	r6, r1, #240	@ 0xf0
10000560:	23ef      	movs	r3, #239	@ 0xef
10000562:	b2b6      	uxth	r6, r6
10000564:	e7bd      	b.n	100004e2 <lcd_fill_rect.part.0+0x26>
10000566:	f5c0 74a0 	rsb	r4, r0, #320	@ 0x140
1000056a:	f240 123f 	movw	r2, #319	@ 0x13f
1000056e:	b2a4      	uxth	r4, r4
10000570:	e7b1      	b.n	100004d6 <lcd_fill_rect.part.0+0x1a>
10000572:	bf00      	nop
10000574:	40080000 	.word	0x40080000

10000578 <lcd_init>:
10000578:	e92d 47f0 	stmdb	sp!, {r4, r5, r6, r7, r8, r9, sl, lr}
1000057c:	2702      	movs	r7, #2
1000057e:	f04f 0901 	mov.w	r9, #1
10000582:	4c80      	ldr	r4, [pc, #512]	@ (10000784 <lcd_init+0x20c>)
10000584:	b096      	sub	sp, #88	@ 0x58
10000586:	4980      	ldr	r1, [pc, #512]	@ (10000788 <lcd_init+0x210>)
10000588:	4620      	mov	r0, r4
1000058a:	f006 fe8d 	bl	100072a8 <spi_init>
1000058e:	4b7f      	ldr	r3, [pc, #508]	@ (1000078c <lcd_init+0x214>)
10000590:	6862      	ldr	r2, [r4, #4]
10000592:	605f      	str	r7, [r3, #4]
10000594:	6823      	ldr	r3, [r4, #0]
10000596:	4e7e      	ldr	r6, [pc, #504]	@ (10000790 <lcd_init+0x218>)
10000598:	4d7e      	ldr	r5, [pc, #504]	@ (10000794 <lcd_init+0x21c>)
1000059a:	f083 0307 	eor.w	r3, r3, #7
1000059e:	403a      	ands	r2, r7
100005a0:	f003 03cf 	and.w	r3, r3, #207	@ 0xcf
100005a4:	6033      	str	r3, [r6, #0]
100005a6:	2101      	movs	r1, #1
100005a8:	606a      	str	r2, [r5, #4]
100005aa:	2012      	movs	r0, #18
100005ac:	f000 ffd4 	bl	10001558 <gpio_set_function>
100005b0:	2101      	movs	r1, #1
100005b2:	2013      	movs	r0, #19
100005b4:	f000 ffd0 	bl	10001558 <gpio_set_function>
100005b8:	4b77      	ldr	r3, [pc, #476]	@ (10000798 <lcd_init+0x220>)
100005ba:	ae02      	add	r6, sp, #8
100005bc:	cb0f      	ldmia	r3, {r0, r1, r2, r3}
100005be:	e886 000f 	stmia.w	r6, {r0, r1, r2, r3}
100005c2:	ad06      	add	r5, sp, #24
100005c4:	f856 7b04 	ldr.w	r7, [r6], #4
100005c8:	f04f 0401 	mov.w	r4, #1
100005cc:	4638      	mov	r0, r7
100005ce:	f001 f805 	bl	100015dc <gpio_init>
100005d2:	ec44 7044 	gpioc_bit_oe_put r7, r4
100005d6:	42b5      	cmp	r5, r6
100005d8:	d1f4      	bne.n	100005c4 <lcd_init+0x4c>
100005da:	2611      	movs	r6, #17
100005dc:	ec44 6040 	gpioc_bit_out_put r6, r4
100005e0:	2316      	movs	r3, #22
100005e2:	2700      	movs	r7, #0
100005e4:	ec47 3040 	gpioc_bit_out_put r3, r7
100005e8:	f04f 0a15 	mov.w	sl, #21
100005ec:	ec44 a040 	gpioc_bit_out_put sl, r4
100005f0:	200a      	movs	r0, #10
100005f2:	f001 fe9f 	bl	10002334 <sleep_ms>
100005f6:	ec47 a040 	gpioc_bit_out_put sl, r7
100005fa:	200a      	movs	r0, #10
100005fc:	f001 fe9a 	bl	10002334 <sleep_ms>
10000600:	ec44 a040 	gpioc_bit_out_put sl, r4
10000604:	2078      	movs	r0, #120	@ 0x78
10000606:	f001 fe95 	bl	10002334 <sleep_ms>
1000060a:	f88d 9018 	strb.w	r9, [sp, #24]
1000060e:	f04f 0914 	mov.w	r9, #20
10000612:	ec47 9040 	gpioc_bit_out_put r9, r7
10000616:	ec47 6040 	gpioc_bit_out_put r6, r7
1000061a:	2201      	movs	r2, #1
1000061c:	4629      	mov	r1, r5
1000061e:	4859      	ldr	r0, [pc, #356]	@ (10000784 <lcd_init+0x20c>)
10000620:	f006 ffe6 	bl	100075f0 <__spi_write_blocking_veneer>
10000624:	ec44 6040 	gpioc_bit_out_put r6, r4
10000628:	2096      	movs	r0, #150	@ 0x96
1000062a:	f001 fe83 	bl	10002334 <sleep_ms>
1000062e:	f88d 6018 	strb.w	r6, [sp, #24]
10000632:	ec47 9040 	gpioc_bit_out_put r9, r7
10000636:	ec47 6040 	gpioc_bit_out_put r6, r7
1000063a:	2201      	movs	r2, #1
1000063c:	4629      	mov	r1, r5
1000063e:	4851      	ldr	r0, [pc, #324]	@ (10000784 <lcd_init+0x20c>)
10000640:	f006 ffd6 	bl	100075f0 <__spi_write_blocking_veneer>
10000644:	ec44 6040 	gpioc_bit_out_put r6, r4
10000648:	2078      	movs	r0, #120	@ 0x78
1000064a:	f001 fe73 	bl	10002334 <sleep_ms>
1000064e:	2355      	movs	r3, #85	@ 0x55
10000650:	f88d 3006 	strb.w	r3, [sp, #6]
10000654:	2360      	movs	r3, #96	@ 0x60
10000656:	f88d 3007 	strb.w	r3, [sp, #7]
1000065a:	233a      	movs	r3, #58	@ 0x3a
1000065c:	f88d 3018 	strb.w	r3, [sp, #24]
10000660:	ec47 9040 	gpioc_bit_out_put r9, r7
10000664:	ec47 6040 	gpioc_bit_out_put r6, r7
10000668:	2201      	movs	r2, #1
1000066a:	4629      	mov	r1, r5
1000066c:	4845      	ldr	r0, [pc, #276]	@ (10000784 <lcd_init+0x20c>)
1000066e:	f006 ffbf 	bl	100075f0 <__spi_write_blocking_veneer>
10000672:	ec44 6040 	gpioc_bit_out_put r6, r4
10000676:	ec44 9040 	gpioc_bit_out_put r9, r4
1000067a:	ec47 6040 	gpioc_bit_out_put r6, r7
1000067e:	2201      	movs	r2, #1
10000680:	f10d 0106 	add.w	r1, sp, #6
10000684:	483f      	ldr	r0, [pc, #252]	@ (10000784 <lcd_init+0x20c>)
10000686:	f006 ffb3 	bl	100075f0 <__spi_write_blocking_veneer>
1000068a:	ec44 6040 	gpioc_bit_out_put r6, r4
1000068e:	2336      	movs	r3, #54	@ 0x36
10000690:	f88d 3018 	strb.w	r3, [sp, #24]
10000694:	ec47 9040 	gpioc_bit_out_put r9, r7
10000698:	ec47 6040 	gpioc_bit_out_put r6, r7
1000069c:	2201      	movs	r2, #1
1000069e:	4629      	mov	r1, r5
100006a0:	4838      	ldr	r0, [pc, #224]	@ (10000784 <lcd_init+0x20c>)
100006a2:	f006 ffa5 	bl	100075f0 <__spi_write_blocking_veneer>
100006a6:	ec44 6040 	gpioc_bit_out_put r6, r4
100006aa:	ec44 9040 	gpioc_bit_out_put r9, r4
100006ae:	ec47 6040 	gpioc_bit_out_put r6, r7
100006b2:	2201      	movs	r2, #1
100006b4:	f10d 0107 	add.w	r1, sp, #7
100006b8:	4832      	ldr	r0, [pc, #200]	@ (10000784 <lcd_init+0x20c>)
100006ba:	f006 ff99 	bl	100075f0 <__spi_write_blocking_veneer>
100006be:	ec44 6040 	gpioc_bit_out_put r6, r4
100006c2:	2321      	movs	r3, #33	@ 0x21
100006c4:	f88d 3018 	strb.w	r3, [sp, #24]
100006c8:	ec47 9040 	gpioc_bit_out_put r9, r7
100006cc:	ec47 6040 	gpioc_bit_out_put r6, r7
100006d0:	2201      	movs	r2, #1
100006d2:	4629      	mov	r1, r5
100006d4:	482b      	ldr	r0, [pc, #172]	@ (10000784 <lcd_init+0x20c>)
100006d6:	f006 ff8b 	bl	100075f0 <__spi_write_blocking_veneer>
100006da:	ec44 6040 	gpioc_bit_out_put r6, r4
100006de:	2313      	movs	r3, #19
100006e0:	f88d 3018 	strb.w	r3, [sp, #24]
100006e4:	ec47 9040 	gpioc_bit_out_put r9, r7
100006e8:	ec47 6040 	gpioc_bit_out_put r6, r7
100006ec:	2201      	movs	r2, #1
100006ee:	4629      	mov	r1, r5
100006f0:	4824      	ldr	r0, [pc, #144]	@ (10000784 <lcd_init+0x20c>)
100006f2:	f006 ff7d 	bl	100075f0 <__spi_write_blocking_veneer>
100006f6:	ec44 6040 	gpioc_bit_out_put r6, r4
100006fa:	200a      	movs	r0, #10
100006fc:	f001 fe1a 	bl	10002334 <sleep_ms>
10000700:	23ef      	movs	r3, #239	@ 0xef
10000702:	f240 123f 	movw	r2, #319	@ 0x13f
10000706:	4639      	mov	r1, r7
10000708:	4638      	mov	r0, r7
1000070a:	e9cd 7706 	strd	r7, r7, [sp, #24]
1000070e:	e9cd 7708 	strd	r7, r7, [sp, #32]
10000712:	e9cd 770a 	strd	r7, r7, [sp, #40]	@ 0x28
10000716:	e9cd 770c 	strd	r7, r7, [sp, #48]	@ 0x30
1000071a:	e9cd 770e 	strd	r7, r7, [sp, #56]	@ 0x38
1000071e:	e9cd 7710 	strd	r7, r7, [sp, #64]	@ 0x40
10000722:	e9cd 7712 	strd	r7, r7, [sp, #72]	@ 0x48
10000726:	e9cd 7714 	strd	r7, r7, [sp, #80]	@ 0x50
1000072a:	f7ff fe65 	bl	100003f8 <set_window>
1000072e:	ec44 9040 	gpioc_bit_out_put r9, r4
10000732:	ec47 6040 	gpioc_bit_out_put r6, r7
10000736:	f44f 6416 	mov.w	r4, #2400	@ 0x960
1000073a:	2240      	movs	r2, #64	@ 0x40
1000073c:	4629      	mov	r1, r5
1000073e:	4811      	ldr	r0, [pc, #68]	@ (10000784 <lcd_init+0x20c>)
10000740:	f006 ff56 	bl	100075f0 <__spi_write_blocking_veneer>
10000744:	3c01      	subs	r4, #1
10000746:	d1f8      	bne.n	1000073a <lcd_init+0x1c2>
10000748:	2711      	movs	r7, #17
1000074a:	f04f 0601 	mov.w	r6, #1
1000074e:	ec46 7040 	gpioc_bit_out_put r7, r6
10000752:	2229      	movs	r2, #41	@ 0x29
10000754:	2314      	movs	r3, #20
10000756:	f88d 2018 	strb.w	r2, [sp, #24]
1000075a:	ec44 3040 	gpioc_bit_out_put r3, r4
1000075e:	ec44 7040 	gpioc_bit_out_put r7, r4
10000762:	2201      	movs	r2, #1
10000764:	4629      	mov	r1, r5
10000766:	4807      	ldr	r0, [pc, #28]	@ (10000784 <lcd_init+0x20c>)
10000768:	f006 ff42 	bl	100075f0 <__spi_write_blocking_veneer>
1000076c:	ec46 7040 	gpioc_bit_out_put r7, r6
10000770:	200a      	movs	r0, #10
10000772:	f001 fddf 	bl	10002334 <sleep_ms>
10000776:	2316      	movs	r3, #22
10000778:	ec46 3040 	gpioc_bit_out_put r3, r6
1000077c:	b016      	add	sp, #88	@ 0x58
1000077e:	e8bd 87f0 	ldmia.w	sp!, {r4, r5, r6, r7, r8, r9, sl, pc}
10000782:	bf00      	nop
10000784:	40080000 	.word	0x40080000
10000788:	02625a00 	.word	0x02625a00
1000078c:	40083000 	.word	0x40083000
10000790:	40081000 	.word	0x40081000
10000794:	40082000 	.word	0x40082000
10000798:	10007fec 	.word	0x10007fec

1000079c <lcd_fill_rect>:
1000079c:	b470      	push	{r4, r5, r6}
1000079e:	f5b0 7fa0 	cmp.w	r0, #320	@ 0x140
100007a2:	f8bd 600c 	ldrh.w	r6, [sp, #12]
100007a6:	d207      	bcs.n	100007b8 <lcd_fill_rect+0x1c>
100007a8:	29ef      	cmp	r1, #239	@ 0xef
100007aa:	d805      	bhi.n	100007b8 <lcd_fill_rect+0x1c>
100007ac:	b122      	cbz	r2, 100007b8 <lcd_fill_rect+0x1c>
100007ae:	b11b      	cbz	r3, 100007b8 <lcd_fill_rect+0x1c>
100007b0:	9603      	str	r6, [sp, #12]
100007b2:	bc70      	pop	{r4, r5, r6}
100007b4:	f7ff be82 	b.w	100004bc <lcd_fill_rect.part.0>
100007b8:	bc70      	pop	{r4, r5, r6}
100007ba:	4770      	bx	lr

100007bc <lcd_fill>:
100007bc:	4684      	mov	ip, r0
100007be:	b510      	push	{r4, lr}
100007c0:	2400      	movs	r4, #0
100007c2:	ea4f 2e1c 	mov.w	lr, ip, lsr #8
100007c6:	4621      	mov	r1, r4
100007c8:	fa5f fc8c 	uxtb.w	ip, ip
100007cc:	4620      	mov	r0, r4
100007ce:	f36e 0407 	bfi	r4, lr, #0, #8
100007d2:	f36c 240f 	bfi	r4, ip, #8, #8
100007d6:	f36e 4417 	bfi	r4, lr, #16, #8
100007da:	b090      	sub	sp, #64	@ 0x40
100007dc:	f36c 641f 	bfi	r4, ip, #24, #8
100007e0:	23ef      	movs	r3, #239	@ 0xef
100007e2:	f240 123f 	movw	r2, #319	@ 0x13f
100007e6:	e9cd 4400 	strd	r4, r4, [sp]
100007ea:	e9cd 4402 	strd	r4, r4, [sp, #8]
100007ee:	e9cd 4404 	strd	r4, r4, [sp, #16]
100007f2:	e9cd 4406 	strd	r4, r4, [sp, #24]
100007f6:	e9cd 4408 	strd	r4, r4, [sp, #32]
100007fa:	e9cd 440a 	strd	r4, r4, [sp, #40]	@ 0x28
100007fe:	e9cd 440c 	strd	r4, r4, [sp, #48]	@ 0x30
10000802:	e9cd 440e 	strd	r4, r4, [sp, #56]	@ 0x38
10000806:	f7ff fdf7 	bl	100003f8 <set_window>
1000080a:	2314      	movs	r3, #20
1000080c:	f04f 0201 	mov.w	r2, #1
10000810:	ec42 3040 	gpioc_bit_out_put r3, r2
10000814:	2311      	movs	r3, #17
10000816:	f04f 0200 	mov.w	r2, #0
1000081a:	ec42 3040 	gpioc_bit_out_put r3, r2
1000081e:	f44f 6416 	mov.w	r4, #2400	@ 0x960
10000822:	2240      	movs	r2, #64	@ 0x40
10000824:	4669      	mov	r1, sp
10000826:	4806      	ldr	r0, [pc, #24]	@ (10000840 <lcd_fill+0x84>)
10000828:	f006 fee2 	bl	100075f0 <__spi_write_blocking_veneer>
1000082c:	3c01      	subs	r4, #1
1000082e:	d1f8      	bne.n	10000822 <lcd_fill+0x66>
10000830:	2311      	movs	r3, #17
10000832:	f04f 0201 	mov.w	r2, #1
10000836:	ec42 3040 	gpioc_bit_out_put r3, r2
1000083a:	b010      	add	sp, #64	@ 0x40
1000083c:	bd10      	pop	{r4, pc}
1000083e:	bf00      	nop
10000840:	40080000 	.word	0x40080000

10000844 <lcd_draw_text>:
10000844:	e92d 4ff0 	stmdb	sp!, {r4, r5, r6, r7, r8, r9, sl, fp, lr}
10000848:	461e      	mov	r6, r3
1000084a:	7813      	ldrb	r3, [r2, #0]
1000084c:	b089      	sub	sp, #36	@ 0x24
1000084e:	f8bd a048 	ldrh.w	sl, [sp, #72]	@ 0x48
10000852:	f8bd 904c 	ldrh.w	r9, [sp, #76]	@ 0x4c
10000856:	9103      	str	r1, [sp, #12]
10000858:	2b00      	cmp	r3, #0
1000085a:	f000 8082 	beq.w	10000962 <lcd_draw_text+0x11e>
1000085e:	eb06 0586 	add.w	r5, r6, r6, lsl #2
10000862:	4405      	add	r5, r0
10000864:	4690      	mov	r8, r2
10000866:	b2ad      	uxth	r5, r5
10000868:	46ab      	mov	fp, r5
1000086a:	4607      	mov	r7, r0
1000086c:	464d      	mov	r5, r9
1000086e:	eb06 0246 	add.w	r2, r6, r6, lsl #1
10000872:	0052      	lsls	r2, r2, #1
10000874:	9207      	str	r2, [sp, #28]
10000876:	f8cd 8010 	str.w	r8, [sp, #16]
1000087a:	3b20      	subs	r3, #32
1000087c:	b2da      	uxtb	r2, r3
1000087e:	2a5e      	cmp	r2, #94	@ 0x5e
10000880:	bf88      	it	hi
10000882:	239b      	movhi	r3, #155	@ 0x9b
10000884:	4a38      	ldr	r2, [pc, #224]	@ (10000968 <lcd_draw_text+0x124>)
10000886:	bf98      	it	ls
10000888:	eb03 0383 	addls.w	r3, r3, r3, lsl #2
1000088c:	4413      	add	r3, r2
1000088e:	1e5a      	subs	r2, r3, #1
10000890:	f103 0904 	add.w	r9, r3, #4
10000894:	f8cd b014 	str.w	fp, [sp, #20]
10000898:	464b      	mov	r3, r9
1000089a:	4693      	mov	fp, r2
1000089c:	9706      	str	r7, [sp, #24]
1000089e:	f5b7 7fa0 	cmp.w	r7, #320	@ 0x140
100008a2:	f10b 0b01 	add.w	fp, fp, #1
100008a6:	d232      	bcs.n	1000090e <lcd_draw_text+0xca>
100008a8:	b38e      	cbz	r6, 1000090e <lcd_draw_text+0xca>
100008aa:	f89b 9000 	ldrb.w	r9, [fp]
100008ae:	465c      	mov	r4, fp
100008b0:	46bb      	mov	fp, r7
100008b2:	464f      	mov	r7, r9
100008b4:	9302      	str	r3, [sp, #8]
100008b6:	f04f 0900 	mov.w	r9, #0
100008ba:	f8dd 800c 	ldr.w	r8, [sp, #12]
100008be:	fa47 f109 	asr.w	r1, r7, r9
100008c2:	f011 0f01 	tst.w	r1, #1
100008c6:	bf0c      	ite	eq
100008c8:	46ac      	moveq	ip, r5
100008ca:	46d4      	movne	ip, sl
100008cc:	f1b8 0fef 	cmp.w	r8, #239	@ 0xef
100008d0:	d807      	bhi.n	100008e2 <lcd_draw_text+0x9e>
100008d2:	4633      	mov	r3, r6
100008d4:	4632      	mov	r2, r6
100008d6:	4641      	mov	r1, r8
100008d8:	4658      	mov	r0, fp
100008da:	f8cd c000 	str.w	ip, [sp]
100008de:	f7ff fded 	bl	100004bc <lcd_fill_rect.part.0>
100008e2:	f109 0901 	add.w	r9, r9, #1
100008e6:	44b0      	add	r8, r6
100008e8:	f1b9 0f07 	cmp.w	r9, #7
100008ec:	fa1f f888 	uxth.w	r8, r8
100008f0:	d1e5      	bne.n	100008be <lcd_draw_text+0x7a>
100008f2:	9b02      	ldr	r3, [sp, #8]
100008f4:	eb06 000b 	add.w	r0, r6, fp
100008f8:	429c      	cmp	r4, r3
100008fa:	fa1f fb80 	uxth.w	fp, r0
100008fe:	d00a      	beq.n	10000916 <lcd_draw_text+0xd2>
10000900:	f5bb 7fa0 	cmp.w	fp, #320	@ 0x140
10000904:	f814 7f01 	ldrb.w	r7, [r4, #1]!
10000908:	d3d5      	bcc.n	100008b6 <lcd_draw_text+0x72>
1000090a:	465f      	mov	r7, fp
1000090c:	46a3      	mov	fp, r4
1000090e:	4437      	add	r7, r6
10000910:	455b      	cmp	r3, fp
10000912:	b2bf      	uxth	r7, r7
10000914:	d1c3      	bne.n	1000089e <lcd_draw_text+0x5a>
10000916:	e9dd b705 	ldrd	fp, r7, [sp, #20]
1000091a:	f5bb 7fa0 	cmp.w	fp, #320	@ 0x140
1000091e:	d214      	bcs.n	1000094a <lcd_draw_text+0x106>
10000920:	b19e      	cbz	r6, 1000094a <lcd_draw_text+0x106>
10000922:	9903      	ldr	r1, [sp, #12]
10000924:	2407      	movs	r4, #7
10000926:	4688      	mov	r8, r1
10000928:	f1b8 0fef 	cmp.w	r8, #239	@ 0xef
1000092c:	d806      	bhi.n	1000093c <lcd_draw_text+0xf8>
1000092e:	4633      	mov	r3, r6
10000930:	4632      	mov	r2, r6
10000932:	4641      	mov	r1, r8
10000934:	4658      	mov	r0, fp
10000936:	9500      	str	r5, [sp, #0]
10000938:	f7ff fdc0 	bl	100004bc <lcd_fill_rect.part.0>
1000093c:	3c01      	subs	r4, #1
1000093e:	44b0      	add	r8, r6
10000940:	b2a4      	uxth	r4, r4
10000942:	fa1f f888 	uxth.w	r8, r8
10000946:	2c00      	cmp	r4, #0
10000948:	d1ee      	bne.n	10000928 <lcd_draw_text+0xe4>
1000094a:	9a04      	ldr	r2, [sp, #16]
1000094c:	f812 3f01 	ldrb.w	r3, [r2, #1]!
10000950:	9204      	str	r2, [sp, #16]
10000952:	9a07      	ldr	r2, [sp, #28]
10000954:	4417      	add	r7, r2
10000956:	4493      	add	fp, r2
10000958:	b2bf      	uxth	r7, r7
1000095a:	fa1f fb8b 	uxth.w	fp, fp
1000095e:	2b00      	cmp	r3, #0
10000960:	d18b      	bne.n	1000087a <lcd_draw_text+0x36>
10000962:	b009      	add	sp, #36	@ 0x24
10000964:	e8bd 8ff0 	ldmia.w	sp!, {r4, r5, r6, r7, r8, r9, sl, fp, pc}
10000968:	10007e10 	.word	0x10007e10

1000096c <lcd_text_width>:
1000096c:	b510      	push	{r4, lr}
1000096e:	460c      	mov	r4, r1
10000970:	f006 fdde 	bl	10007530 <strlen>
10000974:	b130      	cbz	r0, 10000984 <lcd_text_width+0x18>
10000976:	eb00 0040 	add.w	r0, r0, r0, lsl #1
1000097a:	0040      	lsls	r0, r0, #1
1000097c:	3801      	subs	r0, #1
1000097e:	fb10 f004 	smulbb	r0, r0, r4
10000982:	b280      	uxth	r0, r0
10000984:	bd10      	pop	{r4, pc}
10000986:	bf00      	nop

10000988 <lcd_text_height>:
10000988:	ebc0 00c0 	rsb	r0, r0, r0, lsl #3
1000098c:	b280      	uxth	r0, r0
1000098e:	4770      	bx	lr

10000990 <emg_cal_run>:
10000990:	e92d 4ff0 	stmdb	sp!, {r4, r5, r6, r7, r8, r9, sl, fp, lr}
10000994:	ed2d 8b0a 	vpush	{d8-d12}
10000998:	4680      	mov	r8, r0
1000099a:	b09d      	sub	sp, #116	@ 0x74
1000099c:	48da      	ldr	r0, [pc, #872]	@ (10000d08 <emg_cal_run+0x378>)
1000099e:	f004 f861 	bl	10004a64 <__wrap_puts>
100009a2:	48da      	ldr	r0, [pc, #872]	@ (10000d0c <emg_cal_run+0x37c>)
100009a4:	f004 f85e 	bl	10004a64 <__wrap_puts>
100009a8:	48d9      	ldr	r0, [pc, #868]	@ (10000d10 <emg_cal_run+0x380>)
100009aa:	f004 f85b 	bl	10004a64 <__wrap_puts>
100009ae:	2403      	movs	r4, #3
100009b0:	4623      	mov	r3, r4
100009b2:	4ad8      	ldr	r2, [pc, #864]	@ (10000d14 <emg_cal_run+0x384>)
100009b4:	2108      	movs	r1, #8
100009b6:	a80c      	add	r0, sp, #48	@ 0x30
100009b8:	f003 fe22 	bl	10004600 <__wrap_snprintf>
100009bc:	4621      	mov	r1, r4
100009be:	48d6      	ldr	r0, [pc, #856]	@ (10000d18 <emg_cal_run+0x388>)
100009c0:	f004 f8d0 	bl	10004b64 <__wrap_printf>
100009c4:	f24c 3080 	movw	r0, #50048	@ 0xc380
100009c8:	4bd4      	ldr	r3, [pc, #848]	@ (10000d1c <emg_cal_run+0x38c>)
100009ca:	49d5      	ldr	r1, [pc, #852]	@ (10000d20 <emg_cal_run+0x390>)
100009cc:	aa0c      	add	r2, sp, #48	@ 0x30
100009ce:	f000 fc87 	bl	100012e0 <ui_screen>
100009d2:	f44f 707a 	mov.w	r0, #1000	@ 0x3e8
100009d6:	f001 fcad 	bl	10002334 <sleep_ms>
100009da:	3c01      	subs	r4, #1
100009dc:	d1e8      	bne.n	100009b0 <emg_cal_run+0x20>
100009de:	48d1      	ldr	r0, [pc, #836]	@ (10000d24 <emg_cal_run+0x394>)
100009e0:	f004 f840 	bl	10004a64 <__wrap_puts>
100009e4:	f241 10f3 	movw	r0, #4595	@ 0x11f3
100009e8:	4bcf      	ldr	r3, [pc, #828]	@ (10000d28 <emg_cal_run+0x398>)
100009ea:	4ad0      	ldr	r2, [pc, #832]	@ (10000d2c <emg_cal_run+0x39c>)
100009ec:	49cc      	ldr	r1, [pc, #816]	@ (10000d20 <emg_cal_run+0x390>)
100009ee:	f000 fc77 	bl	100012e0 <ui_screen>
100009f2:	2408      	movs	r4, #8
100009f4:	eddf 8ace 	vldr	s17, [pc, #824]	@ 10000d30 <emg_cal_run+0x3a0>
100009f8:	f7ff fcde 	bl	100003b8 <emg_read_voltage>
100009fc:	ee07 0a90 	vmov	s15, r0
10000a00:	3c01      	subs	r4, #1
10000a02:	ee78 8aa7 	vadd.f32	s17, s17, s15
10000a06:	d1f7      	bne.n	100009f8 <emg_cal_run+0x68>
10000a08:	f001 fd86 	bl	10002518 <time_us_64>
10000a0c:	eeb4 aa00 	vmov.f32	s20, #64	@ 0x3e000000  0.125
10000a10:	eddf 9ac7 	vldr	s19, [pc, #796]	@ 10000d30 <emg_cal_run+0x3a0>
10000a14:	ee68 8a8a 	vmul.f32	s17, s17, s20
10000a18:	ed9f bac6 	vldr	s22, [pc, #792]	@ 10000d34 <emg_cal_run+0x3a4>
10000a1c:	eddf aac6 	vldr	s21, [pc, #792]	@ 10000d38 <emg_cal_run+0x3a8>
10000a20:	4606      	mov	r6, r0
10000a22:	eeb0 9a69 	vmov.f32	s18, s19
10000a26:	460f      	mov	r7, r1
10000a28:	2508      	movs	r5, #8
10000a2a:	ed9f 8ac1 	vldr	s16, [pc, #772]	@ 10000d30 <emg_cal_run+0x3a0>
10000a2e:	f7ff fcc3 	bl	100003b8 <emg_read_voltage>
10000a32:	ee07 0a90 	vmov	s15, r0
10000a36:	3d01      	subs	r5, #1
10000a38:	ee38 8a27 	vadd.f32	s16, s16, s15
10000a3c:	d1f7      	bne.n	10000a2e <emg_cal_run+0x9e>
10000a3e:	ee68 8a8b 	vmul.f32	s17, s17, s22
10000a42:	ee28 8a0a 	vmul.f32	s16, s16, s20
10000a46:	3401      	adds	r4, #1
10000a48:	ee07 4a90 	vmov	s15, r4
10000a4c:	eee8 8a2a 	vfma.f32	s17, s16, s21
10000a50:	eef8 6ae7 	vcvt.f32.s32	s13, s15
10000a54:	ee78 7ac9 	vsub.f32	s15, s17, s18
10000a58:	ee87 7aa6 	vdiv.f32	s14, s15, s13
10000a5c:	f242 7310 	movw	r3, #10000	@ 0x2710
10000a60:	f04f 31ff 	mov.w	r1, #4294967295
10000a64:	f06f 4200 	mvn.w	r2, #2147483648	@ 0x80000000
10000a68:	ee39 9a07 	vadd.f32	s18, s18, s14
10000a6c:	18f3      	adds	r3, r6, r3
10000a6e:	f147 0700 	adc.w	r7, r7, #0
10000a72:	4299      	cmp	r1, r3
10000a74:	461e      	mov	r6, r3
10000a76:	eb72 0307 	sbcs.w	r3, r2, r7
10000a7a:	bf3c      	itt	cc
10000a7c:	460e      	movcc	r6, r1
10000a7e:	4617      	movcc	r7, r2
10000a80:	ee38 7ac9 	vsub.f32	s14, s17, s18
10000a84:	4630      	mov	r0, r6
10000a86:	4639      	mov	r1, r7
10000a88:	eee7 9a87 	vfma.f32	s19, s15, s14
10000a8c:	f001 fbf4 	bl	10002278 <sleep_until>
10000a90:	f5b4 7ffa 	cmp.w	r4, #500	@ 0x1f4
10000a94:	d1c8      	bne.n	10000a28 <emg_cal_run+0x98>
10000a96:	ed9f 7aa9 	vldr	s14, [pc, #676]	@ 10000d3c <emg_cal_run+0x3ac>
10000a9a:	eec9 7a87 	vdiv.f32	s15, s19, s14
10000a9e:	eef5 7a40 	vcmp.f32	s15, #0.0
10000aa2:	eef1 fa10 	vmrs	APSR_nzcv, fpscr
10000aa6:	ed88 9a00 	vstr	s18, [r8]
10000aaa:	f100 821c 	bmi.w	10000ee6 <emg_cal_run+0x556>
10000aae:	eeb1 8ae7 	vsqrt.f32	s16, s15
10000ab2:	ee18 0a10 	vmov	r0, s16
10000ab6:	f006 fd73 	bl	100075a0 <____aeabi_f2d_veneer>
10000aba:	4606      	mov	r6, r0
10000abc:	460f      	mov	r7, r1
10000abe:	ed88 8a01 	vstr	s16, [r8, #4]
10000ac2:	ee19 0a10 	vmov	r0, s18
10000ac6:	f006 fd6b 	bl	100075a0 <____aeabi_f2d_veneer>
10000aca:	ed9f ca99 	vldr	s24, [pc, #612]	@ 10000d30 <emg_cal_run+0x3a0>
10000ace:	4602      	mov	r2, r0
10000ad0:	460b      	mov	r3, r1
10000ad2:	e9cd 6700 	strd	r6, r7, [sp]
10000ad6:	489a      	ldr	r0, [pc, #616]	@ (10000d40 <emg_cal_run+0x3b0>)
10000ad8:	f004 f844 	bl	10004b64 <__wrap_printf>
10000adc:	eddf aa95 	vldr	s21, [pc, #596]	@ 10000d34 <emg_cal_run+0x3a4>
10000ae0:	ed9f aa95 	vldr	s20, [pc, #596]	@ 10000d38 <emg_cal_run+0x3a8>
10000ae4:	eef0 ba4c 	vmov.f32	s23, s24
10000ae8:	eeb0 ba4c 	vmov.f32	s22, s24
10000aec:	f108 0a10 	add.w	sl, r8, #16
10000af0:	2403      	movs	r4, #3
10000af2:	f105 0901 	add.w	r9, r5, #1
10000af6:	464b      	mov	r3, r9
10000af8:	2140      	movs	r1, #64	@ 0x40
10000afa:	4a92      	ldr	r2, [pc, #584]	@ (10000d44 <emg_cal_run+0x3b4>)
10000afc:	a80c      	add	r0, sp, #48	@ 0x30
10000afe:	9400      	str	r4, [sp, #0]
10000b00:	f003 fd7e 	bl	10004600 <__wrap_snprintf>
10000b04:	2110      	movs	r1, #16
10000b06:	464b      	mov	r3, r9
10000b08:	4a8f      	ldr	r2, [pc, #572]	@ (10000d48 <emg_cal_run+0x3b8>)
10000b0a:	9400      	str	r4, [sp, #0]
10000b0c:	a808      	add	r0, sp, #32
10000b0e:	f003 fd77 	bl	10004600 <__wrap_snprintf>
10000b12:	a80c      	add	r0, sp, #48	@ 0x30
10000b14:	f003 ffa6 	bl	10004a64 <__wrap_puts>
10000b18:	4623      	mov	r3, r4
10000b1a:	4a7e      	ldr	r2, [pc, #504]	@ (10000d14 <emg_cal_run+0x384>)
10000b1c:	2108      	movs	r1, #8
10000b1e:	a806      	add	r0, sp, #24
10000b20:	f003 fd6e 	bl	10004600 <__wrap_snprintf>
10000b24:	4621      	mov	r1, r4
10000b26:	487c      	ldr	r0, [pc, #496]	@ (10000d18 <emg_cal_run+0x388>)
10000b28:	f004 f81c 	bl	10004b64 <__wrap_printf>
10000b2c:	f24c 3080 	movw	r0, #50048	@ 0xc380
10000b30:	4986      	ldr	r1, [pc, #536]	@ (10000d4c <emg_cal_run+0x3bc>)
10000b32:	ab08      	add	r3, sp, #32
10000b34:	aa06      	add	r2, sp, #24
10000b36:	f000 fbd3 	bl	100012e0 <ui_screen>
10000b3a:	f44f 707a 	mov.w	r0, #1000	@ 0x3e8
10000b3e:	f001 fbf9 	bl	10002334 <sleep_ms>
10000b42:	3c01      	subs	r4, #1
10000b44:	d1e8      	bne.n	10000b18 <emg_cal_run+0x188>
10000b46:	4882      	ldr	r0, [pc, #520]	@ (10000d50 <emg_cal_run+0x3c0>)
10000b48:	f003 ff8c 	bl	10004a64 <__wrap_puts>
10000b4c:	f24c 0082 	movw	r0, #49282	@ 0xc082
10000b50:	4a80      	ldr	r2, [pc, #512]	@ (10000d54 <emg_cal_run+0x3c4>)
10000b52:	497f      	ldr	r1, [pc, #508]	@ (10000d50 <emg_cal_run+0x3c0>)
10000b54:	ab08      	add	r3, sp, #32
10000b56:	f000 fbc3 	bl	100012e0 <ui_screen>
10000b5a:	2708      	movs	r7, #8
10000b5c:	eddf 8a74 	vldr	s17, [pc, #464]	@ 10000d30 <emg_cal_run+0x3a0>
10000b60:	f7ff fc2a 	bl	100003b8 <emg_read_voltage>
10000b64:	ee07 0a90 	vmov	s15, r0
10000b68:	3f01      	subs	r7, #1
10000b6a:	ee78 8aa7 	vadd.f32	s17, s17, s15
10000b6e:	d1f7      	bne.n	10000b60 <emg_cal_run+0x1d0>
10000b70:	f001 fcd2 	bl	10002518 <time_us_64>
10000b74:	eef4 9a00 	vmov.f32	s19, #64	@ 0x3e000000  0.125
10000b78:	ed9f 9a6d 	vldr	s18, [pc, #436]	@ 10000d30 <emg_cal_run+0x3a0>
10000b7c:	ee68 8aa9 	vmul.f32	s17, s17, s19
10000b80:	4606      	mov	r6, r0
10000b82:	468b      	mov	fp, r1
10000b84:	2408      	movs	r4, #8
10000b86:	ed9f 8a6a 	vldr	s16, [pc, #424]	@ 10000d30 <emg_cal_run+0x3a0>
10000b8a:	f7ff fc15 	bl	100003b8 <emg_read_voltage>
10000b8e:	ee07 0a90 	vmov	s15, r0
10000b92:	3c01      	subs	r4, #1
10000b94:	ee38 8a27 	vadd.f32	s16, s16, s15
10000b98:	d1f7      	bne.n	10000b8a <emg_cal_run+0x1fa>
10000b9a:	ee68 8aaa 	vmul.f32	s17, s17, s21
10000b9e:	ee28 8a29 	vmul.f32	s16, s16, s19
10000ba2:	3701      	adds	r7, #1
10000ba4:	2f01      	cmp	r7, #1
10000ba6:	eee8 8a0a 	vfma.f32	s17, s16, s20
10000baa:	f000 811b 	beq.w	10000de4 <emg_cal_run+0x454>
10000bae:	eeb4 9ae8 	vcmpe.f32	s18, s17
10000bb2:	f242 7310 	movw	r3, #10000	@ 0x2710
10000bb6:	eef1 fa10 	vmrs	APSR_nzcv, fpscr
10000bba:	f04f 31ff 	mov.w	r1, #4294967295
10000bbe:	f06f 4200 	mvn.w	r2, #2147483648	@ 0x80000000
10000bc2:	bf48      	it	mi
10000bc4:	eeb0 9a68 	vmovmi.f32	s18, s17
10000bc8:	18f3      	adds	r3, r6, r3
10000bca:	f14b 0b00 	adc.w	fp, fp, #0
10000bce:	4299      	cmp	r1, r3
10000bd0:	461e      	mov	r6, r3
10000bd2:	eb72 030b 	sbcs.w	r3, r2, fp
10000bd6:	bf3c      	itt	cc
10000bd8:	460e      	movcc	r6, r1
10000bda:	4693      	movcc	fp, r2
10000bdc:	4630      	mov	r0, r6
10000bde:	4659      	mov	r1, fp
10000be0:	f001 fb4a 	bl	10002278 <sleep_until>
10000be4:	f5b7 7f96 	cmp.w	r7, #300	@ 0x12c
10000be8:	d1cc      	bne.n	10000b84 <emg_cal_run+0x1f4>
10000bea:	ed8a 9a00 	vstr	s18, [sl]
10000bee:	ee19 0a10 	vmov	r0, s18
10000bf2:	f006 fcd5 	bl	100075a0 <____aeabi_f2d_veneer>
10000bf6:	4602      	mov	r2, r0
10000bf8:	460b      	mov	r3, r1
10000bfa:	4857      	ldr	r0, [pc, #348]	@ (10000d58 <emg_cal_run+0x3c8>)
10000bfc:	f003 ffb2 	bl	10004b64 <__wrap_printf>
10000c00:	ee3b ba09 	vadd.f32	s22, s22, s18
10000c04:	2d00      	cmp	r5, #0
10000c06:	f000 8104 	beq.w	10000e12 <emg_cal_run+0x482>
10000c0a:	eef4 bac9 	vcmpe.f32	s23, s18
10000c0e:	eef1 fa10 	vmrs	APSR_nzcv, fpscr
10000c12:	eeb4 cac9 	vcmpe.f32	s24, s18
10000c16:	fe79 ba2b 	vselgt.f32	s23, s18, s23
10000c1a:	eef1 fa10 	vmrs	APSR_nzcv, fpscr
10000c1e:	bf58      	it	pl
10000c20:	eeb0 9a4c 	vmovpl.f32	s18, s24
10000c24:	f1b9 0f03 	cmp.w	r9, #3
10000c28:	f040 80f5 	bne.w	10000e16 <emg_cal_run+0x486>
10000c2c:	eeb0 7a08 	vmov.f32	s14, #8	@ 0x40400000  3.0
10000c30:	eecb 7a07 	vdiv.f32	s15, s22, s14
10000c34:	edc8 7a02 	vstr	s15, [r8, #8]
10000c38:	ee17 0a90 	vmov	r0, s15
10000c3c:	f006 fcb0 	bl	100075a0 <____aeabi_f2d_veneer>
10000c40:	4602      	mov	r2, r0
10000c42:	460b      	mov	r3, r1
10000c44:	4845      	ldr	r0, [pc, #276]	@ (10000d5c <emg_cal_run+0x3cc>)
10000c46:	f003 ff8d 	bl	10004b64 <__wrap_printf>
10000c4a:	eddf 7a45 	vldr	s15, [pc, #276]	@ 10000d60 <emg_cal_run+0x3d0>
10000c4e:	eeb4 9ae7 	vcmpe.f32	s18, s15
10000c52:	eef1 fa10 	vmrs	APSR_nzcv, fpscr
10000c56:	f300 8123 	bgt.w	10000ea0 <emg_cal_run+0x510>
10000c5a:	edd8 7a02 	vldr	s15, [r8, #8]
10000c5e:	ed98 7a00 	vldr	s14, [r8]
10000c62:	eef6 6a00 	vmov.f32	s13, #96	@ 0x3f000000  0.5
10000c66:	ee37 7ac7 	vsub.f32	s14, s15, s14
10000c6a:	eeb4 7ae6 	vcmpe.f32	s14, s13
10000c6e:	eef1 fa10 	vmrs	APSR_nzcv, fpscr
10000c72:	f100 80ed 	bmi.w	10000e50 <emg_cal_run+0x4c0>
10000c76:	2600      	movs	r6, #0
10000c78:	2701      	movs	r7, #1
10000c7a:	eef5 7ac0 	vcmpe.f32	s15, #0.0
10000c7e:	eef1 fa10 	vmrs	APSR_nzcv, fpscr
10000c82:	f340 80f3 	ble.w	10000e6c <emg_cal_run+0x4dc>
10000c86:	ee39 9a6b 	vsub.f32	s18, s18, s23
10000c8a:	ed9f 7a36 	vldr	s14, [pc, #216]	@ 10000d64 <emg_cal_run+0x3d4>
10000c8e:	ee89 8a27 	vdiv.f32	s16, s18, s15
10000c92:	ee28 8a07 	vmul.f32	s16, s16, s14
10000c96:	ee18 0a10 	vmov	r0, s16
10000c9a:	f006 fc81 	bl	100075a0 <____aeabi_f2d_veneer>
10000c9e:	4602      	mov	r2, r0
10000ca0:	460b      	mov	r3, r1
10000ca2:	4831      	ldr	r0, [pc, #196]	@ (10000d68 <emg_cal_run+0x3d8>)
10000ca4:	f003 ff5e 	bl	10004b64 <__wrap_printf>
10000ca8:	eef3 7a04 	vmov.f32	s15, #52	@ 0x41a00000  20.0
10000cac:	eeb4 8ae7 	vcmpe.f32	s16, s15
10000cb0:	eef1 fa10 	vmrs	APSR_nzcv, fpscr
10000cb4:	dd06      	ble.n	10000cc4 <emg_cal_run+0x334>
10000cb6:	482d      	ldr	r0, [pc, #180]	@ (10000d6c <emg_cal_run+0x3dc>)
10000cb8:	f003 fed4 	bl	10004a64 <__wrap_puts>
10000cbc:	4b2c      	ldr	r3, [pc, #176]	@ (10000d70 <emg_cal_run+0x3e0>)
10000cbe:	2e00      	cmp	r6, #0
10000cc0:	bf08      	it	eq
10000cc2:	461e      	moveq	r6, r3
10000cc4:	edd8 6a01 	vldr	s13, [r8, #4]
10000cc8:	eeb0 7a08 	vmov.f32	s14, #8	@ 0x40400000  3.0
10000ccc:	edd8 7a00 	vldr	s15, [r8]
10000cd0:	eee6 7a87 	vfma.f32	s15, s13, s14
10000cd4:	edc8 7a03 	vstr	s15, [r8, #12]
10000cd8:	ee17 0a90 	vmov	r0, s15
10000cdc:	f006 fc60 	bl	100075a0 <____aeabi_f2d_veneer>
10000ce0:	4602      	mov	r2, r0
10000ce2:	460b      	mov	r3, r1
10000ce4:	4823      	ldr	r0, [pc, #140]	@ (10000d74 <emg_cal_run+0x3e4>)
10000ce6:	f003 ff3d 	bl	10004b64 <__wrap_printf>
10000cea:	f8d8 0000 	ldr.w	r0, [r8]
10000cee:	f006 fc57 	bl	100075a0 <____aeabi_f2d_veneer>
10000cf2:	4604      	mov	r4, r0
10000cf4:	f8d8 000c 	ldr.w	r0, [r8, #12]
10000cf8:	460d      	mov	r5, r1
10000cfa:	f006 fc51 	bl	100075a0 <____aeabi_f2d_veneer>
10000cfe:	e9cd 0104 	strd	r0, r1, [sp, #16]
10000d02:	f8d8 0008 	ldr.w	r0, [r8, #8]
10000d06:	e037      	b.n	10000d78 <emg_cal_run+0x3e8>
10000d08:	10007758 	.word	0x10007758
10000d0c:	10007778 	.word	0x10007778
10000d10:	100077b4 	.word	0x100077b4
10000d14:	100077e8 	.word	0x100077e8
10000d18:	100077ec 	.word	0x100077ec
10000d1c:	100077f8 	.word	0x100077f8
10000d20:	1000780c 	.word	0x1000780c
10000d24:	10007814 	.word	0x10007814
10000d28:	1000782c 	.word	0x1000782c
10000d2c:	10007844 	.word	0x10007844
10000d30:	00000000 	.word	0x00000000
10000d34:	3f4ccccd 	.word	0x3f4ccccd
10000d38:	3e4ccccd 	.word	0x3e4ccccd
10000d3c:	43fa0000 	.word	0x43fa0000
10000d40:	10007854 	.word	0x10007854
10000d44:	10007880 	.word	0x10007880
10000d48:	100078b4 	.word	0x100078b4
10000d4c:	100078c4 	.word	0x100078c4
10000d50:	100078d0 	.word	0x100078d0
10000d54:	100078dc 	.word	0x100078dc
10000d58:	100078e8 	.word	0x100078e8
10000d5c:	10007924 	.word	0x10007924
10000d60:	404ccccd 	.word	0x404ccccd
10000d64:	42c80000 	.word	0x42c80000
10000d68:	100079d0 	.word	0x100079d0
10000d6c:	10007a00 	.word	0x10007a00
10000d70:	10007740 	.word	0x10007740
10000d74:	10007a44 	.word	0x10007a44
10000d78:	f006 fc12 	bl	100075a0 <____aeabi_f2d_veneer>
10000d7c:	e9cd 0102 	strd	r0, r1, [sp, #8]
10000d80:	f8d8 0004 	ldr.w	r0, [r8, #4]
10000d84:	f006 fc0c 	bl	100075a0 <____aeabi_f2d_veneer>
10000d88:	4622      	mov	r2, r4
10000d8a:	e9cd 0100 	strd	r0, r1, [sp]
10000d8e:	462b      	mov	r3, r5
10000d90:	485a      	ldr	r0, [pc, #360]	@ (10000efc <emg_cal_run+0x56c>)
10000d92:	f003 fee7 	bl	10004b64 <__wrap_printf>
10000d96:	2f00      	cmp	r7, #0
10000d98:	d07e      	beq.n	10000e98 <emg_cal_run+0x508>
10000d9a:	edd8 7a02 	vldr	s15, [r8, #8]
10000d9e:	ed98 7a00 	vldr	s14, [r8]
10000da2:	eef4 7ac7 	vcmpe.f32	s15, s14
10000da6:	eef1 fa10 	vmrs	APSR_nzcv, fpscr
10000daa:	d965      	bls.n	10000e78 <emg_cal_run+0x4e8>
10000dac:	ee17 0a90 	vmov	r0, s15
10000db0:	f006 fbf6 	bl	100075a0 <____aeabi_f2d_veneer>
10000db4:	4604      	mov	r4, r0
10000db6:	460d      	mov	r5, r1
10000db8:	4a51      	ldr	r2, [pc, #324]	@ (10000f00 <emg_cal_run+0x570>)
10000dba:	2118      	movs	r1, #24
10000dbc:	e9cd 4500 	strd	r4, r5, [sp]
10000dc0:	a80c      	add	r0, sp, #48	@ 0x30
10000dc2:	f003 fc1d 	bl	10004600 <__wrap_snprintf>
10000dc6:	2e00      	cmp	r6, #0
10000dc8:	d07d      	beq.n	10000ec6 <emg_cal_run+0x536>
10000dca:	4633      	mov	r3, r6
10000dcc:	f24c 3080 	movw	r0, #50048	@ 0xc380
10000dd0:	494c      	ldr	r1, [pc, #304]	@ (10000f04 <emg_cal_run+0x574>)
10000dd2:	aa0c      	add	r2, sp, #48	@ 0x30
10000dd4:	f000 fa84 	bl	100012e0 <ui_screen>
10000dd8:	2001      	movs	r0, #1
10000dda:	b01d      	add	sp, #116	@ 0x74
10000ddc:	ecbd 8b0a 	vpop	{d8-d12}
10000de0:	e8bd 8ff0 	ldmia.w	sp!, {r4, r5, r6, r7, r8, r9, sl, fp, pc}
10000de4:	f242 7310 	movw	r3, #10000	@ 0x2710
10000de8:	f04f 31ff 	mov.w	r1, #4294967295
10000dec:	f06f 4200 	mvn.w	r2, #2147483648	@ 0x80000000
10000df0:	18f3      	adds	r3, r6, r3
10000df2:	f14b 0b00 	adc.w	fp, fp, #0
10000df6:	4299      	cmp	r1, r3
10000df8:	461e      	mov	r6, r3
10000dfa:	eb72 030b 	sbcs.w	r3, r2, fp
10000dfe:	bf3c      	itt	cc
10000e00:	460e      	movcc	r6, r1
10000e02:	4693      	movcc	fp, r2
10000e04:	4630      	mov	r0, r6
10000e06:	4659      	mov	r1, fp
10000e08:	f001 fa36 	bl	10002278 <sleep_until>
10000e0c:	eeb0 9a68 	vmov.f32	s18, s17
10000e10:	e6b8      	b.n	10000b84 <emg_cal_run+0x1f4>
10000e12:	eef0 ba49 	vmov.f32	s23, s18
10000e16:	483c      	ldr	r0, [pc, #240]	@ (10000f08 <emg_cal_run+0x578>)
10000e18:	f003 fe24 	bl	10004a64 <__wrap_puts>
10000e1c:	2405      	movs	r4, #5
10000e1e:	4623      	mov	r3, r4
10000e20:	2108      	movs	r1, #8
10000e22:	4a3a      	ldr	r2, [pc, #232]	@ (10000f0c <emg_cal_run+0x57c>)
10000e24:	a806      	add	r0, sp, #24
10000e26:	f003 fbeb 	bl	10004600 <__wrap_snprintf>
10000e2a:	f241 4006 	movw	r0, #5126	@ 0x1406
10000e2e:	4b38      	ldr	r3, [pc, #224]	@ (10000f10 <emg_cal_run+0x580>)
10000e30:	4938      	ldr	r1, [pc, #224]	@ (10000f14 <emg_cal_run+0x584>)
10000e32:	aa06      	add	r2, sp, #24
10000e34:	f000 fa54 	bl	100012e0 <ui_screen>
10000e38:	f44f 707a 	mov.w	r0, #1000	@ 0x3e8
10000e3c:	f001 fa7a 	bl	10002334 <sleep_ms>
10000e40:	3c01      	subs	r4, #1
10000e42:	d1ec      	bne.n	10000e1e <emg_cal_run+0x48e>
10000e44:	464d      	mov	r5, r9
10000e46:	eeb0 ca49 	vmov.f32	s24, s18
10000e4a:	f10a 0a04 	add.w	sl, sl, #4
10000e4e:	e64f      	b.n	10000af0 <emg_cal_run+0x160>
10000e50:	4831      	ldr	r0, [pc, #196]	@ (10000f18 <emg_cal_run+0x588>)
10000e52:	f003 fe07 	bl	10004a64 <__wrap_puts>
10000e56:	edd8 7a02 	vldr	s15, [r8, #8]
10000e5a:	eef5 7ac0 	vcmpe.f32	s15, #0.0
10000e5e:	eef1 fa10 	vmrs	APSR_nzcv, fpscr
10000e62:	f04f 0700 	mov.w	r7, #0
10000e66:	4e2d      	ldr	r6, [pc, #180]	@ (10000f1c <emg_cal_run+0x58c>)
10000e68:	f73f af0d 	bgt.w	10000c86 <emg_cal_run+0x2f6>
10000e6c:	2200      	movs	r2, #0
10000e6e:	2300      	movs	r3, #0
10000e70:	482b      	ldr	r0, [pc, #172]	@ (10000f20 <emg_cal_run+0x590>)
10000e72:	f003 fe77 	bl	10004b64 <__wrap_printf>
10000e76:	e725      	b.n	10000cc4 <emg_cal_run+0x334>
10000e78:	482a      	ldr	r0, [pc, #168]	@ (10000f24 <emg_cal_run+0x594>)
10000e7a:	f003 fe73 	bl	10004b64 <__wrap_printf>
10000e7e:	f24c 0082 	movw	r0, #49282	@ 0xc082
10000e82:	4b29      	ldr	r3, [pc, #164]	@ (10000f28 <emg_cal_run+0x598>)
10000e84:	4a29      	ldr	r2, [pc, #164]	@ (10000f2c <emg_cal_run+0x59c>)
10000e86:	492a      	ldr	r1, [pc, #168]	@ (10000f30 <emg_cal_run+0x5a0>)
10000e88:	f000 fa2a 	bl	100012e0 <ui_screen>
10000e8c:	2000      	movs	r0, #0
10000e8e:	b01d      	add	sp, #116	@ 0x74
10000e90:	ecbd 8b0a 	vpop	{d8-d12}
10000e94:	e8bd 8ff0 	ldmia.w	sp!, {r4, r5, r6, r7, r8, r9, sl, fp, pc}
10000e98:	4826      	ldr	r0, [pc, #152]	@ (10000f34 <emg_cal_run+0x5a4>)
10000e9a:	f003 fde3 	bl	10004a64 <__wrap_puts>
10000e9e:	e77c      	b.n	10000d9a <emg_cal_run+0x40a>
10000ea0:	4825      	ldr	r0, [pc, #148]	@ (10000f38 <emg_cal_run+0x5a8>)
10000ea2:	f003 fddf 	bl	10004a64 <__wrap_puts>
10000ea6:	edd8 7a02 	vldr	s15, [r8, #8]
10000eaa:	ed98 7a00 	vldr	s14, [r8]
10000eae:	eef6 6a00 	vmov.f32	s13, #96	@ 0x3f000000  0.5
10000eb2:	ee37 7ac7 	vsub.f32	s14, s15, s14
10000eb6:	eeb4 7ae6 	vcmpe.f32	s14, s13
10000eba:	eef1 fa10 	vmrs	APSR_nzcv, fpscr
10000ebe:	d40a      	bmi.n	10000ed6 <emg_cal_run+0x546>
10000ec0:	2700      	movs	r7, #0
10000ec2:	4e1e      	ldr	r6, [pc, #120]	@ (10000f3c <emg_cal_run+0x5ac>)
10000ec4:	e6d9      	b.n	10000c7a <emg_cal_run+0x2ea>
10000ec6:	f241 4006 	movw	r0, #5126	@ 0x1406
10000eca:	4b1d      	ldr	r3, [pc, #116]	@ (10000f40 <emg_cal_run+0x5b0>)
10000ecc:	491d      	ldr	r1, [pc, #116]	@ (10000f44 <emg_cal_run+0x5b4>)
10000ece:	aa0c      	add	r2, sp, #48	@ 0x30
10000ed0:	f000 fa06 	bl	100012e0 <ui_screen>
10000ed4:	e780      	b.n	10000dd8 <emg_cal_run+0x448>
10000ed6:	4810      	ldr	r0, [pc, #64]	@ (10000f18 <emg_cal_run+0x588>)
10000ed8:	f003 fdc4 	bl	10004a64 <__wrap_puts>
10000edc:	2700      	movs	r7, #0
10000ede:	edd8 7a02 	vldr	s15, [r8, #8]
10000ee2:	4e16      	ldr	r6, [pc, #88]	@ (10000f3c <emg_cal_run+0x5ac>)
10000ee4:	e6c9      	b.n	10000c7a <emg_cal_run+0x2ea>
10000ee6:	ee17 0a90 	vmov	r0, s15
10000eea:	f006 fb75 	bl	100075d8 <__sqrtf_veneer>
10000eee:	ee08 0a10 	vmov	s16, r0
10000ef2:	f006 fb55 	bl	100075a0 <____aeabi_f2d_veneer>
10000ef6:	4606      	mov	r6, r0
10000ef8:	460f      	mov	r7, r1
10000efa:	e5e0      	b.n	10000abe <emg_cal_run+0x12e>
10000efc:	10007a58 	.word	0x10007a58
10000f00:	10007b30 	.word	0x10007b30
10000f04:	10007b3c 	.word	0x10007b3c
10000f08:	100078f8 	.word	0x100078f8
10000f0c:	10007900 	.word	0x10007900
10000f10:	10007904 	.word	0x10007904
10000f14:	1000791c 	.word	0x1000791c
10000f18:	10007948 	.word	0x10007948
10000f1c:	10007728 	.word	0x10007728
10000f20:	100079d0 	.word	0x100079d0
10000f24:	10007ab4 	.word	0x10007ab4
10000f28:	10007b00 	.word	0x10007b00
10000f2c:	10007b18 	.word	0x10007b18
10000f30:	10007b28 	.word	0x10007b28
10000f34:	10007a74 	.word	0x10007a74
10000f38:	10007990 	.word	0x10007990
10000f3c:	1000770c 	.word	0x1000770c
10000f40:	10007b44 	.word	0x10007b44
10000f44:	10007b5c 	.word	0x10007b5c

10000f48 <emg_cal_trial>:
10000f48:	e92d 4ff0 	stmdb	sp!, {r4, r5, r6, r7, r8, r9, sl, fp, lr}
10000f4c:	4682      	mov	sl, r0
10000f4e:	ed2d 8b0a 	vpush	{d8-d12}
10000f52:	460c      	mov	r4, r1
10000f54:	edda 7a00 	vldr	s15, [sl]
10000f58:	ed9a ba02 	vldr	s22, [sl, #8]
10000f5c:	b0a1      	sub	sp, #132	@ 0x84
10000f5e:	48a4      	ldr	r0, [pc, #656]	@ (100011f0 <emg_cal_trial+0x2a8>)
10000f60:	ee3b ba67 	vsub.f32	s22, s22, s15
10000f64:	910f      	str	r1, [sp, #60]	@ 0x3c
10000f66:	f003 fdfd 	bl	10004b64 <__wrap_printf>
10000f6a:	4620      	mov	r0, r4
10000f6c:	f000 fa8a 	bl	10001484 <ui_trial_start>
10000f70:	f04f 0808 	mov.w	r8, #8
10000f74:	eddf 8a9f 	vldr	s17, [pc, #636]	@ 100011f4 <emg_cal_trial+0x2ac>
10000f78:	f7ff fa1e 	bl	100003b8 <emg_read_voltage>
10000f7c:	ee07 0a90 	vmov	s15, r0
10000f80:	f1b8 0801 	subs.w	r8, r8, #1
10000f84:	ee78 8aa7 	vadd.f32	s17, s17, s15
10000f88:	d1f6      	bne.n	10000f78 <emg_cal_trial+0x30>
10000f8a:	eef4 7a00 	vmov.f32	s15, #64	@ 0x3e000000  0.125
10000f8e:	ee68 8aa7 	vmul.f32	s17, s17, s15
10000f92:	f001 fac1 	bl	10002518 <time_us_64>
10000f96:	2300      	movs	r3, #0
10000f98:	e9cd 0110 	strd	r0, r1, [sp, #64]	@ 0x40
10000f9c:	4604      	mov	r4, r0
10000f9e:	2000      	movs	r0, #0
10000fa0:	ee09 3a10 	vmov	s18, r3
10000fa4:	ee0a 3a90 	vmov	s21, r3
10000fa8:	ee0b 3a90 	vmov	s23, r3
10000fac:	460d      	mov	r5, r1
10000fae:	930a      	str	r3, [sp, #40]	@ 0x28
10000fb0:	f003 fc98 	bl	100048e4 <stdio_getchar_timeout_us>
10000fb4:	f020 0020 	bic.w	r0, r0, #32
10000fb8:	2851      	cmp	r0, #81	@ 0x51
10000fba:	ed9f aa8f 	vldr	s20, [pc, #572]	@ 100011f8 <emg_cal_trial+0x2b0>
10000fbe:	eddf 9a8f 	vldr	s19, [pc, #572]	@ 100011fc <emg_cal_trial+0x2b4>
10000fc2:	eddf ca8f 	vldr	s25, [pc, #572]	@ 10001200 <emg_cal_trial+0x2b8>
10000fc6:	ed9f ca8f 	vldr	s24, [pc, #572]	@ 10001204 <emg_cal_trial+0x2bc>
10000fca:	46c1      	mov	r9, r8
10000fcc:	46c3      	mov	fp, r8
10000fce:	4f8e      	ldr	r7, [pc, #568]	@ (10001208 <emg_cal_trial+0x2c0>)
10000fd0:	d036      	beq.n	10001040 <emg_cal_trial+0xf8>
10000fd2:	2608      	movs	r6, #8
10000fd4:	ed9f 8a87 	vldr	s16, [pc, #540]	@ 100011f4 <emg_cal_trial+0x2ac>
10000fd8:	f7ff f9ee 	bl	100003b8 <emg_read_voltage>
10000fdc:	ee07 0a90 	vmov	s15, r0
10000fe0:	3e01      	subs	r6, #1
10000fe2:	ee38 8a27 	vadd.f32	s16, s16, s15
10000fe6:	d1f7      	bne.n	10000fd8 <emg_cal_trial+0x90>
10000fe8:	eef4 7a00 	vmov.f32	s15, #64	@ 0x3e000000  0.125
10000fec:	ee68 8a8a 	vmul.f32	s17, s17, s20
10000ff0:	ee28 8a27 	vmul.f32	s16, s16, s15
10000ff4:	fb07 f309 	mul.w	r3, r7, r9
10000ff8:	4a84      	ldr	r2, [pc, #528]	@ (1000120c <emg_cal_trial+0x2c4>)
10000ffa:	eee8 8a29 	vfma.f32	s17, s16, s19
10000ffe:	ebb2 0f73 	cmp.w	r2, r3, ror #1
10001002:	f080 8091 	bcs.w	10001128 <emg_cal_trial+0x1e0>
10001006:	f242 7310 	movw	r3, #10000	@ 0x2710
1000100a:	f04f 31ff 	mov.w	r1, #4294967295
1000100e:	f06f 4200 	mvn.w	r2, #2147483648	@ 0x80000000
10001012:	18e3      	adds	r3, r4, r3
10001014:	f145 0500 	adc.w	r5, r5, #0
10001018:	4299      	cmp	r1, r3
1000101a:	461c      	mov	r4, r3
1000101c:	eb72 0305 	sbcs.w	r3, r2, r5
10001020:	bf3c      	itt	cc
10001022:	460c      	movcc	r4, r1
10001024:	4615      	movcc	r5, r2
10001026:	4620      	mov	r0, r4
10001028:	4629      	mov	r1, r5
1000102a:	f001 f925 	bl	10002278 <sleep_until>
1000102e:	2000      	movs	r0, #0
10001030:	f003 fc58 	bl	100048e4 <stdio_getchar_timeout_us>
10001034:	f020 0020 	bic.w	r0, r0, #32
10001038:	2851      	cmp	r0, #81	@ 0x51
1000103a:	f109 0901 	add.w	r9, r9, #1
1000103e:	d1c8      	bne.n	10000fd2 <emg_cal_trial+0x8a>
10001040:	9c0a      	ldr	r4, [sp, #40]	@ 0x28
10001042:	f644 6020 	movw	r0, #20000	@ 0x4e20
10001046:	f003 fc4d 	bl	100048e4 <stdio_getchar_timeout_us>
1000104a:	3002      	adds	r0, #2
1000104c:	d1f9      	bne.n	10001042 <emg_cal_trial+0xfa>
1000104e:	f1b8 0f00 	cmp.w	r8, #0
10001052:	f000 80bd 	beq.w	100011d0 <emg_cal_trial+0x288>
10001056:	ee07 8a90 	vmov	s15, r8
1000105a:	eeb8 8a67 	vcvt.f32.u32	s16, s15
1000105e:	4620      	mov	r0, r4
10001060:	f006 fa9e 	bl	100075a0 <____aeabi_f2d_veneer>
10001064:	eeca 7a88 	vdiv.f32	s15, s21, s16
10001068:	e9cd 010a 	strd	r0, r1, [sp, #40]	@ 0x28
1000106c:	ee17 0a90 	vmov	r0, s15
10001070:	f006 fa96 	bl	100075a0 <____aeabi_f2d_veneer>
10001074:	4680      	mov	r8, r0
10001076:	ee19 0a10 	vmov	r0, s18
1000107a:	4689      	mov	r9, r1
1000107c:	f006 fa90 	bl	100075a0 <____aeabi_f2d_veneer>
10001080:	ee07 ba90 	vmov	s15, fp
10001084:	eef8 7a67 	vcvt.f32.u32	s15, s15
10001088:	ed9f 7a5d 	vldr	s14, [pc, #372]	@ 10001200 <emg_cal_trial+0x2b8>
1000108c:	eec7 6a88 	vdiv.f32	s13, s15, s16
10001090:	ee66 7a87 	vmul.f32	s15, s13, s14
10001094:	4604      	mov	r4, r0
10001096:	ee17 0a90 	vmov	r0, s15
1000109a:	460d      	mov	r5, r1
1000109c:	f006 fa80 	bl	100075a0 <____aeabi_f2d_veneer>
100010a0:	e9dd 230a 	ldrd	r2, r3, [sp, #40]	@ 0x28
100010a4:	4606      	mov	r6, r0
100010a6:	460f      	mov	r7, r1
100010a8:	f8dd b03c 	ldr.w	fp, [sp, #60]	@ 0x3c
100010ac:	e9cd 4502 	strd	r4, r5, [sp, #8]
100010b0:	4659      	mov	r1, fp
100010b2:	e9cd 8900 	strd	r8, r9, [sp]
100010b6:	e9cd 6704 	strd	r6, r7, [sp, #16]
100010ba:	4855      	ldr	r0, [pc, #340]	@ (10001210 <emg_cal_trial+0x2c8>)
100010bc:	f003 fd52 	bl	10004b64 <__wrap_printf>
100010c0:	f8da 0008 	ldr.w	r0, [sl, #8]
100010c4:	f006 fa6c 	bl	100075a0 <____aeabi_f2d_veneer>
100010c8:	e9cd 0108 	strd	r0, r1, [sp, #32]
100010cc:	f8da 0000 	ldr.w	r0, [sl]
100010d0:	f006 fa66 	bl	100075a0 <____aeabi_f2d_veneer>
100010d4:	e9dd 230a 	ldrd	r2, r3, [sp, #40]	@ 0x28
100010d8:	e9cd 0106 	strd	r0, r1, [sp, #24]
100010dc:	e9cd 6704 	strd	r6, r7, [sp, #16]
100010e0:	4659      	mov	r1, fp
100010e2:	e9cd 4502 	strd	r4, r5, [sp, #8]
100010e6:	e9cd 8900 	strd	r8, r9, [sp]
100010ea:	484a      	ldr	r0, [pc, #296]	@ (10001214 <emg_cal_trial+0x2cc>)
100010ec:	f003 fd3a 	bl	10004b64 <__wrap_printf>
100010f0:	2118      	movs	r1, #24
100010f2:	e9cd 8900 	strd	r8, r9, [sp]
100010f6:	4a48      	ldr	r2, [pc, #288]	@ (10001218 <emg_cal_trial+0x2d0>)
100010f8:	a812      	add	r0, sp, #72	@ 0x48
100010fa:	f003 fa81 	bl	10004600 <__wrap_snprintf>
100010fe:	2120      	movs	r1, #32
10001100:	e9cd 6702 	strd	r6, r7, [sp, #8]
10001104:	e9cd 4500 	strd	r4, r5, [sp]
10001108:	4a44      	ldr	r2, [pc, #272]	@ (1000121c <emg_cal_trial+0x2d4>)
1000110a:	a818      	add	r0, sp, #96	@ 0x60
1000110c:	f003 fa78 	bl	10004600 <__wrap_snprintf>
10001110:	f241 10f3 	movw	r0, #4595	@ 0x11f3
10001114:	4942      	ldr	r1, [pc, #264]	@ (10001220 <emg_cal_trial+0x2d8>)
10001116:	ab18      	add	r3, sp, #96	@ 0x60
10001118:	aa12      	add	r2, sp, #72	@ 0x48
1000111a:	f000 f8e1 	bl	100012e0 <ui_screen>
1000111e:	b021      	add	sp, #132	@ 0x84
10001120:	ecbd 8b0a 	vpop	{d8-d12}
10001124:	e8bd 8ff0 	ldmia.w	sp!, {r4, r5, r6, r7, r8, r9, sl, fp, pc}
10001128:	edda 7a00 	vldr	s15, [sl]
1000112c:	ee78 7ae7 	vsub.f32	s15, s17, s15
10001130:	ee87 8a8b 	vdiv.f32	s16, s15, s22
10001134:	ee28 8a2c 	vmul.f32	s16, s16, s25
10001138:	ed9a 7a03 	vldr	s14, [sl, #12]
1000113c:	eeb5 8ac0 	vcmpe.f32	s16, #0.0
10001140:	eef1 fa10 	vmrs	APSR_nzcv, fpscr
10001144:	eeb4 7ae8 	vcmpe.f32	s14, s17
10001148:	bf48      	it	mi
1000114a:	eeb0 8a6b 	vmovmi.f32	s16, s23
1000114e:	eef1 fa10 	vmrs	APSR_nzcv, fpscr
10001152:	bf4c      	ite	mi
10001154:	2601      	movmi	r6, #1
10001156:	2600      	movpl	r6, #0
10001158:	f001 f9de 	bl	10002518 <time_us_64>
1000115c:	9b10      	ldr	r3, [sp, #64]	@ 0x40
1000115e:	f108 0801 	add.w	r8, r8, #1
10001162:	1ac0      	subs	r0, r0, r3
10001164:	9b11      	ldr	r3, [sp, #68]	@ 0x44
10001166:	44b3      	add	fp, r6
10001168:	eb61 0103 	sbc.w	r1, r1, r3
1000116c:	f001 fe08 	bl	10002d80 <__wrap___aeabi_l2f>
10001170:	ee07 0a90 	vmov	s15, r0
10001174:	eec7 7a8c 	vdiv.f32	s15, s15, s24
10001178:	ee17 0a90 	vmov	r0, s15
1000117c:	edcd 7a0a 	vstr	s15, [sp, #40]	@ 0x28
10001180:	f006 fa0e 	bl	100075a0 <____aeabi_f2d_veneer>
10001184:	4602      	mov	r2, r0
10001186:	460b      	mov	r3, r1
10001188:	ee18 0a10 	vmov	r0, s16
1000118c:	e9cd 230c 	strd	r2, r3, [sp, #48]	@ 0x30
10001190:	9604      	str	r6, [sp, #16]
10001192:	f006 fa05 	bl	100075a0 <____aeabi_f2d_veneer>
10001196:	e9cd 0102 	strd	r0, r1, [sp, #8]
1000119a:	ee18 0a90 	vmov	r0, s17
1000119e:	f006 f9ff 	bl	100075a0 <____aeabi_f2d_veneer>
100011a2:	e9dd 230c 	ldrd	r2, r3, [sp, #48]	@ 0x30
100011a6:	e9cd 0100 	strd	r0, r1, [sp]
100011aa:	990f      	ldr	r1, [sp, #60]	@ 0x3c
100011ac:	481d      	ldr	r0, [pc, #116]	@ (10001224 <emg_cal_trial+0x2dc>)
100011ae:	f003 fcd9 	bl	10004b64 <__wrap_printf>
100011b2:	eeb4 9ac8 	vcmpe.f32	s18, s16
100011b6:	eef1 fa10 	vmrs	APSR_nzcv, fpscr
100011ba:	4631      	mov	r1, r6
100011bc:	ee18 0a10 	vmov	r0, s16
100011c0:	ee7a aa88 	vadd.f32	s21, s21, s16
100011c4:	bf48      	it	mi
100011c6:	eeb0 9a48 	vmovmi.f32	s18, s16
100011ca:	f000 f909 	bl	100013e0 <ui_trial_update>
100011ce:	e71a      	b.n	10001006 <emg_cal_trial+0xbe>
100011d0:	4815      	ldr	r0, [pc, #84]	@ (10001228 <emg_cal_trial+0x2e0>)
100011d2:	f003 fc47 	bl	10004a64 <__wrap_puts>
100011d6:	f244 2008 	movw	r0, #16904	@ 0x4208
100011da:	4642      	mov	r2, r8
100011dc:	4b13      	ldr	r3, [pc, #76]	@ (1000122c <emg_cal_trial+0x2e4>)
100011de:	4914      	ldr	r1, [pc, #80]	@ (10001230 <emg_cal_trial+0x2e8>)
100011e0:	b021      	add	sp, #132	@ 0x84
100011e2:	ecbd 8b0a 	vpop	{d8-d12}
100011e6:	e8bd 4ff0 	ldmia.w	sp!, {r4, r5, r6, r7, r8, r9, sl, fp, lr}
100011ea:	f000 b879 	b.w	100012e0 <ui_screen>
100011ee:	bf00      	nop
100011f0:	10007b68 	.word	0x10007b68
100011f4:	00000000 	.word	0x00000000
100011f8:	3f4ccccd 	.word	0x3f4ccccd
100011fc:	3e4ccccd 	.word	0x3e4ccccd
10001200:	42c80000 	.word	0x42c80000
10001204:	49742400 	.word	0x49742400
10001208:	cccccccd 	.word	0xcccccccd
1000120c:	19999999 	.word	0x19999999
10001210:	10007bd0 	.word	0x10007bd0
10001214:	10007c24 	.word	0x10007c24
10001218:	10007c4c 	.word	0x10007c4c
1000121c:	10007c5c 	.word	0x10007c5c
10001220:	10007c7c 	.word	0x10007c7c
10001224:	10007b98 	.word	0x10007b98
10001228:	10007bb4 	.word	0x10007bb4
1000122c:	10007b44 	.word	0x10007b44
10001230:	10007bc8 	.word	0x10007bc8

10001234 <draw_state>:
10001234:	b5f0      	push	{r4, r5, r6, r7, lr}
10001236:	b083      	sub	sp, #12
10001238:	2800      	cmp	r0, #0
1000123a:	d037      	beq.n	100012ac <draw_state+0x78>
1000123c:	f24c 0782 	movw	r7, #49282	@ 0xc082
10001240:	233c      	movs	r3, #60	@ 0x3c
10001242:	f44f 72a0 	mov.w	r2, #320	@ 0x140
10001246:	21b4      	movs	r1, #180	@ 0xb4
10001248:	2000      	movs	r0, #0
1000124a:	9700      	str	r7, [sp, #0]
1000124c:	f7ff faa6 	bl	1000079c <lcd_fill_rect>
10001250:	2004      	movs	r0, #4
10001252:	f7ff fb99 	bl	10000988 <lcd_text_height>
10001256:	f1c0 063c 	rsb	r6, r0, #60	@ 0x3c
1000125a:	0876      	lsrs	r6, r6, #1
1000125c:	36b4      	adds	r6, #180	@ 0xb4
1000125e:	4d1d      	ldr	r5, [pc, #116]	@ (100012d4 <draw_state+0xa0>)
10001260:	b2b6      	uxth	r6, r6
10001262:	2404      	movs	r4, #4
10001264:	4621      	mov	r1, r4
10001266:	4628      	mov	r0, r5
10001268:	f7ff fb80 	bl	1000096c <lcd_text_width>
1000126c:	f5b0 7f96 	cmp.w	r0, #300	@ 0x12c
10001270:	f104 33ff 	add.w	r3, r4, #4294967295
10001274:	d902      	bls.n	1000127c <draw_state+0x48>
10001276:	b2dc      	uxtb	r4, r3
10001278:	2c01      	cmp	r4, #1
1000127a:	d1f3      	bne.n	10001264 <draw_state+0x30>
1000127c:	4621      	mov	r1, r4
1000127e:	4628      	mov	r0, r5
10001280:	f7ff fb74 	bl	1000096c <lcd_text_width>
10001284:	4623      	mov	r3, r4
10001286:	f64f 74ff 	movw	r4, #65535	@ 0xffff
1000128a:	f5b0 7fa0 	cmp.w	r0, #320	@ 0x140
1000128e:	bf34      	ite	cc
10001290:	f5c0 70a0 	rsbcc	r0, r0, #320	@ 0x140
10001294:	2000      	movcs	r0, #0
10001296:	462a      	mov	r2, r5
10001298:	4631      	mov	r1, r6
1000129a:	bf38      	it	cc
1000129c:	f3c0 004f 	ubfxcc	r0, r0, #1, #16
100012a0:	9701      	str	r7, [sp, #4]
100012a2:	9400      	str	r4, [sp, #0]
100012a4:	f7ff face 	bl	10000844 <lcd_draw_text>
100012a8:	b003      	add	sp, #12
100012aa:	bdf0      	pop	{r4, r5, r6, r7, pc}
100012ac:	f244 2708 	movw	r7, #16904	@ 0x4208
100012b0:	233c      	movs	r3, #60	@ 0x3c
100012b2:	f44f 72a0 	mov.w	r2, #320	@ 0x140
100012b6:	21b4      	movs	r1, #180	@ 0xb4
100012b8:	9700      	str	r7, [sp, #0]
100012ba:	f7ff fa6f 	bl	1000079c <lcd_fill_rect>
100012be:	2004      	movs	r0, #4
100012c0:	f7ff fb62 	bl	10000988 <lcd_text_height>
100012c4:	f1c0 063c 	rsb	r6, r0, #60	@ 0x3c
100012c8:	0876      	lsrs	r6, r6, #1
100012ca:	36b4      	adds	r6, #180	@ 0xb4
100012cc:	4d02      	ldr	r5, [pc, #8]	@ (100012d8 <draw_state+0xa4>)
100012ce:	b2b6      	uxth	r6, r6
100012d0:	e7c7      	b.n	10001262 <draw_state+0x2e>
100012d2:	bf00      	nop
100012d4:	10007c88 	.word	0x10007c88
100012d8:	1000791c 	.word	0x1000791c

100012dc <ui_init>:
100012dc:	f7ff b94c 	b.w	10000578 <lcd_init>

100012e0 <ui_screen>:
100012e0:	e92d 41f0 	stmdb	sp!, {r4, r5, r6, r7, r8, lr}
100012e4:	460e      	mov	r6, r1
100012e6:	b082      	sub	sp, #8
100012e8:	4680      	mov	r8, r0
100012ea:	4615      	mov	r5, r2
100012ec:	461f      	mov	r7, r3
100012ee:	f7ff fa65 	bl	100007bc <lcd_fill>
100012f2:	b32e      	cbz	r6, 10001340 <ui_screen+0x60>
100012f4:	2406      	movs	r4, #6
100012f6:	4621      	mov	r1, r4
100012f8:	4630      	mov	r0, r6
100012fa:	f7ff fb37 	bl	1000096c <lcd_text_width>
100012fe:	f5b0 7f96 	cmp.w	r0, #300	@ 0x12c
10001302:	f104 33ff 	add.w	r3, r4, #4294967295
10001306:	d902      	bls.n	1000130e <ui_screen+0x2e>
10001308:	b2dc      	uxtb	r4, r3
1000130a:	2c01      	cmp	r4, #1
1000130c:	d1f3      	bne.n	100012f6 <ui_screen+0x16>
1000130e:	4621      	mov	r1, r4
10001310:	4630      	mov	r0, r6
10001312:	f7ff fb2b 	bl	1000096c <lcd_text_width>
10001316:	f64f 71ff 	movw	r1, #65535	@ 0xffff
1000131a:	f5b0 7fa0 	cmp.w	r0, #320	@ 0x140
1000131e:	bf38      	it	cc
10001320:	f5c0 70a0 	rsbcc	r0, r0, #320	@ 0x140
10001324:	9100      	str	r1, [sp, #0]
10001326:	bf28      	it	cs
10001328:	2000      	movcs	r0, #0
1000132a:	4623      	mov	r3, r4
1000132c:	4632      	mov	r2, r6
1000132e:	f04f 0132 	mov.w	r1, #50	@ 0x32
10001332:	bf38      	it	cc
10001334:	f3c0 004f 	ubfxcc	r0, r0, #1, #16
10001338:	f8cd 8004 	str.w	r8, [sp, #4]
1000133c:	f7ff fa82 	bl	10000844 <lcd_draw_text>
10001340:	b32d      	cbz	r5, 1000138e <ui_screen+0xae>
10001342:	2404      	movs	r4, #4
10001344:	4621      	mov	r1, r4
10001346:	4628      	mov	r0, r5
10001348:	f7ff fb10 	bl	1000096c <lcd_text_width>
1000134c:	f5b0 7f96 	cmp.w	r0, #300	@ 0x12c
10001350:	f104 33ff 	add.w	r3, r4, #4294967295
10001354:	d902      	bls.n	1000135c <ui_screen+0x7c>
10001356:	b2dc      	uxtb	r4, r3
10001358:	2c01      	cmp	r4, #1
1000135a:	d1f3      	bne.n	10001344 <ui_screen+0x64>
1000135c:	4621      	mov	r1, r4
1000135e:	4628      	mov	r0, r5
10001360:	f7ff fb04 	bl	1000096c <lcd_text_width>
10001364:	f64f 71ff 	movw	r1, #65535	@ 0xffff
10001368:	f5b0 7fa0 	cmp.w	r0, #320	@ 0x140
1000136c:	bf38      	it	cc
1000136e:	f5c0 70a0 	rsbcc	r0, r0, #320	@ 0x140
10001372:	9100      	str	r1, [sp, #0]
10001374:	bf28      	it	cs
10001376:	2000      	movcs	r0, #0
10001378:	4623      	mov	r3, r4
1000137a:	462a      	mov	r2, r5
1000137c:	f04f 0187 	mov.w	r1, #135	@ 0x87
10001380:	bf38      	it	cc
10001382:	f3c0 004f 	ubfxcc	r0, r0, #1, #16
10001386:	f8cd 8004 	str.w	r8, [sp, #4]
1000138a:	f7ff fa5b 	bl	10000844 <lcd_draw_text>
1000138e:	b30f      	cbz	r7, 100013d4 <ui_screen+0xf4>
10001390:	2102      	movs	r1, #2
10001392:	4638      	mov	r0, r7
10001394:	f7ff faea 	bl	1000096c <lcd_text_width>
10001398:	4603      	mov	r3, r0
1000139a:	f5b3 7f96 	cmp.w	r3, #300	@ 0x12c
1000139e:	bf8c      	ite	hi
100013a0:	2401      	movhi	r4, #1
100013a2:	2402      	movls	r4, #2
100013a4:	4638      	mov	r0, r7
100013a6:	4621      	mov	r1, r4
100013a8:	f7ff fae0 	bl	1000096c <lcd_text_width>
100013ac:	f64f 75ff 	movw	r5, #65535	@ 0xffff
100013b0:	f5b0 7fa0 	cmp.w	r0, #320	@ 0x140
100013b4:	bf34      	ite	cc
100013b6:	f5c0 70a0 	rsbcc	r0, r0, #320	@ 0x140
100013ba:	2000      	movcs	r0, #0
100013bc:	4623      	mov	r3, r4
100013be:	463a      	mov	r2, r7
100013c0:	f04f 01b9 	mov.w	r1, #185	@ 0xb9
100013c4:	bf38      	it	cc
100013c6:	f3c0 004f 	ubfxcc	r0, r0, #1, #16
100013ca:	f8cd 8004 	str.w	r8, [sp, #4]
100013ce:	9500      	str	r5, [sp, #0]
100013d0:	f7ff fa38 	bl	10000844 <lcd_draw_text>
100013d4:	b002      	add	sp, #8
100013d6:	e8bd 81f0 	ldmia.w	sp!, {r4, r5, r6, r7, r8, pc}
100013da:	bf00      	nop
100013dc:	0000      	movs	r0, r0
	...

100013e0 <ui_trial_update>:
100013e0:	ee07 0a10 	vmov	s14, r0
100013e4:	eddf 7a24 	vldr	s15, [pc, #144]	@ 10001478 <ui_trial_update+0x98>
100013e8:	eeb4 7ae7 	vcmpe.f32	s14, s15
100013ec:	eef1 fa10 	vmrs	APSR_nzcv, fpscr
100013f0:	b530      	push	{r4, r5, lr}
100013f2:	460d      	mov	r5, r1
100013f4:	b085      	sub	sp, #20
100013f6:	dc37      	bgt.n	10001468 <ui_trial_update+0x88>
100013f8:	f006 f8d2 	bl	100075a0 <____aeabi_f2d_veneer>
100013fc:	e9cd 0100 	strd	r0, r1, [sp]
10001400:	2108      	movs	r1, #8
10001402:	4a1e      	ldr	r2, [pc, #120]	@ (1000147c <ui_trial_update+0x9c>)
10001404:	eb0d 0001 	add.w	r0, sp, r1
10001408:	f003 f8fa 	bl	10004600 <__wrap_snprintf>
1000140c:	2407      	movs	r4, #7
1000140e:	4621      	mov	r1, r4
10001410:	a802      	add	r0, sp, #8
10001412:	f7ff faab 	bl	1000096c <lcd_text_width>
10001416:	f5b0 7f96 	cmp.w	r0, #300	@ 0x12c
1000141a:	f104 33ff 	add.w	r3, r4, #4294967295
1000141e:	d902      	bls.n	10001426 <ui_trial_update+0x46>
10001420:	b2dc      	uxtb	r4, r3
10001422:	2c01      	cmp	r4, #1
10001424:	d1f3      	bne.n	1000140e <ui_trial_update+0x2e>
10001426:	4621      	mov	r1, r4
10001428:	a802      	add	r0, sp, #8
1000142a:	f7ff fa9f 	bl	1000096c <lcd_text_width>
1000142e:	4623      	mov	r3, r4
10001430:	2100      	movs	r1, #0
10001432:	f64f 74ff 	movw	r4, #65535	@ 0xffff
10001436:	f5b0 7fa0 	cmp.w	r0, #320	@ 0x140
1000143a:	e9cd 4100 	strd	r4, r1, [sp]
1000143e:	bf38      	it	cc
10001440:	f5c0 70a0 	rsbcc	r0, r0, #320	@ 0x140
10001444:	4c0e      	ldr	r4, [pc, #56]	@ (10001480 <ui_trial_update+0xa0>)
10001446:	bf2c      	ite	cs
10001448:	2000      	movcs	r0, #0
1000144a:	f3c0 004f 	ubfxcc	r0, r0, #1, #16
1000144e:	2146      	movs	r1, #70	@ 0x46
10001450:	aa02      	add	r2, sp, #8
10001452:	f7ff f9f7 	bl	10000844 <lcd_draw_text>
10001456:	7823      	ldrb	r3, [r4, #0]
10001458:	42ab      	cmp	r3, r5
1000145a:	d003      	beq.n	10001464 <ui_trial_update+0x84>
1000145c:	4628      	mov	r0, r5
1000145e:	f7ff fee9 	bl	10001234 <draw_state>
10001462:	7025      	strb	r5, [r4, #0]
10001464:	b005      	add	sp, #20
10001466:	bd30      	pop	{r4, r5, pc}
10001468:	a101      	add	r1, pc, #4	@ (adr r1, 10001470 <ui_trial_update+0x90>)
1000146a:	e9d1 0100 	ldrd	r0, r1, [r1]
1000146e:	e7c5      	b.n	100013fc <ui_trial_update+0x1c>
10001470:	40000000 	.word	0x40000000
10001474:	408f3f33 	.word	0x408f3f33
10001478:	4479f99a 	.word	0x4479f99a
1000147c:	10007c90 	.word	0x10007c90
10001480:	2000252a 	.word	0x2000252a

10001484 <ui_trial_start>:
10001484:	b5f0      	push	{r4, r5, r6, r7, lr}
10001486:	4604      	mov	r4, r0
10001488:	b083      	sub	sp, #12
1000148a:	2000      	movs	r0, #0
1000148c:	f7ff f996 	bl	100007bc <lcd_fill>
10001490:	2103      	movs	r1, #3
10001492:	4620      	mov	r0, r4
10001494:	f7ff fa6a 	bl	1000096c <lcd_text_width>
10001498:	f5b0 7f96 	cmp.w	r0, #300	@ 0x12c
1000149c:	d955      	bls.n	1000154a <ui_trial_start+0xc6>
1000149e:	2102      	movs	r1, #2
100014a0:	4620      	mov	r0, r4
100014a2:	f7ff fa63 	bl	1000096c <lcd_text_width>
100014a6:	f5b0 7f96 	cmp.w	r0, #300	@ 0x12c
100014aa:	bf8c      	ite	hi
100014ac:	2601      	movhi	r6, #1
100014ae:	2602      	movls	r6, #2
100014b0:	4631      	mov	r1, r6
100014b2:	4620      	mov	r0, r4
100014b4:	f7ff fa5a 	bl	1000096c <lcd_text_width>
100014b8:	2500      	movs	r5, #0
100014ba:	f64f 77ff 	movw	r7, #65535	@ 0xffff
100014be:	f5b0 7fa0 	cmp.w	r0, #320	@ 0x140
100014c2:	bf3c      	itt	cc
100014c4:	f5c0 7ca0 	rsbcc	ip, r0, #320	@ 0x140
100014c8:	f3cc 004f 	ubfxcc	r0, ip, #1, #16
100014cc:	4633      	mov	r3, r6
100014ce:	4622      	mov	r2, r4
100014d0:	bf28      	it	cs
100014d2:	2000      	movcs	r0, #0
100014d4:	e9cd 7500 	strd	r7, r5, [sp]
100014d8:	210a      	movs	r1, #10
100014da:	f7ff f9b3 	bl	10000844 <lcd_draw_text>
100014de:	2007      	movs	r0, #7
100014e0:	f7ff fa52 	bl	10000988 <lcd_text_height>
100014e4:	2102      	movs	r1, #2
100014e6:	4604      	mov	r4, r0
100014e8:	4819      	ldr	r0, [pc, #100]	@ (10001550 <ui_trial_start+0xcc>)
100014ea:	f7ff fa3f 	bl	1000096c <lcd_text_width>
100014ee:	4603      	mov	r3, r0
100014f0:	f5b3 7f96 	cmp.w	r3, #300	@ 0x12c
100014f4:	bf8c      	ite	hi
100014f6:	2601      	movhi	r6, #1
100014f8:	2602      	movls	r6, #2
100014fa:	4815      	ldr	r0, [pc, #84]	@ (10001550 <ui_trial_start+0xcc>)
100014fc:	4631      	mov	r1, r6
100014fe:	f7ff fa35 	bl	1000096c <lcd_text_width>
10001502:	f5b0 7fa0 	cmp.w	r0, #320	@ 0x140
10001506:	bf28      	it	cs
10001508:	4628      	movcs	r0, r5
1000150a:	f64f 77ff 	movw	r7, #65535	@ 0xffff
1000150e:	f04f 0500 	mov.w	r5, #0
10001512:	f104 044e 	add.w	r4, r4, #78	@ 0x4e
10001516:	bf38      	it	cc
10001518:	f5c0 70a0 	rsbcc	r0, r0, #320	@ 0x140
1000151c:	b2a4      	uxth	r4, r4
1000151e:	4621      	mov	r1, r4
10001520:	bf38      	it	cc
10001522:	f3c0 004f 	ubfxcc	r0, r0, #1, #16
10001526:	4633      	mov	r3, r6
10001528:	4a09      	ldr	r2, [pc, #36]	@ (10001550 <ui_trial_start+0xcc>)
1000152a:	e9cd 7500 	strd	r7, r5, [sp]
1000152e:	f7ff f989 	bl	10000844 <lcd_draw_text>
10001532:	4b08      	ldr	r3, [pc, #32]	@ (10001554 <ui_trial_start+0xd0>)
10001534:	4628      	mov	r0, r5
10001536:	701d      	strb	r5, [r3, #0]
10001538:	f7ff fe7c 	bl	10001234 <draw_state>
1000153c:	4629      	mov	r1, r5
1000153e:	2000      	movs	r0, #0
10001540:	b003      	add	sp, #12
10001542:	e8bd 40f0 	ldmia.w	sp!, {r4, r5, r6, r7, lr}
10001546:	f7ff bf4b 	b.w	100013e0 <ui_trial_update>
1000154a:	2603      	movs	r6, #3
1000154c:	e7b0      	b.n	100014b0 <ui_trial_start+0x2c>
1000154e:	bf00      	nop
10001550:	10007c98 	.word	0x10007c98
10001554:	2000252a 	.word	0x2000252a

10001558 <gpio_set_function>:
10001558:	b410      	push	{r4}
1000155a:	f44f 7480 	mov.w	r4, #256	@ 0x100
1000155e:	4b0c      	ldr	r3, [pc, #48]	@ (10001590 <gpio_set_function+0x38>)
10001560:	f853 2020 	ldr.w	r2, [r3, r0, lsl #2]
10001564:	eb03 0380 	add.w	r3, r3, r0, lsl #2
10001568:	00c0      	lsls	r0, r0, #3
1000156a:	f082 0240 	eor.w	r2, r2, #64	@ 0x40
1000156e:	f100 4080 	add.w	r0, r0, #1073741824	@ 0x40000000
10001572:	f503 5c80 	add.w	ip, r3, #4096	@ 0x1000
10001576:	f002 02c0 	and.w	r2, r2, #192	@ 0xc0
1000157a:	f500 3020 	add.w	r0, r0, #163840	@ 0x28000
1000157e:	f503 5340 	add.w	r3, r3, #12288	@ 0x3000
10001582:	f8cc 2000 	str.w	r2, [ip]
10001586:	6041      	str	r1, [r0, #4]
10001588:	601c      	str	r4, [r3, #0]
1000158a:	f85d 4b04 	ldr.w	r4, [sp], #4
1000158e:	4770      	bx	lr
10001590:	40038004 	.word	0x40038004

10001594 <gpio_set_pulls>:
10001594:	b410      	push	{r4}
10001596:	4c08      	ldr	r4, [pc, #32]	@ (100015b8 <gpio_set_pulls+0x24>)
10001598:	00c9      	lsls	r1, r1, #3
1000159a:	ea41 0182 	orr.w	r1, r1, r2, lsl #2
1000159e:	f854 2020 	ldr.w	r2, [r4, r0, lsl #2]
100015a2:	eb04 0380 	add.w	r3, r4, r0, lsl #2
100015a6:	4051      	eors	r1, r2
100015a8:	f503 5380 	add.w	r3, r3, #4096	@ 0x1000
100015ac:	f001 010c 	and.w	r1, r1, #12
100015b0:	f85d 4b04 	ldr.w	r4, [sp], #4
100015b4:	6019      	str	r1, [r3, #0]
100015b6:	4770      	bx	lr
100015b8:	40038004 	.word	0x40038004

100015bc <gpio_set_input_enabled>:
100015bc:	4b06      	ldr	r3, [pc, #24]	@ (100015d8 <gpio_set_input_enabled+0x1c>)
100015be:	2240      	movs	r2, #64	@ 0x40
100015c0:	eb03 0380 	add.w	r3, r3, r0, lsl #2
100015c4:	b119      	cbz	r1, 100015ce <gpio_set_input_enabled+0x12>
100015c6:	f503 5300 	add.w	r3, r3, #8192	@ 0x2000
100015ca:	601a      	str	r2, [r3, #0]
100015cc:	4770      	bx	lr
100015ce:	f503 5340 	add.w	r3, r3, #12288	@ 0x3000
100015d2:	601a      	str	r2, [r3, #0]
100015d4:	4770      	bx	lr
100015d6:	bf00      	nop
100015d8:	40038004 	.word	0x40038004

100015dc <gpio_init>:
100015dc:	b430      	push	{r4, r5}
100015de:	f04f 0300 	mov.w	r3, #0
100015e2:	ec43 0044 	gpioc_bit_oe_put r0, r3
100015e6:	ec43 0040 	gpioc_bit_out_put r0, r3
100015ea:	2505      	movs	r5, #5
100015ec:	f44f 7480 	mov.w	r4, #256	@ 0x100
100015f0:	4b0b      	ldr	r3, [pc, #44]	@ (10001620 <gpio_init+0x44>)
100015f2:	00c2      	lsls	r2, r0, #3
100015f4:	f853 1020 	ldr.w	r1, [r3, r0, lsl #2]
100015f8:	eb03 0080 	add.w	r0, r3, r0, lsl #2
100015fc:	f081 0140 	eor.w	r1, r1, #64	@ 0x40
10001600:	f102 4380 	add.w	r3, r2, #1073741824	@ 0x40000000
10001604:	f503 3320 	add.w	r3, r3, #163840	@ 0x28000
10001608:	f001 02c0 	and.w	r2, r1, #192	@ 0xc0
1000160c:	f500 5180 	add.w	r1, r0, #4096	@ 0x1000
10001610:	f500 5040 	add.w	r0, r0, #12288	@ 0x3000
10001614:	600a      	str	r2, [r1, #0]
10001616:	605d      	str	r5, [r3, #4]
10001618:	6004      	str	r4, [r0, #0]
1000161a:	bc30      	pop	{r4, r5}
1000161c:	4770      	bx	lr
1000161e:	bf00      	nop
10001620:	40038004 	.word	0x40038004

10001624 <panic>:
10001624:	b40f      	push	{r0, r1, r2, r3}
10001626:	b500      	push	{lr}
10001628:	b083      	sub	sp, #12
1000162a:	9c04      	ldr	r4, [sp, #16]
1000162c:	4807      	ldr	r0, [pc, #28]	@ (1000164c <panic+0x28>)
1000162e:	f003 fa19 	bl	10004a64 <__wrap_puts>
10001632:	b13c      	cbz	r4, 10001644 <panic+0x20>
10001634:	a905      	add	r1, sp, #20
10001636:	4620      	mov	r0, r4
10001638:	9101      	str	r1, [sp, #4]
1000163a:	f003 f80b 	bl	10004654 <weak_raw_vprintf>
1000163e:	4804      	ldr	r0, [pc, #16]	@ (10001650 <panic+0x2c>)
10001640:	f003 fa10 	bl	10004a64 <__wrap_puts>
10001644:	2001      	movs	r0, #1
10001646:	f003 f81d 	bl	10004684 <_exit>
1000164a:	bf00      	nop
1000164c:	10007ca0 	.word	0x10007ca0
10001650:	10007cb0 	.word	0x10007cb0

10001654 <hw_claim_or_assert>:
10001654:	b570      	push	{r4, r5, r6, lr}
10001656:	4686      	mov	lr, r0
10001658:	f3ef 8510 	mrs	r5, PRIMASK
1000165c:	b672      	cpsid	i
1000165e:	4c12      	ldr	r4, [pc, #72]	@ (100016a8 <hw_claim_or_assert+0x54>)
10001660:	e8d4 6fcf 	ldaexb	r6, [r4]
10001664:	2001      	movs	r0, #1
10001666:	2e00      	cmp	r6, #0
10001668:	d1fa      	bne.n	10001660 <hw_claim_or_assert+0xc>
1000166a:	e8c4 0f46 	strexb	r6, r0, [r4]
1000166e:	2e00      	cmp	r6, #0
10001670:	d1f6      	bne.n	10001660 <hw_claim_or_assert+0xc>
10001672:	f3bf 8f5f 	dmb	sy
10001676:	f04f 0c01 	mov.w	ip, #1
1000167a:	08c8      	lsrs	r0, r1, #3
1000167c:	f001 0307 	and.w	r3, r1, #7
10001680:	fa0c f303 	lsl.w	r3, ip, r3
10001684:	f81e c000 	ldrb.w	ip, [lr, r0]
10001688:	ea1c 0603 	ands.w	r6, ip, r3
1000168c:	d108      	bne.n	100016a0 <hw_claim_or_assert+0x4c>
1000168e:	ea4c 0c03 	orr.w	ip, ip, r3
10001692:	f80e c000 	strb.w	ip, [lr, r0]
10001696:	e8c4 6f8f 	stlb	r6, [r4]
1000169a:	f385 8810 	msr	PRIMASK, r5
1000169e:	bd70      	pop	{r4, r5, r6, pc}
100016a0:	4610      	mov	r0, r2
100016a2:	f7ff ffbf 	bl	10001624 <panic>
100016a6:	bf00      	nop
100016a8:	20001c3f 	.word	0x20001c3f

100016ac <hw_claim_unused_from_range>:
100016ac:	b5f8      	push	{r3, r4, r5, r6, r7, lr}
100016ae:	f3ef 8710 	mrs	r7, PRIMASK
100016b2:	b672      	cpsid	i
100016b4:	4e1c      	ldr	r6, [pc, #112]	@ (10001728 <hw_claim_unused_from_range+0x7c>)
100016b6:	e8d6 5fcf 	ldaexb	r5, [r6]
100016ba:	2401      	movs	r4, #1
100016bc:	2d00      	cmp	r5, #0
100016be:	d1fa      	bne.n	100016b6 <hw_claim_unused_from_range+0xa>
100016c0:	e8c6 4f45 	strexb	r5, r4, [r6]
100016c4:	2d00      	cmp	r5, #0
100016c6:	d1f6      	bne.n	100016b6 <hw_claim_unused_from_range+0xa>
100016c8:	f3bf 8f5f 	dmb	sy
100016cc:	429a      	cmp	r2, r3
100016ce:	d81b      	bhi.n	10001708 <hw_claim_unused_from_range+0x5c>
100016d0:	2501      	movs	r5, #1
100016d2:	e002      	b.n	100016da <hw_claim_unused_from_range+0x2e>
100016d4:	3201      	adds	r2, #1
100016d6:	4293      	cmp	r3, r2
100016d8:	d322      	bcc.n	10001720 <hw_claim_unused_from_range+0x74>
100016da:	08d4      	lsrs	r4, r2, #3
100016dc:	f810 e004 	ldrb.w	lr, [r0, r4]
100016e0:	f002 0c07 	and.w	ip, r2, #7
100016e4:	fa05 fc0c 	lsl.w	ip, r5, ip
100016e8:	ea1e 0f0c 	tst.w	lr, ip
100016ec:	d1f2      	bne.n	100016d4 <hw_claim_unused_from_range+0x28>
100016ee:	ea4e 0e0c 	orr.w	lr, lr, ip
100016f2:	f800 e004 	strb.w	lr, [r0, r4]
100016f6:	4610      	mov	r0, r2
100016f8:	2300      	movs	r3, #0
100016fa:	e8c6 3f8f 	stlb	r3, [r6]
100016fe:	f387 8810 	msr	PRIMASK, r7
10001702:	4298      	cmp	r0, r3
10001704:	db07      	blt.n	10001716 <hw_claim_unused_from_range+0x6a>
10001706:	bdf8      	pop	{r3, r4, r5, r6, r7, pc}
10001708:	2300      	movs	r3, #0
1000170a:	e8c6 3f8f 	stlb	r3, [r6]
1000170e:	f387 8810 	msr	PRIMASK, r7
10001712:	f04f 30ff 	mov.w	r0, #4294967295
10001716:	2900      	cmp	r1, #0
10001718:	d0f5      	beq.n	10001706 <hw_claim_unused_from_range+0x5a>
1000171a:	9806      	ldr	r0, [sp, #24]
1000171c:	f7ff ff82 	bl	10001624 <panic>
10001720:	f04f 30ff 	mov.w	r0, #4294967295
10001724:	e7e8      	b.n	100016f8 <hw_claim_unused_from_range+0x4c>
10001726:	bf00      	nop
10001728:	20001c3f 	.word	0x20001c3f

1000172c <next_striped_spin_lock_num>:
1000172c:	4a04      	ldr	r2, [pc, #16]	@ (10001740 <next_striped_spin_lock_num+0x14>)
1000172e:	7810      	ldrb	r0, [r2, #0]
10001730:	1c43      	adds	r3, r0, #1
10001732:	b2db      	uxtb	r3, r3
10001734:	2b18      	cmp	r3, #24
10001736:	bf28      	it	cs
10001738:	2310      	movcs	r3, #16
1000173a:	7013      	strb	r3, [r2, #0]
1000173c:	4770      	bx	lr
1000173e:	bf00      	nop
10001740:	200015e8 	.word	0x200015e8

10001744 <spin_lock_claim_unused>:
10001744:	b510      	push	{r4, lr}
10001746:	4c05      	ldr	r4, [pc, #20]	@ (1000175c <spin_lock_claim_unused+0x18>)
10001748:	b082      	sub	sp, #8
1000174a:	4601      	mov	r1, r0
1000174c:	231f      	movs	r3, #31
1000174e:	2218      	movs	r2, #24
10001750:	9400      	str	r4, [sp, #0]
10001752:	4803      	ldr	r0, [pc, #12]	@ (10001760 <spin_lock_claim_unused+0x1c>)
10001754:	f7ff ffaa 	bl	100016ac <hw_claim_unused_from_range>
10001758:	b002      	add	sp, #8
1000175a:	bd10      	pop	{r4, pc}
1000175c:	10007cb4 	.word	0x10007cb4
10001760:	20002050 	.word	0x20002050

10001764 <spinlock_set_extexclall>:
10001764:	f04f 22e0 	mov.w	r2, #3758153728	@ 0xe000e000
10001768:	6893      	ldr	r3, [r2, #8]
1000176a:	f043 5300 	orr.w	r3, r3, #536870912	@ 0x20000000
1000176e:	6093      	str	r3, [r2, #8]
10001770:	4770      	bx	lr
10001772:	bf00      	nop

10001774 <spin_locks_reset>:
10001774:	2100      	movs	r1, #0
10001776:	4b04      	ldr	r3, [pc, #16]	@ (10001788 <spin_locks_reset+0x14>)
10001778:	f103 0220 	add.w	r2, r3, #32
1000177c:	e8c3 1f8f 	stlb	r1, [r3]
10001780:	3301      	adds	r3, #1
10001782:	4293      	cmp	r3, r2
10001784:	d1fa      	bne.n	1000177c <spin_locks_reset+0x8>
10001786:	4770      	bx	lr
10001788:	20001c34 	.word	0x20001c34

1000178c <runtime_init_per_core_irq_priorities>:
1000178c:	f04f 23e0 	mov.w	r3, #3758153728	@ 0xe000e000
10001790:	f04f 3280 	mov.w	r2, #2155905152	@ 0x80808080
10001794:	f8c3 2400 	str.w	r2, [r3, #1024]	@ 0x400
10001798:	f8c3 2404 	str.w	r2, [r3, #1028]	@ 0x404
1000179c:	f8c3 2408 	str.w	r2, [r3, #1032]	@ 0x408
100017a0:	f8c3 240c 	str.w	r2, [r3, #1036]	@ 0x40c
100017a4:	f8c3 2410 	str.w	r2, [r3, #1040]	@ 0x410
100017a8:	f8c3 2414 	str.w	r2, [r3, #1044]	@ 0x414
100017ac:	f8c3 2418 	str.w	r2, [r3, #1048]	@ 0x418
100017b0:	f8c3 241c 	str.w	r2, [r3, #1052]	@ 0x41c
100017b4:	f8c3 2420 	str.w	r2, [r3, #1056]	@ 0x420
100017b8:	f8c3 2424 	str.w	r2, [r3, #1060]	@ 0x424
100017bc:	f8c3 2428 	str.w	r2, [r3, #1064]	@ 0x428
100017c0:	f8c3 242c 	str.w	r2, [r3, #1068]	@ 0x42c
100017c4:	f8c3 2430 	str.w	r2, [r3, #1072]	@ 0x430
100017c8:	b662      	cpsie	i
100017ca:	4770      	bx	lr

100017cc <irq_set_enabled>:
100017cc:	2301      	movs	r3, #1
100017ce:	f000 021f 	and.w	r2, r0, #31
100017d2:	4093      	lsls	r3, r2
100017d4:	0940      	lsrs	r0, r0, #5
100017d6:	b141      	cbz	r1, 100017ea <irq_set_enabled+0x1e>
100017d8:	0080      	lsls	r0, r0, #2
100017da:	f100 4060 	add.w	r0, r0, #3758096384	@ 0xe0000000
100017de:	f500 4061 	add.w	r0, r0, #57600	@ 0xe100
100017e2:	f8c0 3180 	str.w	r3, [r0, #384]	@ 0x180
100017e6:	6003      	str	r3, [r0, #0]
100017e8:	4770      	bx	lr
100017ea:	4a02      	ldr	r2, [pc, #8]	@ (100017f4 <irq_set_enabled+0x28>)
100017ec:	3020      	adds	r0, #32
100017ee:	f842 3020 	str.w	r3, [r2, r0, lsl #2]
100017f2:	4770      	bx	lr
100017f4:	e000e100 	.word	0xe000e100

100017f8 <irq_is_enabled>:
100017f8:	2301      	movs	r3, #1
100017fa:	4a06      	ldr	r2, [pc, #24]	@ (10001814 <irq_is_enabled+0x1c>)
100017fc:	0941      	lsrs	r1, r0, #5
100017fe:	f852 2021 	ldr.w	r2, [r2, r1, lsl #2]
10001802:	f000 001f 	and.w	r0, r0, #31
10001806:	fa03 f000 	lsl.w	r0, r3, r0
1000180a:	4010      	ands	r0, r2
1000180c:	3800      	subs	r0, #0
1000180e:	bf18      	it	ne
10001810:	2001      	movne	r0, #1
10001812:	4770      	bx	lr
10001814:	e000e100 	.word	0xe000e100

10001818 <irq_set_pending>:
10001818:	2201      	movs	r2, #1
1000181a:	0943      	lsrs	r3, r0, #5
1000181c:	4903      	ldr	r1, [pc, #12]	@ (1000182c <irq_set_pending+0x14>)
1000181e:	f000 001f 	and.w	r0, r0, #31
10001822:	4082      	lsls	r2, r0
10001824:	3340      	adds	r3, #64	@ 0x40
10001826:	f841 2023 	str.w	r2, [r1, r3, lsl #2]
1000182a:	4770      	bx	lr
1000182c:	e000e100 	.word	0xe000e100

10001830 <irq_has_shared_handler>:
10001830:	4a05      	ldr	r2, [pc, #20]	@ (10001848 <irq_has_shared_handler+0x18>)
10001832:	3010      	adds	r0, #16
10001834:	6892      	ldr	r2, [r2, #8]
10001836:	4b05      	ldr	r3, [pc, #20]	@ (1000184c <irq_has_shared_handler+0x1c>)
10001838:	f852 0020 	ldr.w	r0, [r2, r0, lsl #2]
1000183c:	1ac0      	subs	r0, r0, r3
1000183e:	282f      	cmp	r0, #47	@ 0x2f
10001840:	bf8c      	ite	hi
10001842:	2000      	movhi	r0, #0
10001844:	2001      	movls	r0, #1
10001846:	4770      	bx	lr
10001848:	e000ed00 	.word	0xe000ed00
1000184c:	200015ec 	.word	0x200015ec

10001850 <irq_set_exclusive_handler>:
10001850:	b5f8      	push	{r3, r4, r5, r6, r7, lr}
10001852:	460d      	mov	r5, r1
10001854:	f3ef 8710 	mrs	r7, PRIMASK
10001858:	b672      	cpsid	i
1000185a:	4e12      	ldr	r6, [pc, #72]	@ (100018a4 <irq_set_exclusive_handler+0x54>)
1000185c:	e8d6 2fcf 	ldaexb	r2, [r6]
10001860:	2301      	movs	r3, #1
10001862:	2a00      	cmp	r2, #0
10001864:	d1fa      	bne.n	1000185c <irq_set_exclusive_handler+0xc>
10001866:	e8c6 3f42 	strexb	r2, r3, [r6]
1000186a:	2a00      	cmp	r2, #0
1000186c:	d1f6      	bne.n	1000185c <irq_set_exclusive_handler+0xc>
1000186e:	f3bf 8f5f 	dmb	sy
10001872:	4b0d      	ldr	r3, [pc, #52]	@ (100018a8 <irq_set_exclusive_handler+0x58>)
10001874:	f100 0410 	add.w	r4, r0, #16
10001878:	689b      	ldr	r3, [r3, #8]
1000187a:	4a0c      	ldr	r2, [pc, #48]	@ (100018ac <irq_set_exclusive_handler+0x5c>)
1000187c:	f853 3024 	ldr.w	r3, [r3, r4, lsl #2]
10001880:	4293      	cmp	r3, r2
10001882:	d003      	beq.n	1000188c <irq_set_exclusive_handler+0x3c>
10001884:	4299      	cmp	r1, r3
10001886:	d001      	beq.n	1000188c <irq_set_exclusive_handler+0x3c>
10001888:	f001 f802 	bl	10002890 <hard_assertion_failure>
1000188c:	4b06      	ldr	r3, [pc, #24]	@ (100018a8 <irq_set_exclusive_handler+0x58>)
1000188e:	689b      	ldr	r3, [r3, #8]
10001890:	f843 5024 	str.w	r5, [r3, r4, lsl #2]
10001894:	f3bf 8f5f 	dmb	sy
10001898:	2300      	movs	r3, #0
1000189a:	e8c6 3f8f 	stlb	r3, [r6]
1000189e:	f387 8810 	msr	PRIMASK, r7
100018a2:	bdf8      	pop	{r3, r4, r5, r6, r7, pc}
100018a4:	20001c3d 	.word	0x20001c3d
100018a8:	e000ed00 	.word	0xe000ed00
100018ac:	10000111 	.word	0x10000111

100018b0 <irq_add_shared_handler>:
100018b0:	e92d 4ff0 	stmdb	sp!, {r4, r5, r6, r7, r8, r9, sl, fp, lr}
100018b4:	4681      	mov	r9, r0
100018b6:	468b      	mov	fp, r1
100018b8:	4616      	mov	r6, r2
100018ba:	b083      	sub	sp, #12
100018bc:	f3ef 8310 	mrs	r3, PRIMASK
100018c0:	b672      	cpsid	i
100018c2:	f8df a1d0 	ldr.w	sl, [pc, #464]	@ 10001a94 <irq_add_shared_handler+0x1e4>
100018c6:	9300      	str	r3, [sp, #0]
100018c8:	e8da 1fcf 	ldaexb	r1, [sl]
100018cc:	2301      	movs	r3, #1
100018ce:	2900      	cmp	r1, #0
100018d0:	d1fa      	bne.n	100018c8 <irq_add_shared_handler+0x18>
100018d2:	e8ca 3f41 	strexb	r1, r3, [sl]
100018d6:	2900      	cmp	r1, #0
100018d8:	d1f6      	bne.n	100018c8 <irq_add_shared_handler+0x18>
100018da:	f3bf 8f5f 	dmb	sy
100018de:	4b66      	ldr	r3, [pc, #408]	@ (10001a78 <irq_add_shared_handler+0x1c8>)
100018e0:	f993 4000 	ldrsb.w	r4, [r3]
100018e4:	2c00      	cmp	r4, #0
100018e6:	f2c0 80a0 	blt.w	10001a2a <irq_add_shared_handler+0x17a>
100018ea:	4d64      	ldr	r5, [pc, #400]	@ (10001a7c <irq_add_shared_handler+0x1cc>)
100018ec:	eb04 0744 	add.w	r7, r4, r4, lsl #1
100018f0:	eb05 0887 	add.w	r8, r5, r7, lsl #2
100018f4:	f898 1006 	ldrb.w	r1, [r8, #6]
100018f8:	f109 0910 	add.w	r9, r9, #16
100018fc:	7019      	strb	r1, [r3, #0]
100018fe:	4b60      	ldr	r3, [pc, #384]	@ (10001a80 <irq_add_shared_handler+0x1d0>)
10001900:	00bf      	lsls	r7, r7, #2
10001902:	689b      	ldr	r3, [r3, #8]
10001904:	f853 0029 	ldr.w	r0, [r3, r9, lsl #2]
10001908:	0063      	lsls	r3, r4, #1
1000190a:	1b41      	subs	r1, r0, r5
1000190c:	292f      	cmp	r1, #47	@ 0x2f
1000190e:	d92f      	bls.n	10001970 <irq_add_shared_handler+0xc0>
10001910:	495c      	ldr	r1, [pc, #368]	@ (10001a84 <irq_add_shared_handler+0x1d4>)
10001912:	4288      	cmp	r0, r1
10001914:	f040 80a4 	bne.w	10001a60 <irq_add_shared_handler+0x1b0>
10001918:	441c      	add	r4, r3
1000191a:	4b5b      	ldr	r3, [pc, #364]	@ (10001a88 <irq_add_shared_handler+0x1d8>)
1000191c:	3702      	adds	r7, #2
1000191e:	442f      	add	r7, r5
10001920:	3b04      	subs	r3, #4
10001922:	1bdb      	subs	r3, r3, r7
10001924:	f3c3 034a 	ubfx	r3, r3, #1, #11
10001928:	ea6f 43c3 	mvn.w	r3, r3, lsl #19
1000192c:	f44f 4121 	mov.w	r1, #41216	@ 0xa100
10001930:	ea6f 43d3 	mvn.w	r3, r3, lsr #19
10001934:	f825 1024 	strh.w	r1, [r5, r4, lsl #2]
10001938:	eb05 0484 	add.w	r4, r5, r4, lsl #2
1000193c:	8063      	strh	r3, [r4, #2]
1000193e:	f64b 5301 	movw	r3, #48385	@ 0xbd01
10001942:	80a3      	strh	r3, [r4, #4]
10001944:	23ff      	movs	r3, #255	@ 0xff
10001946:	f048 0001 	orr.w	r0, r8, #1
1000194a:	71e6      	strb	r6, [r4, #7]
1000194c:	f8c4 b008 	str.w	fp, [r4, #8]
10001950:	71a3      	strb	r3, [r4, #6]
10001952:	4b4b      	ldr	r3, [pc, #300]	@ (10001a80 <irq_add_shared_handler+0x1d0>)
10001954:	689b      	ldr	r3, [r3, #8]
10001956:	f843 0029 	str.w	r0, [r3, r9, lsl #2]
1000195a:	f3bf 8f5f 	dmb	sy
1000195e:	2300      	movs	r3, #0
10001960:	e8ca 3f8f 	stlb	r3, [sl]
10001964:	9b00      	ldr	r3, [sp, #0]
10001966:	f383 8810 	msr	PRIMASK, r3
1000196a:	b003      	add	sp, #12
1000196c:	e8bd 8ff0 	ldmia.w	sp!, {r4, r5, r6, r7, r8, r9, sl, fp, pc}
10001970:	f020 0e01 	bic.w	lr, r0, #1
10001974:	f89e 1007 	ldrb.w	r1, [lr, #7]
10001978:	42b1      	cmp	r1, r6
1000197a:	d82e      	bhi.n	100019da <irq_add_shared_handler+0x12a>
1000197c:	f44f 4321 	mov.w	r3, #41216	@ 0xa100
10001980:	53eb      	strh	r3, [r5, r7]
10001982:	4b41      	ldr	r3, [pc, #260]	@ (10001a88 <irq_add_shared_handler+0x1d8>)
10001984:	1cb9      	adds	r1, r7, #2
10001986:	4429      	add	r1, r5
10001988:	3b04      	subs	r3, #4
1000198a:	3704      	adds	r7, #4
1000198c:	1a5b      	subs	r3, r3, r1
1000198e:	442f      	add	r7, r5
10001990:	f1ae 0104 	sub.w	r1, lr, #4
10001994:	1bc9      	subs	r1, r1, r7
10001996:	f3c1 044a 	ubfx	r4, r1, #1, #11
1000199a:	493c      	ldr	r1, [pc, #240]	@ (10001a8c <irq_add_shared_handler+0x1dc>)
1000199c:	f3c3 034a 	ubfx	r3, r3, #1, #11
100019a0:	430b      	orrs	r3, r1
100019a2:	4321      	orrs	r1, r4
100019a4:	f8a8 1004 	strh.w	r1, [r8, #4]
100019a8:	4939      	ldr	r1, [pc, #228]	@ (10001a90 <irq_add_shared_handler+0x1e0>)
100019aa:	f8a8 3002 	strh.w	r3, [r8, #2]
100019ae:	f64a 20aa 	movw	r0, #43690	@ 0xaaaa
100019b2:	4673      	mov	r3, lr
100019b4:	1b5b      	subs	r3, r3, r5
100019b6:	415b      	adcs	r3, r3
100019b8:	4358      	muls	r0, r3
100019ba:	0d00      	lsrs	r0, r0, #20
100019bc:	f888 6007 	strb.w	r6, [r8, #7]
100019c0:	f888 0006 	strb.w	r0, [r8, #6]
100019c4:	f8c8 b008 	str.w	fp, [r8, #8]
100019c8:	f048 0001 	orr.w	r0, r8, #1
100019cc:	f8ce 1000 	str.w	r1, [lr]
100019d0:	e7bf      	b.n	10001952 <irq_add_shared_handler+0xa2>
100019d2:	79d1      	ldrb	r1, [r2, #7]
100019d4:	42b1      	cmp	r1, r6
100019d6:	d92e      	bls.n	10001a36 <irq_add_shared_handler+0x186>
100019d8:	4696      	mov	lr, r2
100019da:	f99e c006 	ldrsb.w	ip, [lr, #6]
100019de:	eb0c 024c 	add.w	r2, ip, ip, lsl #1
100019e2:	f1bc 0f00 	cmp.w	ip, #0
100019e6:	eb05 0282 	add.w	r2, r5, r2, lsl #2
100019ea:	daf2      	bge.n	100019d2 <irq_add_shared_handler+0x122>
100019ec:	f64b 5101 	movw	r1, #48385	@ 0xbd01
100019f0:	f10e 0204 	add.w	r2, lr, #4
100019f4:	f1a8 0704 	sub.w	r7, r8, #4
100019f8:	1abf      	subs	r7, r7, r2
100019fa:	f3c7 074a 	ubfx	r7, r7, #1, #11
100019fe:	ea6f 47c7 	mvn.w	r7, r7, lsl #19
10001a02:	ea6f 47d7 	mvn.w	r7, r7, lsr #19
10001a06:	f88e 4006 	strb.w	r4, [lr, #6]
10001a0a:	eb03 0804 	add.w	r8, r3, r4
10001a0e:	4c20      	ldr	r4, [pc, #128]	@ (10001a90 <irq_add_shared_handler+0x1e0>)
10001a10:	eb05 0388 	add.w	r3, r5, r8, lsl #2
10001a14:	f8ae 7004 	strh.w	r7, [lr, #4]
10001a18:	f845 4028 	str.w	r4, [r5, r8, lsl #2]
10001a1c:	8099      	strh	r1, [r3, #4]
10001a1e:	f883 c006 	strb.w	ip, [r3, #6]
10001a22:	71de      	strb	r6, [r3, #7]
10001a24:	f8c3 b008 	str.w	fp, [r3, #8]
10001a28:	e793      	b.n	10001952 <irq_add_shared_handler+0xa2>
10001a2a:	f000 ff31 	bl	10002890 <hard_assertion_failure>
10001a2e:	4b12      	ldr	r3, [pc, #72]	@ (10001a78 <irq_add_shared_handler+0x1c8>)
10001a30:	f993 4000 	ldrsb.w	r4, [r3]
10001a34:	e759      	b.n	100018ea <irq_add_shared_handler+0x3a>
10001a36:	4672      	mov	r2, lr
10001a38:	f832 1f04 	ldrh.w	r1, [r2, #4]!
10001a3c:	0549      	lsls	r1, r1, #21
10001a3e:	d414      	bmi.n	10001a6a <irq_add_shared_handler+0x1ba>
10001a40:	1549      	asrs	r1, r1, #21
10001a42:	3102      	adds	r1, #2
10001a44:	eb02 0141 	add.w	r1, r2, r1, lsl #1
10001a48:	9101      	str	r1, [sp, #4]
10001a4a:	f06f 0107 	mvn.w	r1, #7
10001a4e:	1bc9      	subs	r1, r1, r7
10001a50:	9f01      	ldr	r7, [sp, #4]
10001a52:	1b49      	subs	r1, r1, r5
10001a54:	4439      	add	r1, r7
10001a56:	f3c1 014a 	ubfx	r1, r1, #1, #11
10001a5a:	f441 4160 	orr.w	r1, r1, #57344	@ 0xe000
10001a5e:	e7c9      	b.n	100019f4 <irq_add_shared_handler+0x144>
10001a60:	9301      	str	r3, [sp, #4]
10001a62:	f000 ff15 	bl	10002890 <hard_assertion_failure>
10001a66:	9b01      	ldr	r3, [sp, #4]
10001a68:	e756      	b.n	10001918 <irq_add_shared_handler+0x68>
10001a6a:	f501 11ff 	add.w	r1, r1, #2088960	@ 0x1fe000
10001a6e:	f501 51ff 	add.w	r1, r1, #8160	@ 0x1fe0
10001a72:	311f      	adds	r1, #31
10001a74:	e7e4      	b.n	10001a40 <irq_add_shared_handler+0x190>
10001a76:	bf00      	nop
10001a78:	20002528 	.word	0x20002528
10001a7c:	200015ec 	.word	0x200015ec
10001a80:	e000ed00 	.word	0xe000ed00
10001a84:	10000111 	.word	0x10000111
10001a88:	2000161c 	.word	0x2000161c
10001a8c:	ffffe000 	.word	0xffffe000
10001a90:	47804801 	.word	0x47804801
10001a94:	20001c3d 	.word	0x20001c3d

10001a98 <irq_add_tail_to_free_list>:
10001a98:	b5f0      	push	{r4, r5, r6, r7, lr}
10001a9a:	f3ef 8505 	mrs	r5, IPSR
10001a9e:	b2ed      	uxtb	r5, r5
10001aa0:	f3ef 8c10 	mrs	ip, PRIMASK
10001aa4:	b672      	cpsid	i
10001aa6:	4926      	ldr	r1, [pc, #152]	@ (10001b40 <irq_add_tail_to_free_list+0xa8>)
10001aa8:	e8d1 2fcf 	ldaexb	r2, [r1]
10001aac:	2301      	movs	r3, #1
10001aae:	2a00      	cmp	r2, #0
10001ab0:	d1fa      	bne.n	10001aa8 <irq_add_tail_to_free_list+0x10>
10001ab2:	e8c1 3f42 	strexb	r2, r3, [r1]
10001ab6:	2a00      	cmp	r2, #0
10001ab8:	d1f6      	bne.n	10001aa8 <irq_add_tail_to_free_list+0x10>
10001aba:	f3bf 8f5f 	dmb	sy
10001abe:	4e21      	ldr	r6, [pc, #132]	@ (10001b44 <irq_add_tail_to_free_list+0xac>)
10001ac0:	f040 0e01 	orr.w	lr, r0, #1
10001ac4:	68b4      	ldr	r4, [r6, #8]
10001ac6:	f64a 23aa 	movw	r3, #43690	@ 0xaaaa
10001aca:	f854 7025 	ldr.w	r7, [r4, r5, lsl #2]
10001ace:	4a1e      	ldr	r2, [pc, #120]	@ (10001b48 <irq_add_tail_to_free_list+0xb0>)
10001ad0:	4604      	mov	r4, r0
10001ad2:	1aa4      	subs	r4, r4, r2
10001ad4:	4164      	adcs	r4, r4
10001ad6:	4363      	muls	r3, r4
10001ad8:	0d1b      	lsrs	r3, r3, #20
10001ada:	4577      	cmp	r7, lr
10001adc:	b25b      	sxtb	r3, r3
10001ade:	d01b      	beq.n	10001b18 <irq_add_tail_to_free_list+0x80>
10001ae0:	f992 4006 	ldrsb.w	r4, [r2, #6]
10001ae4:	429c      	cmp	r4, r3
10001ae6:	d01c      	beq.n	10001b22 <irq_add_tail_to_free_list+0x8a>
10001ae8:	f992 4012 	ldrsb.w	r4, [r2, #18]
10001aec:	429c      	cmp	r4, r3
10001aee:	d023      	beq.n	10001b38 <irq_add_tail_to_free_list+0xa0>
10001af0:	f992 401e 	ldrsb.w	r4, [r2, #30]
10001af4:	429c      	cmp	r4, r3
10001af6:	d021      	beq.n	10001b3c <irq_add_tail_to_free_list+0xa4>
10001af8:	f992 402a 	ldrsb.w	r4, [r2, #42]	@ 0x2a
10001afc:	429c      	cmp	r4, r3
10001afe:	bf08      	it	eq
10001b00:	2403      	moveq	r4, #3
10001b02:	d00f      	beq.n	10001b24 <irq_add_tail_to_free_list+0x8c>
10001b04:	4a11      	ldr	r2, [pc, #68]	@ (10001b4c <irq_add_tail_to_free_list+0xb4>)
10001b06:	2400      	movs	r4, #0
10001b08:	7815      	ldrb	r5, [r2, #0]
10001b0a:	7013      	strb	r3, [r2, #0]
10001b0c:	7185      	strb	r5, [r0, #6]
10001b0e:	e8c1 4f8f 	stlb	r4, [r1]
10001b12:	f38c 8810 	msr	PRIMASK, ip
10001b16:	bdf0      	pop	{r4, r5, r6, r7, pc}
10001b18:	68b2      	ldr	r2, [r6, #8]
10001b1a:	4c0d      	ldr	r4, [pc, #52]	@ (10001b50 <irq_add_tail_to_free_list+0xb8>)
10001b1c:	f842 4025 	str.w	r4, [r2, r5, lsl #2]
10001b20:	e7f0      	b.n	10001b04 <irq_add_tail_to_free_list+0x6c>
10001b22:	2400      	movs	r4, #0
10001b24:	eb04 0444 	add.w	r4, r4, r4, lsl #1
10001b28:	eb02 0284 	add.w	r2, r2, r4, lsl #2
10001b2c:	24ff      	movs	r4, #255	@ 0xff
10001b2e:	7194      	strb	r4, [r2, #6]
10001b30:	f64b 5401 	movw	r4, #48385	@ 0xbd01
10001b34:	8094      	strh	r4, [r2, #4]
10001b36:	e7e5      	b.n	10001b04 <irq_add_tail_to_free_list+0x6c>
10001b38:	2401      	movs	r4, #1
10001b3a:	e7f3      	b.n	10001b24 <irq_add_tail_to_free_list+0x8c>
10001b3c:	2402      	movs	r4, #2
10001b3e:	e7f1      	b.n	10001b24 <irq_add_tail_to_free_list+0x8c>
10001b40:	20001c3d 	.word	0x20001c3d
10001b44:	e000ed00 	.word	0xe000ed00
10001b48:	200015ec 	.word	0x200015ec
10001b4c:	20002528 	.word	0x20002528
10001b50:	10000111 	.word	0x10000111

10001b54 <user_irq_claim_unused>:
10001b54:	b510      	push	{r4, lr}
10001b56:	4c07      	ldr	r4, [pc, #28]	@ (10001b74 <user_irq_claim_unused+0x20>)
10001b58:	b082      	sub	sp, #8
10001b5a:	4601      	mov	r1, r0
10001b5c:	2305      	movs	r3, #5
10001b5e:	2200      	movs	r2, #0
10001b60:	9400      	str	r4, [sp, #0]
10001b62:	4805      	ldr	r0, [pc, #20]	@ (10001b78 <user_irq_claim_unused+0x24>)
10001b64:	f7ff fda2 	bl	100016ac <hw_claim_unused_from_range>
10001b68:	2800      	cmp	r0, #0
10001b6a:	bfa8      	it	ge
10001b6c:	f1c0 0033 	rsbge	r0, r0, #51	@ 0x33
10001b70:	b002      	add	sp, #8
10001b72:	bd10      	pop	{r4, pc}
10001b74:	10007cd0 	.word	0x10007cd0
10001b78:	2000252e 	.word	0x2000252e

10001b7c <lock_init>:
10001b7c:	4b01      	ldr	r3, [pc, #4]	@ (10001b84 <lock_init+0x8>)
10001b7e:	440b      	add	r3, r1
10001b80:	6003      	str	r3, [r0, #0]
10001b82:	4770      	bx	lr
10001b84:	20001c34 	.word	0x20001c34

10001b88 <runtime_init_mutex>:
10001b88:	b570      	push	{r4, r5, r6, lr}
10001b8a:	4c10      	ldr	r4, [pc, #64]	@ (10001bcc <runtime_init_mutex+0x44>)
10001b8c:	4d10      	ldr	r5, [pc, #64]	@ (10001bd0 <runtime_init_mutex+0x48>)
10001b8e:	42ac      	cmp	r4, r5
10001b90:	d20e      	bcs.n	10001bb0 <runtime_init_mutex+0x28>
10001b92:	26ff      	movs	r6, #255	@ 0xff
10001b94:	6823      	ldr	r3, [r4, #0]
10001b96:	b163      	cbz	r3, 10001bb2 <runtime_init_mutex+0x2a>
10001b98:	f7ff fdc8 	bl	1000172c <next_striped_spin_lock_num>
10001b9c:	4601      	mov	r1, r0
10001b9e:	4620      	mov	r0, r4
10001ba0:	f7ff ffec 	bl	10001b7c <lock_init>
10001ba4:	80a6      	strh	r6, [r4, #4]
10001ba6:	f3bf 8f5f 	dmb	sy
10001baa:	3408      	adds	r4, #8
10001bac:	42ac      	cmp	r4, r5
10001bae:	d3f1      	bcc.n	10001b94 <runtime_init_mutex+0xc>
10001bb0:	bd70      	pop	{r4, r5, r6, pc}
10001bb2:	f7ff fdbb 	bl	1000172c <next_striped_spin_lock_num>
10001bb6:	4601      	mov	r1, r0
10001bb8:	4620      	mov	r0, r4
10001bba:	f7ff ffdf 	bl	10001b7c <lock_init>
10001bbe:	7126      	strb	r6, [r4, #4]
10001bc0:	f3bf 8f5f 	dmb	sy
10001bc4:	3408      	adds	r4, #8
10001bc6:	42ac      	cmp	r4, r5
10001bc8:	d3e4      	bcc.n	10001b94 <runtime_init_mutex+0xc>
10001bca:	bd70      	pop	{r4, r5, r6, pc}
10001bcc:	200017c8 	.word	0x200017c8
10001bd0:	200017d0 	.word	0x200017d0

10001bd4 <mutex_init>:
10001bd4:	b510      	push	{r4, lr}
10001bd6:	4604      	mov	r4, r0
10001bd8:	f7ff fda8 	bl	1000172c <next_striped_spin_lock_num>
10001bdc:	4601      	mov	r1, r0
10001bde:	4620      	mov	r0, r4
10001be0:	f7ff ffcc 	bl	10001b7c <lock_init>
10001be4:	23ff      	movs	r3, #255	@ 0xff
10001be6:	7123      	strb	r3, [r4, #4]
10001be8:	f3bf 8f5f 	dmb	sy
10001bec:	bd10      	pop	{r4, pc}
10001bee:	bf00      	nop

10001bf0 <critical_section_init>:
10001bf0:	b510      	push	{r4, lr}
10001bf2:	4604      	mov	r4, r0
10001bf4:	2001      	movs	r0, #1
10001bf6:	f7ff fda5 	bl	10001744 <spin_lock_claim_unused>
10001bfa:	4b03      	ldr	r3, [pc, #12]	@ (10001c08 <critical_section_init+0x18>)
10001bfc:	4403      	add	r3, r0
10001bfe:	6023      	str	r3, [r4, #0]
10001c00:	f3bf 8f5f 	dmb	sy
10001c04:	bd10      	pop	{r4, pc}
10001c06:	bf00      	nop
10001c08:	20001c34 	.word	0x20001c34

10001c0c <critical_section_init_with_lock_num>:
10001c0c:	4b02      	ldr	r3, [pc, #8]	@ (10001c18 <critical_section_init_with_lock_num+0xc>)
10001c0e:	440b      	add	r3, r1
10001c10:	6003      	str	r3, [r0, #0]
10001c12:	f3bf 8f5f 	dmb	sy
10001c16:	4770      	bx	lr
10001c18:	20001c34 	.word	0x20001c34

10001c1c <sleep_until_callback>:
10001c1c:	4b0d      	ldr	r3, [pc, #52]	@ (10001c54 <sleep_until_callback+0x38>)
10001c1e:	681a      	ldr	r2, [r3, #0]
10001c20:	f3ef 8110 	mrs	r1, PRIMASK
10001c24:	b672      	cpsid	i
10001c26:	e8d2 cfcf 	ldaexb	ip, [r2]
10001c2a:	2001      	movs	r0, #1
10001c2c:	f1bc 0f00 	cmp.w	ip, #0
10001c30:	d1f9      	bne.n	10001c26 <sleep_until_callback+0xa>
10001c32:	e8c2 0f4c 	strexb	ip, r0, [r2]
10001c36:	f1bc 0f00 	cmp.w	ip, #0
10001c3a:	d1f4      	bne.n	10001c26 <sleep_until_callback+0xa>
10001c3c:	f3bf 8f5f 	dmb	sy
10001c40:	2200      	movs	r2, #0
10001c42:	681b      	ldr	r3, [r3, #0]
10001c44:	e8c3 2f8f 	stlb	r2, [r3]
10001c48:	f381 8810 	msr	PRIMASK, r1
10001c4c:	bf40      	sev
10001c4e:	2000      	movs	r0, #0
10001c50:	2100      	movs	r1, #0
10001c52:	4770      	bx	lr
10001c54:	20002508 	.word	0x20002508

10001c58 <alarm_pool_irq_handler>:
10001c58:	e92d 4ff0 	stmdb	sp!, {r4, r5, r6, r7, r8, r9, sl, fp, lr}
10001c5c:	ed2d 8b02 	vpush	{d8}
10001c60:	b085      	sub	sp, #20
10001c62:	f3ef 8305 	mrs	r3, IPSR
10001c66:	b2db      	uxtb	r3, r3
10001c68:	3b10      	subs	r3, #16
10001c6a:	089a      	lsrs	r2, r3, #2
10001c6c:	bf18      	it	ne
10001c6e:	2201      	movne	r2, #1
10001c70:	f04f 0101 	mov.w	r1, #1
10001c74:	f003 0b03 	and.w	fp, r3, #3
10001c78:	bf18      	it	ne
10001c7a:	4daf      	ldrne	r5, [pc, #700]	@ (10001f38 <alarm_pool_irq_handler+0x2e0>)
10001c7c:	4baf      	ldr	r3, [pc, #700]	@ (10001f3c <alarm_pool_irq_handler+0x2e4>)
10001c7e:	bf08      	it	eq
10001c80:	4daf      	ldreq	r5, [pc, #700]	@ (10001f40 <alarm_pool_irq_handler+0x2e8>)
10001c82:	eb0b 0282 	add.w	r2, fp, r2, lsl #2
10001c86:	f853 6022 	ldr.w	r6, [r3, r2, lsl #2]
10001c8a:	fa01 f20b 	lsl.w	r2, r1, fp
10001c8e:	f505 5341 	add.w	r3, r5, #12352	@ 0x3040
10001c92:	ed9f 8ba7 	vldr	d8, [pc, #668]	@ 10001f30 <alarm_pool_irq_handler+0x2d8>
10001c96:	9201      	str	r2, [sp, #4]
10001c98:	605a      	str	r2, [r3, #4]
10001c9a:	e02f      	b.n	10001cfc <alarm_pool_irq_handler+0xa4>
10001c9c:	88b3      	ldrh	r3, [r6, #4]
10001c9e:	041c      	lsls	r4, r3, #16
10001ca0:	f140 8093 	bpl.w	10001dca <alarm_pool_irq_handler+0x172>
10001ca4:	79b3      	ldrb	r3, [r6, #6]
10001ca6:	2b00      	cmp	r3, #0
10001ca8:	f040 80dd 	bne.w	10001e66 <alarm_pool_irq_handler+0x20e>
10001cac:	f9b6 2008 	ldrsh.w	r2, [r6, #8]
10001cb0:	2a00      	cmp	r2, #0
10001cb2:	f2c0 811e 	blt.w	10001ef2 <alarm_pool_irq_handler+0x29a>
10001cb6:	6973      	ldr	r3, [r6, #20]
10001cb8:	eb02 0242 	add.w	r2, r2, r2, lsl #1
10001cbc:	eb03 03c2 	add.w	r3, r3, r2, lsl #3
10001cc0:	e9d3 4702 	ldrd	r4, r7, [r3, #8]
10001cc4:	f1b7 3fff 	cmp.w	r7, #4294967295
10001cc8:	bf08      	it	eq
10001cca:	f1b4 3fff 	cmpeq.w	r4, #4294967295
10001cce:	d00e      	beq.n	10001cee <alarm_pool_irq_handler+0x96>
10001cd0:	eb05 018b 	add.w	r1, r5, fp, lsl #2
10001cd4:	6aab      	ldr	r3, [r5, #40]	@ 0x28
10001cd6:	690a      	ldr	r2, [r1, #16]
10001cd8:	1ad2      	subs	r2, r2, r3
10001cda:	1ae3      	subs	r3, r4, r3
10001cdc:	4293      	cmp	r3, r2
10001cde:	d305      	bcc.n	10001cec <alarm_pool_irq_handler+0x94>
10001ce0:	2301      	movs	r3, #1
10001ce2:	6a2a      	ldr	r2, [r5, #32]
10001ce4:	fa03 f30b 	lsl.w	r3, r3, fp
10001ce8:	4213      	tst	r3, r2
10001cea:	d100      	bne.n	10001cee <alarm_pool_irq_handler+0x96>
10001cec:	610c      	str	r4, [r1, #16]
10001cee:	4628      	mov	r0, r5
10001cf0:	f000 fc0a 	bl	10002508 <timer_time_us_64>
10001cf4:	42a0      	cmp	r0, r4
10001cf6:	41b9      	sbcs	r1, r7
10001cf8:	f2c0 80fb 	blt.w	10001ef2 <alarm_pool_irq_handler+0x29a>
10001cfc:	f9b6 3008 	ldrsh.w	r3, [r6, #8]
10001d00:	9a01      	ldr	r2, [sp, #4]
10001d02:	2b00      	cmp	r3, #0
10001d04:	9300      	str	r3, [sp, #0]
10001d06:	63ea      	str	r2, [r5, #60]	@ 0x3c
10001d08:	dbc8      	blt.n	10001c9c <alarm_pool_irq_handler+0x44>
10001d0a:	f8d6 8014 	ldr.w	r8, [r6, #20]
10001d0e:	eb03 0943 	add.w	r9, r3, r3, lsl #1
10001d12:	4628      	mov	r0, r5
10001d14:	eb08 07c9 	add.w	r7, r8, r9, lsl #3
10001d18:	e9d7 4a02 	ldrd	r4, sl, [r7, #8]
10001d1c:	f000 fbf4 	bl	10002508 <timer_time_us_64>
10001d20:	42a0      	cmp	r0, r4
10001d22:	eb71 010a 	sbcs.w	r1, r1, sl
10001d26:	dbb9      	blt.n	10001c9c <alarm_pool_irq_handler+0x44>
10001d28:	f1ba 0f00 	cmp.w	sl, #0
10001d2c:	f2c0 80c3 	blt.w	10001eb6 <alarm_pool_irq_handler+0x25e>
10001d30:	e9d7 3104 	ldrd	r3, r1, [r7, #16]
10001d34:	4a83      	ldr	r2, [pc, #524]	@ (10001f44 <alarm_pool_irq_handler+0x2ec>)
10001d36:	4293      	cmp	r3, r2
10001d38:	f000 80ed 	beq.w	10001f16 <alarm_pool_irq_handler+0x2be>
10001d3c:	887a      	ldrh	r2, [r7, #2]
10001d3e:	f9b6 0008 	ldrsh.w	r0, [r6, #8]
10001d42:	b292      	uxth	r2, r2
10001d44:	ea42 4000 	orr.w	r0, r2, r0, lsl #16
10001d48:	4798      	blx	r3
10001d4a:	4602      	mov	r2, r0
10001d4c:	460b      	mov	r3, r1
10001d4e:	ea52 0103 	orrs.w	r1, r2, r3
10001d52:	f000 80b0 	beq.w	10001eb6 <alarm_pool_irq_handler+0x25e>
10001d56:	2b00      	cmp	r3, #0
10001d58:	f280 80d1 	bge.w	10001efe <alarm_pool_irq_handler+0x2a6>
10001d5c:	ebb4 0e02 	subs.w	lr, r4, r2
10001d60:	eb6a 0a03 	sbc.w	sl, sl, r3
10001d64:	f938 3039 	ldrsh.w	r3, [r8, r9, lsl #3]
10001d68:	e9c7 ea02 	strd	lr, sl, [r7, #8]
10001d6c:	2b00      	cmp	r3, #0
10001d6e:	db95      	blt.n	10001c9c <alarm_pool_irq_handler+0x44>
10001d70:	6971      	ldr	r1, [r6, #20]
10001d72:	eb03 0243 	add.w	r2, r3, r3, lsl #1
10001d76:	eb01 02c2 	add.w	r2, r1, r2, lsl #3
10001d7a:	e9d2 7002 	ldrd	r7, r0, [r2, #8]
10001d7e:	45be      	cmp	lr, r7
10001d80:	eb7a 0c00 	sbcs.w	ip, sl, r0
10001d84:	ea4f 0243 	mov.w	r2, r3, lsl #1
10001d88:	db88      	blt.n	10001c9c <alarm_pool_irq_handler+0x44>
10001d8a:	46b4      	mov	ip, r6
10001d8c:	f82c 3f08 	strh.w	r3, [ip, #8]!
10001d90:	e006      	b.n	10001da0 <alarm_pool_irq_handler+0x148>
10001d92:	eb03 0043 	add.w	r0, r3, r3, lsl #1
10001d96:	eb01 00c0 	add.w	r0, r1, r0, lsl #3
10001d9a:	005a      	lsls	r2, r3, #1
10001d9c:	e9d0 7002 	ldrd	r7, r0, [r0, #8]
10001da0:	45be      	cmp	lr, r7
10001da2:	441a      	add	r2, r3
10001da4:	eb7a 0000 	sbcs.w	r0, sl, r0
10001da8:	eb01 04c2 	add.w	r4, r1, r2, lsl #3
10001dac:	db04      	blt.n	10001db8 <alarm_pool_irq_handler+0x160>
10001dae:	f931 3032 	ldrsh.w	r3, [r1, r2, lsl #3]
10001db2:	46a4      	mov	ip, r4
10001db4:	2b00      	cmp	r3, #0
10001db6:	daec      	bge.n	10001d92 <alarm_pool_irq_handler+0x13a>
10001db8:	f828 3039 	strh.w	r3, [r8, r9, lsl #3]
10001dbc:	9b00      	ldr	r3, [sp, #0]
10001dbe:	f8ac 3000 	strh.w	r3, [ip]
10001dc2:	88b3      	ldrh	r3, [r6, #4]
10001dc4:	041c      	lsls	r4, r3, #16
10001dc6:	f53f af6d 	bmi.w	10001ca4 <alarm_pool_irq_handler+0x4c>
10001dca:	6933      	ldr	r3, [r6, #16]
10001dcc:	f3ef 8210 	mrs	r2, PRIMASK
10001dd0:	b672      	cpsid	i
10001dd2:	e8d3 0fcf 	ldaexb	r0, [r3]
10001dd6:	2101      	movs	r1, #1
10001dd8:	2800      	cmp	r0, #0
10001dda:	d1fa      	bne.n	10001dd2 <alarm_pool_irq_handler+0x17a>
10001ddc:	e8c3 1f40 	strexb	r0, r1, [r3]
10001de0:	2800      	cmp	r0, #0
10001de2:	d1f6      	bne.n	10001dd2 <alarm_pool_irq_handler+0x17a>
10001de4:	f3bf 8f5f 	dmb	sy
10001de8:	f64f 74ff 	movw	r4, #65535	@ 0xffff
10001dec:	88b0      	ldrh	r0, [r6, #4]
10001dee:	2300      	movs	r3, #0
10001df0:	6931      	ldr	r1, [r6, #16]
10001df2:	b200      	sxth	r0, r0
10001df4:	80b4      	strh	r4, [r6, #4]
10001df6:	e8c1 3f8f 	stlb	r3, [r1]
10001dfa:	f382 8810 	msr	PRIMASK, r2
10001dfe:	4298      	cmp	r0, r3
10001e00:	f6ff af50 	blt.w	10001ca4 <alarm_pool_irq_handler+0x4c>
10001e04:	4607      	mov	r7, r0
10001e06:	46a9      	mov	r9, r5
10001e08:	6974      	ldr	r4, [r6, #20]
10001e0a:	f106 0808 	add.w	r8, r6, #8
10001e0e:	eb07 0e47 	add.w	lr, r7, r7, lsl #1
10001e12:	eb04 03ce 	add.w	r3, r4, lr, lsl #3
10001e16:	e9d3 5002 	ldrd	r5, r0, [r3, #8]
10001e1a:	f9b6 3008 	ldrsh.w	r3, [r6, #8]
10001e1e:	46c4      	mov	ip, r8
10001e20:	2b00      	cmp	r3, #0
10001e22:	db13      	blt.n	10001e4c <alarm_pool_irq_handler+0x1f4>
10001e24:	46b2      	mov	sl, r6
10001e26:	9700      	str	r7, [sp, #0]
10001e28:	e004      	b.n	10001e34 <alarm_pool_irq_handler+0x1dc>
10001e2a:	f934 3036 	ldrsh.w	r3, [r4, r6, lsl #3]
10001e2e:	4694      	mov	ip, r2
10001e30:	2b00      	cmp	r3, #0
10001e32:	db09      	blt.n	10001e48 <alarm_pool_irq_handler+0x1f0>
10001e34:	eb03 0643 	add.w	r6, r3, r3, lsl #1
10001e38:	eb04 02c6 	add.w	r2, r4, r6, lsl #3
10001e3c:	e9d2 7102 	ldrd	r7, r1, [r2, #8]
10001e40:	42bd      	cmp	r5, r7
10001e42:	eb70 0101 	sbcs.w	r1, r0, r1
10001e46:	daf0      	bge.n	10001e2a <alarm_pool_irq_handler+0x1d2>
10001e48:	4656      	mov	r6, sl
10001e4a:	9f00      	ldr	r7, [sp, #0]
10001e4c:	f8ac 7000 	strh.w	r7, [ip]
10001e50:	f934 703e 	ldrsh.w	r7, [r4, lr, lsl #3]
10001e54:	f824 303e 	strh.w	r3, [r4, lr, lsl #3]
10001e58:	2f00      	cmp	r7, #0
10001e5a:	dad8      	bge.n	10001e0e <alarm_pool_irq_handler+0x1b6>
10001e5c:	79b3      	ldrb	r3, [r6, #6]
10001e5e:	464d      	mov	r5, r9
10001e60:	2b00      	cmp	r3, #0
10001e62:	f43f af23 	beq.w	10001cac <alarm_pool_irq_handler+0x54>
10001e66:	2300      	movs	r3, #0
10001e68:	71b3      	strb	r3, [r6, #6]
10001e6a:	f9b6 3008 	ldrsh.w	r3, [r6, #8]
10001e6e:	f106 0808 	add.w	r8, r6, #8
10001e72:	1c58      	adds	r0, r3, #1
10001e74:	d03d      	beq.n	10001ef2 <alarm_pool_irq_handler+0x29a>
10001e76:	461a      	mov	r2, r3
10001e78:	6977      	ldr	r7, [r6, #20]
10001e7a:	e003      	b.n	10001e84 <alarm_pool_irq_handler+0x22c>
10001e7c:	4680      	mov	r8, r0
10001e7e:	1c59      	adds	r1, r3, #1
10001e80:	f43f af16 	beq.w	10001cb0 <alarm_pool_irq_handler+0x58>
10001e84:	eb03 0143 	add.w	r1, r3, r3, lsl #1
10001e88:	eb07 00c1 	add.w	r0, r7, r1, lsl #3
10001e8c:	f8b0 c002 	ldrh.w	ip, [r0, #2]
10001e90:	461c      	mov	r4, r3
10001e92:	f41c 4f00 	tst.w	ip, #32768	@ 0x8000
10001e96:	469e      	mov	lr, r3
10001e98:	f937 3031 	ldrsh.w	r3, [r7, r1, lsl #3]
10001e9c:	d0ee      	beq.n	10001e7c <alarm_pool_irq_handler+0x224>
10001e9e:	4294      	cmp	r4, r2
10001ea0:	ed80 8b02 	vstr	d8, [r0, #8]
10001ea4:	d005      	beq.n	10001eb2 <alarm_pool_irq_handler+0x25a>
10001ea6:	f8a8 3000 	strh.w	r3, [r8]
10001eaa:	8932      	ldrh	r2, [r6, #8]
10001eac:	f827 2031 	strh.w	r2, [r7, r1, lsl #3]
10001eb0:	8134      	strh	r4, [r6, #8]
10001eb2:	4672      	mov	r2, lr
10001eb4:	e7e3      	b.n	10001e7e <alarm_pool_irq_handler+0x226>
10001eb6:	f838 3039 	ldrh.w	r3, [r8, r9, lsl #3]
10001eba:	8133      	strh	r3, [r6, #8]
10001ebc:	6933      	ldr	r3, [r6, #16]
10001ebe:	f3ef 8210 	mrs	r2, PRIMASK
10001ec2:	b672      	cpsid	i
10001ec4:	e8d3 0fcf 	ldaexb	r0, [r3]
10001ec8:	2101      	movs	r1, #1
10001eca:	2800      	cmp	r0, #0
10001ecc:	d1fa      	bne.n	10001ec4 <alarm_pool_irq_handler+0x26c>
10001ece:	e8c3 1f40 	strexb	r0, r1, [r3]
10001ed2:	2800      	cmp	r0, #0
10001ed4:	d1f6      	bne.n	10001ec4 <alarm_pool_irq_handler+0x26c>
10001ed6:	f3bf 8f5f 	dmb	sy
10001eda:	8873      	ldrh	r3, [r6, #2]
10001edc:	6931      	ldr	r1, [r6, #16]
10001ede:	f828 3039 	strh.w	r3, [r8, r9, lsl #3]
10001ee2:	9b00      	ldr	r3, [sp, #0]
10001ee4:	8073      	strh	r3, [r6, #2]
10001ee6:	2300      	movs	r3, #0
10001ee8:	e8c1 3f8f 	stlb	r3, [r1]
10001eec:	f382 8810 	msr	PRIMASK, r2
10001ef0:	e6d4      	b.n	10001c9c <alarm_pool_irq_handler+0x44>
10001ef2:	bf40      	sev
10001ef4:	b005      	add	sp, #20
10001ef6:	ecbd 8b02 	vpop	{d8}
10001efa:	e8bd 8ff0 	ldmia.w	sp!, {r4, r5, r6, r7, r8, r9, sl, fp, pc}
10001efe:	4628      	mov	r0, r5
10001f00:	e9cd 2302 	strd	r2, r3, [sp, #8]
10001f04:	f000 fb00 	bl	10002508 <timer_time_us_64>
10001f08:	9a02      	ldr	r2, [sp, #8]
10001f0a:	9b03      	ldr	r3, [sp, #12]
10001f0c:	eb10 0e02 	adds.w	lr, r0, r2
10001f10:	eb43 0a01 	adc.w	sl, r3, r1
10001f14:	e726      	b.n	10001d64 <alarm_pool_irq_handler+0x10c>
10001f16:	4608      	mov	r0, r1
10001f18:	690b      	ldr	r3, [r1, #16]
10001f1a:	9102      	str	r1, [sp, #8]
10001f1c:	4798      	blx	r3
10001f1e:	2800      	cmp	r0, #0
10001f20:	d0c9      	beq.n	10001eb6 <alarm_pool_irq_handler+0x25e>
10001f22:	9902      	ldr	r1, [sp, #8]
10001f24:	e9d1 2300 	ldrd	r2, r3, [r1]
10001f28:	e711      	b.n	10001d4e <alarm_pool_irq_handler+0xf6>
10001f2a:	bf00      	nop
10001f2c:	f3af 8000 	nop.w
10001f30:	ffffffff 	.word	0xffffffff
10001f34:	ffffffff 	.word	0xffffffff
10001f38:	400b8000 	.word	0x400b8000
10001f3c:	200024e0 	.word	0x200024e0
10001f40:	400b0000 	.word	0x400b0000
10001f44:	10001c59 	.word	0x10001c59

10001f48 <runtime_init_default_alarm_pool>:
10001f48:	e92d 4ff8 	stmdb	sp!, {r3, r4, r5, r6, r7, r8, r9, sl, fp, lr}
10001f4c:	4c36      	ldr	r4, [pc, #216]	@ (10002028 <runtime_init_default_alarm_pool+0xe0>)
10001f4e:	6925      	ldr	r5, [r4, #16]
10001f50:	b12d      	cbz	r5, 10001f5e <runtime_init_default_alarm_pool+0x16>
10001f52:	e8bd 4ff8 	ldmia.w	sp!, {r3, r4, r5, r6, r7, r8, r9, sl, fp, lr}
10001f56:	210a      	movs	r1, #10
10001f58:	4834      	ldr	r0, [pc, #208]	@ (1000202c <runtime_init_default_alarm_pool+0xe4>)
10001f5a:	f7ff be0f 	b.w	10001b7c <lock_init>
10001f5e:	f8df 80e4 	ldr.w	r8, [pc, #228]	@ 10002044 <runtime_init_default_alarm_pool+0xfc>
10001f62:	2103      	movs	r1, #3
10001f64:	4640      	mov	r0, r8
10001f66:	f000 fabd 	bl	100024e4 <timer_hardware_alarm_claim>
10001f6a:	2603      	movs	r6, #3
10001f6c:	f8c4 800c 	str.w	r8, [r4, #12]
10001f70:	f7ff fbdc 	bl	1000172c <next_striped_spin_lock_num>
10001f74:	f04f 4c50 	mov.w	ip, #3489660928	@ 0xd0000000
10001f78:	4b2d      	ldr	r3, [pc, #180]	@ (10002030 <runtime_init_default_alarm_pool+0xe8>)
10001f7a:	7026      	strb	r6, [r4, #0]
10001f7c:	4403      	add	r3, r0
10001f7e:	6123      	str	r3, [r4, #16]
10001f80:	f8dc 3000 	ldr.w	r3, [ip]
10001f84:	210f      	movs	r1, #15
10001f86:	7063      	strb	r3, [r4, #1]
10001f88:	6963      	ldr	r3, [r4, #20]
10001f8a:	8061      	strh	r1, [r4, #2]
10001f8c:	831d      	strh	r5, [r3, #24]
10001f8e:	f04f 0504 	mov.w	r5, #4
10001f92:	f8a3 5078 	strh.w	r5, [r3, #120]	@ 0x78
10001f96:	f04f 0505 	mov.w	r5, #5
10001f9a:	f8a3 5090 	strh.w	r5, [r3, #144]	@ 0x90
10001f9e:	f04f 0506 	mov.w	r5, #6
10001fa2:	f8a3 50a8 	strh.w	r5, [r3, #168]	@ 0xa8
10001fa6:	f04f 0507 	mov.w	r5, #7
10001faa:	210e      	movs	r1, #14
10001fac:	f64f 72ff 	movw	r2, #65535	@ 0xffff
10001fb0:	2708      	movs	r7, #8
10001fb2:	f04f 0e0a 	mov.w	lr, #10
10001fb6:	f8a3 50c0 	strh.w	r5, [r3, #192]	@ 0xc0
10001fba:	f04f 0901 	mov.w	r9, #1
10001fbe:	f04f 0c0c 	mov.w	ip, #12
10001fc2:	f04f 0b02 	mov.w	fp, #2
10001fc6:	f04f 0a09 	mov.w	sl, #9
10001fca:	200d      	movs	r0, #13
10001fcc:	f04f 050b 	mov.w	r5, #11
10001fd0:	f8a3 1168 	strh.w	r1, [r3, #360]	@ 0x168
10001fd4:	4917      	ldr	r1, [pc, #92]	@ (10002034 <runtime_init_default_alarm_pool+0xec>)
10001fd6:	80a2      	strh	r2, [r4, #4]
10001fd8:	f8a3 e108 	strh.w	lr, [r3, #264]	@ 0x108
10001fdc:	60a1      	str	r1, [r4, #8]
10001fde:	f8a3 b048 	strh.w	fp, [r3, #72]	@ 0x48
10001fe2:	f8a3 a0f0 	strh.w	sl, [r3, #240]	@ 0xf0
10001fe6:	f8a3 5120 	strh.w	r5, [r3, #288]	@ 0x120
10001fea:	f8a3 c138 	strh.w	ip, [r3, #312]	@ 0x138
10001fee:	f8a3 0150 	strh.w	r0, [r3, #336]	@ 0x150
10001ff2:	f8a3 9030 	strh.w	r9, [r3, #48]	@ 0x30
10001ff6:	f8a3 6060 	strh.w	r6, [r3, #96]	@ 0x60
10001ffa:	f8a3 70d8 	strh.w	r7, [r3, #216]	@ 0xd8
10001ffe:	801a      	strh	r2, [r3, #0]
10002000:	4b0d      	ldr	r3, [pc, #52]	@ (10002038 <runtime_init_default_alarm_pool+0xf0>)
10002002:	4630      	mov	r0, r6
10002004:	f8c8 7020 	str.w	r7, [r8, #32]
10002008:	490c      	ldr	r1, [pc, #48]	@ (1000203c <runtime_init_default_alarm_pool+0xf4>)
1000200a:	60dc      	str	r4, [r3, #12]
1000200c:	f7ff fc20 	bl	10001850 <irq_set_exclusive_handler>
10002010:	4649      	mov	r1, r9
10002012:	4630      	mov	r0, r6
10002014:	f7ff fbda 	bl	100017cc <irq_set_enabled>
10002018:	4b09      	ldr	r3, [pc, #36]	@ (10002040 <runtime_init_default_alarm_pool+0xf8>)
1000201a:	210a      	movs	r1, #10
1000201c:	641f      	str	r7, [r3, #64]	@ 0x40
1000201e:	4803      	ldr	r0, [pc, #12]	@ (1000202c <runtime_init_default_alarm_pool+0xe4>)
10002020:	e8bd 4ff8 	ldmia.w	sp!, {r3, r4, r5, r6, r7, r8, r9, sl, fp, lr}
10002024:	f7ff bdaa 	b.w	10001b7c <lock_init>
10002028:	20001634 	.word	0x20001634
1000202c:	20002508 	.word	0x20002508
10002030:	20001c34 	.word	0x20001c34
10002034:	0010ffff 	.word	0x0010ffff
10002038:	200024e0 	.word	0x200024e0
1000203c:	10001c59 	.word	0x10001c59
10002040:	400b2000 	.word	0x400b2000
10002044:	400b0000 	.word	0x400b0000

10002048 <alarm_pool_get_default>:
10002048:	4800      	ldr	r0, [pc, #0]	@ (1000204c <alarm_pool_get_default+0x4>)
1000204a:	4770      	bx	lr
1000204c:	20001634 	.word	0x20001634

10002050 <alarm_pool_add_alarm_at>:
10002050:	b5f8      	push	{r3, r4, r5, r6, r7, lr}
10002052:	f89d 5020 	ldrb.w	r5, [sp, #32]
10002056:	4604      	mov	r4, r0
10002058:	4617      	mov	r7, r2
1000205a:	461e      	mov	r6, r3
1000205c:	b935      	cbnz	r5, 1000206c <alarm_pool_add_alarm_at+0x1c>
1000205e:	f000 fa5b 	bl	10002518 <time_us_64>
10002062:	4287      	cmp	r7, r0
10002064:	eb66 0101 	sbc.w	r1, r6, r1
10002068:	2900      	cmp	r1, #0
1000206a:	db5c      	blt.n	10002126 <alarm_pool_add_alarm_at+0xd6>
1000206c:	6921      	ldr	r1, [r4, #16]
1000206e:	f3ef 8310 	mrs	r3, PRIMASK
10002072:	b672      	cpsid	i
10002074:	e8d1 0fcf 	ldaexb	r0, [r1]
10002078:	2201      	movs	r2, #1
1000207a:	2800      	cmp	r0, #0
1000207c:	d1fa      	bne.n	10002074 <alarm_pool_add_alarm_at+0x24>
1000207e:	e8c1 2f40 	strexb	r0, r2, [r1]
10002082:	2800      	cmp	r0, #0
10002084:	d1f6      	bne.n	10002074 <alarm_pool_add_alarm_at+0x24>
10002086:	f3bf 8f5f 	dmb	sy
1000208a:	f9b4 2002 	ldrsh.w	r2, [r4, #2]
1000208e:	6965      	ldr	r5, [r4, #20]
10002090:	eb02 0142 	add.w	r1, r2, r2, lsl #1
10002094:	2a00      	cmp	r2, #0
10002096:	ea4f 0cc1 	mov.w	ip, r1, lsl #3
1000209a:	6920      	ldr	r0, [r4, #16]
1000209c:	eb05 01c1 	add.w	r1, r5, r1, lsl #3
100020a0:	db39      	blt.n	10002116 <alarm_pool_add_alarm_at+0xc6>
100020a2:	f835 e00c 	ldrh.w	lr, [r5, ip]
100020a6:	f8a4 e002 	strh.w	lr, [r4, #2]
100020aa:	f04f 0e00 	mov.w	lr, #0
100020ae:	e8c0 ef8f 	stlb	lr, [r0]
100020b2:	f383 8810 	msr	PRIMASK, r3
100020b6:	8848      	ldrh	r0, [r1, #2]
100020b8:	9b06      	ldr	r3, [sp, #24]
100020ba:	3001      	adds	r0, #1
100020bc:	f3c0 000e 	ubfx	r0, r0, #0, #15
100020c0:	2801      	cmp	r0, #1
100020c2:	bf38      	it	cc
100020c4:	2001      	movcc	r0, #1
100020c6:	610b      	str	r3, [r1, #16]
100020c8:	9b07      	ldr	r3, [sp, #28]
100020ca:	8048      	strh	r0, [r1, #2]
100020cc:	614b      	str	r3, [r1, #20]
100020ce:	e9c1 7602 	strd	r7, r6, [r1, #8]
100020d2:	ea40 4002 	orr.w	r0, r0, r2, lsl #16
100020d6:	6923      	ldr	r3, [r4, #16]
100020d8:	f3ef 8110 	mrs	r1, PRIMASK
100020dc:	b672      	cpsid	i
100020de:	e8d3 7fcf 	ldaexb	r7, [r3]
100020e2:	2601      	movs	r6, #1
100020e4:	2f00      	cmp	r7, #0
100020e6:	d1fa      	bne.n	100020de <alarm_pool_add_alarm_at+0x8e>
100020e8:	e8c3 6f47 	strexb	r7, r6, [r3]
100020ec:	2f00      	cmp	r7, #0
100020ee:	d1f6      	bne.n	100020de <alarm_pool_add_alarm_at+0x8e>
100020f0:	f3bf 8f5f 	dmb	sy
100020f4:	88a3      	ldrh	r3, [r4, #4]
100020f6:	f825 300c 	strh.w	r3, [r5, ip]
100020fa:	80a2      	strh	r2, [r4, #4]
100020fc:	6923      	ldr	r3, [r4, #16]
100020fe:	e8c3 ef8f 	stlb	lr, [r3]
10002102:	f381 8810 	msr	PRIMASK, r1
10002106:	2201      	movs	r2, #1
10002108:	68e3      	ldr	r3, [r4, #12]
1000210a:	7821      	ldrb	r1, [r4, #0]
1000210c:	f503 5301 	add.w	r3, r3, #8256	@ 0x2040
10002110:	408a      	lsls	r2, r1
10002112:	605a      	str	r2, [r3, #4]
10002114:	bdf8      	pop	{r3, r4, r5, r6, r7, pc}
10002116:	2200      	movs	r2, #0
10002118:	e8c0 2f8f 	stlb	r2, [r0]
1000211c:	f383 8810 	msr	PRIMASK, r3
10002120:	f04f 30ff 	mov.w	r0, #4294967295
10002124:	bdf8      	pop	{r3, r4, r5, r6, r7, pc}
10002126:	4628      	mov	r0, r5
10002128:	bdf8      	pop	{r3, r4, r5, r6, r7, pc}
1000212a:	bf00      	nop

1000212c <alarm_pool_add_alarm_at_force_in_context>:
1000212c:	4601      	mov	r1, r0
1000212e:	b5f0      	push	{r4, r5, r6, r7, lr}
10002130:	6900      	ldr	r0, [r0, #16]
10002132:	f3ef 8710 	mrs	r7, PRIMASK
10002136:	b672      	cpsid	i
10002138:	e8d0 5fcf 	ldaexb	r5, [r0]
1000213c:	2401      	movs	r4, #1
1000213e:	2d00      	cmp	r5, #0
10002140:	d1fa      	bne.n	10002138 <alarm_pool_add_alarm_at_force_in_context+0xc>
10002142:	e8c0 4f45 	strexb	r5, r4, [r0]
10002146:	2d00      	cmp	r5, #0
10002148:	d1f6      	bne.n	10002138 <alarm_pool_add_alarm_at_force_in_context+0xc>
1000214a:	f3bf 8f5f 	dmb	sy
1000214e:	f9b1 e002 	ldrsh.w	lr, [r1, #2]
10002152:	694c      	ldr	r4, [r1, #20]
10002154:	eb0e 0c4e 	add.w	ip, lr, lr, lsl #1
10002158:	f1be 0f00 	cmp.w	lr, #0
1000215c:	ea4f 05cc 	mov.w	r5, ip, lsl #3
10002160:	6908      	ldr	r0, [r1, #16]
10002162:	eb04 0ccc 	add.w	ip, r4, ip, lsl #3
10002166:	db3c      	blt.n	100021e2 <alarm_pool_add_alarm_at_force_in_context+0xb6>
10002168:	5b66      	ldrh	r6, [r4, r5]
1000216a:	804e      	strh	r6, [r1, #2]
1000216c:	2600      	movs	r6, #0
1000216e:	e8c0 6f8f 	stlb	r6, [r0]
10002172:	f387 8810 	msr	PRIMASK, r7
10002176:	f8bc 0002 	ldrh.w	r0, [ip, #2]
1000217a:	e9cc 2302 	strd	r2, r3, [ip, #8]
1000217e:	3001      	adds	r0, #1
10002180:	f3c0 000e 	ubfx	r0, r0, #0, #15
10002184:	2801      	cmp	r0, #1
10002186:	bf38      	it	cc
10002188:	2001      	movcc	r0, #1
1000218a:	9b05      	ldr	r3, [sp, #20]
1000218c:	f8ac 0002 	strh.w	r0, [ip, #2]
10002190:	f8cc 3010 	str.w	r3, [ip, #16]
10002194:	9b06      	ldr	r3, [sp, #24]
10002196:	ea40 400e 	orr.w	r0, r0, lr, lsl #16
1000219a:	f8cc 3014 	str.w	r3, [ip, #20]
1000219e:	690b      	ldr	r3, [r1, #16]
100021a0:	f3ef 8210 	mrs	r2, PRIMASK
100021a4:	b672      	cpsid	i
100021a6:	e8d3 cfcf 	ldaexb	ip, [r3]
100021aa:	2701      	movs	r7, #1
100021ac:	f1bc 0f00 	cmp.w	ip, #0
100021b0:	d1f9      	bne.n	100021a6 <alarm_pool_add_alarm_at_force_in_context+0x7a>
100021b2:	e8c3 7f4c 	strexb	ip, r7, [r3]
100021b6:	f1bc 0f00 	cmp.w	ip, #0
100021ba:	d1f4      	bne.n	100021a6 <alarm_pool_add_alarm_at_force_in_context+0x7a>
100021bc:	f3bf 8f5f 	dmb	sy
100021c0:	888b      	ldrh	r3, [r1, #4]
100021c2:	5363      	strh	r3, [r4, r5]
100021c4:	f8a1 e004 	strh.w	lr, [r1, #4]
100021c8:	690b      	ldr	r3, [r1, #16]
100021ca:	e8c3 6f8f 	stlb	r6, [r3]
100021ce:	f382 8810 	msr	PRIMASK, r2
100021d2:	2201      	movs	r2, #1
100021d4:	68cb      	ldr	r3, [r1, #12]
100021d6:	7809      	ldrb	r1, [r1, #0]
100021d8:	f503 5301 	add.w	r3, r3, #8256	@ 0x2040
100021dc:	408a      	lsls	r2, r1
100021de:	605a      	str	r2, [r3, #4]
100021e0:	bdf0      	pop	{r4, r5, r6, r7, pc}
100021e2:	2300      	movs	r3, #0
100021e4:	e8c0 3f8f 	stlb	r3, [r0]
100021e8:	f387 8810 	msr	PRIMASK, r7
100021ec:	f04f 30ff 	mov.w	r0, #4294967295
100021f0:	bdf0      	pop	{r4, r5, r6, r7, pc}
100021f2:	bf00      	nop

100021f4 <alarm_pool_cancel_alarm>:
100021f4:	4603      	mov	r3, r0
100021f6:	8940      	ldrh	r0, [r0, #10]
100021f8:	ebb0 4f21 	cmp.w	r0, r1, asr #16
100021fc:	dd37      	ble.n	1000226e <alarm_pool_cancel_alarm+0x7a>
100021fe:	6958      	ldr	r0, [r3, #20]
10002200:	140a      	asrs	r2, r1, #16
10002202:	eb02 0242 	add.w	r2, r2, r2, lsl #1
10002206:	b510      	push	{r4, lr}
10002208:	eb00 00c2 	add.w	r0, r0, r2, lsl #3
1000220c:	691c      	ldr	r4, [r3, #16]
1000220e:	f3ef 8c10 	mrs	ip, PRIMASK
10002212:	b672      	cpsid	i
10002214:	e8d4 efcf 	ldaexb	lr, [r4]
10002218:	2201      	movs	r2, #1
1000221a:	f1be 0f00 	cmp.w	lr, #0
1000221e:	d1f9      	bne.n	10002214 <alarm_pool_cancel_alarm+0x20>
10002220:	e8c4 2f4e 	strexb	lr, r2, [r4]
10002224:	f1be 0f00 	cmp.w	lr, #0
10002228:	d1f4      	bne.n	10002214 <alarm_pool_cancel_alarm+0x20>
1000222a:	f3bf 8f5f 	dmb	sy
1000222e:	8842      	ldrh	r2, [r0, #2]
10002230:	b289      	uxth	r1, r1
10002232:	b292      	uxth	r2, r2
10002234:	428a      	cmp	r2, r1
10002236:	d007      	beq.n	10002248 <alarm_pool_cancel_alarm+0x54>
10002238:	2200      	movs	r2, #0
1000223a:	691b      	ldr	r3, [r3, #16]
1000223c:	e8c3 2f8f 	stlb	r2, [r3]
10002240:	f38c 8810 	msr	PRIMASK, ip
10002244:	2000      	movs	r0, #0
10002246:	bd10      	pop	{r4, pc}
10002248:	f442 4200 	orr.w	r2, r2, #32768	@ 0x8000
1000224c:	8042      	strh	r2, [r0, #2]
1000224e:	2101      	movs	r1, #1
10002250:	2200      	movs	r2, #0
10002252:	6918      	ldr	r0, [r3, #16]
10002254:	7199      	strb	r1, [r3, #6]
10002256:	e8c0 2f8f 	stlb	r2, [r0]
1000225a:	f38c 8810 	msr	PRIMASK, ip
1000225e:	781c      	ldrb	r4, [r3, #0]
10002260:	68da      	ldr	r2, [r3, #12]
10002262:	4608      	mov	r0, r1
10002264:	f502 5301 	add.w	r3, r2, #8256	@ 0x2040
10002268:	40a1      	lsls	r1, r4
1000226a:	6059      	str	r1, [r3, #4]
1000226c:	bd10      	pop	{r4, pc}
1000226e:	2000      	movs	r0, #0
10002270:	4770      	bx	lr
10002272:	bf00      	nop

10002274 <alarm_pool_core_num>:
10002274:	7840      	ldrb	r0, [r0, #1]
10002276:	4770      	bx	lr

10002278 <sleep_until>:
10002278:	e92d 41f0 	stmdb	sp!, {r4, r5, r6, r7, r8, lr}
1000227c:	1f85      	subs	r5, r0, #6
1000227e:	f141 37ff 	adc.w	r7, r1, #4294967295
10002282:	42a8      	cmp	r0, r5
10002284:	eb71 0307 	sbcs.w	r3, r1, r7
10002288:	bf38      	it	cc
1000228a:	2500      	movcc	r5, #0
1000228c:	b082      	sub	sp, #8
1000228e:	bf38      	it	cc
10002290:	462f      	movcc	r7, r5
10002292:	4604      	mov	r4, r0
10002294:	460e      	mov	r6, r1
10002296:	f000 f93f 	bl	10002518 <time_us_64>
1000229a:	1a28      	subs	r0, r5, r0
1000229c:	eb67 0c01 	sbc.w	ip, r7, r1
100022a0:	2801      	cmp	r0, #1
100022a2:	f17c 0c00 	sbcs.w	ip, ip, #0
100022a6:	da06      	bge.n	100022b6 <sleep_until+0x3e>
100022a8:	4620      	mov	r0, r4
100022aa:	4631      	mov	r1, r6
100022ac:	b002      	add	sp, #8
100022ae:	e8bd 41f0 	ldmia.w	sp!, {r4, r5, r6, r7, r8, lr}
100022b2:	f000 b969 	b.w	10002588 <busy_wait_until>
100022b6:	f000 f92f 	bl	10002518 <time_us_64>
100022ba:	4285      	cmp	r5, r0
100022bc:	eb67 0101 	sbc.w	r1, r7, r1
100022c0:	2900      	cmp	r1, #0
100022c2:	db0a      	blt.n	100022da <sleep_until+0x62>
100022c4:	2100      	movs	r1, #0
100022c6:	4b17      	ldr	r3, [pc, #92]	@ (10002324 <sleep_until+0xac>)
100022c8:	462a      	mov	r2, r5
100022ca:	9300      	str	r3, [sp, #0]
100022cc:	4816      	ldr	r0, [pc, #88]	@ (10002328 <sleep_until+0xb0>)
100022ce:	463b      	mov	r3, r7
100022d0:	9101      	str	r1, [sp, #4]
100022d2:	f7ff ff2b 	bl	1000212c <alarm_pool_add_alarm_at_force_in_context>
100022d6:	3001      	adds	r0, #1
100022d8:	d0e6      	beq.n	100022a8 <sleep_until+0x30>
100022da:	f04f 0c00 	mov.w	ip, #0
100022de:	4a13      	ldr	r2, [pc, #76]	@ (1000232c <sleep_until+0xb4>)
100022e0:	4913      	ldr	r1, [pc, #76]	@ (10002330 <sleep_until+0xb8>)
100022e2:	6a53      	ldr	r3, [r2, #36]	@ 0x24
100022e4:	429f      	cmp	r7, r3
100022e6:	d804      	bhi.n	100022f2 <sleep_until+0x7a>
100022e8:	6a90      	ldr	r0, [r2, #40]	@ 0x28
100022ea:	42a8      	cmp	r0, r5
100022ec:	d2dc      	bcs.n	100022a8 <sleep_until+0x30>
100022ee:	429f      	cmp	r7, r3
100022f0:	d1da      	bne.n	100022a8 <sleep_until+0x30>
100022f2:	680b      	ldr	r3, [r1, #0]
100022f4:	f3ef 8010 	mrs	r0, PRIMASK
100022f8:	b672      	cpsid	i
100022fa:	e8d3 8fcf 	ldaexb	r8, [r3]
100022fe:	f05f 0e01 	movs.w	lr, #1
10002302:	f1b8 0f00 	cmp.w	r8, #0
10002306:	d1f8      	bne.n	100022fa <sleep_until+0x82>
10002308:	e8c3 ef48 	strexb	r8, lr, [r3]
1000230c:	f1b8 0f00 	cmp.w	r8, #0
10002310:	d1f3      	bne.n	100022fa <sleep_until+0x82>
10002312:	f3bf 8f5f 	dmb	sy
10002316:	680b      	ldr	r3, [r1, #0]
10002318:	e8c3 cf8f 	stlb	ip, [r3]
1000231c:	f380 8810 	msr	PRIMASK, r0
10002320:	bf20      	wfe
10002322:	e7de      	b.n	100022e2 <sleep_until+0x6a>
10002324:	10001c1d 	.word	0x10001c1d
10002328:	20001634 	.word	0x20001634
1000232c:	400b0000 	.word	0x400b0000
10002330:	20002508 	.word	0x20002508

10002334 <sleep_ms>:
10002334:	e92d 41f0 	stmdb	sp!, {r4, r5, r6, r7, r8, lr}
10002338:	b082      	sub	sp, #8
1000233a:	4606      	mov	r6, r0
1000233c:	f000 f8ec 	bl	10002518 <time_us_64>
10002340:	f44f 737a 	mov.w	r3, #1000	@ 0x3e8
10002344:	4604      	mov	r4, r0
10002346:	f04f 30ff 	mov.w	r0, #4294967295
1000234a:	f06f 4200 	mvn.w	r2, #2147483648	@ 0x80000000
1000234e:	fbe6 4103 	umlal	r4, r1, r6, r3
10002352:	42a0      	cmp	r0, r4
10002354:	eb72 0301 	sbcs.w	r3, r2, r1
10002358:	bf3a      	itte	cc
1000235a:	4604      	movcc	r4, r0
1000235c:	4615      	movcc	r5, r2
1000235e:	460d      	movcs	r5, r1
10002360:	1fa6      	subs	r6, r4, #6
10002362:	f145 37ff 	adc.w	r7, r5, #4294967295
10002366:	42b4      	cmp	r4, r6
10002368:	eb75 0307 	sbcs.w	r3, r5, r7
1000236c:	bf3c      	itt	cc
1000236e:	2600      	movcc	r6, #0
10002370:	4637      	movcc	r7, r6
10002372:	f000 f8d1 	bl	10002518 <time_us_64>
10002376:	1a30      	subs	r0, r6, r0
10002378:	eb67 0101 	sbc.w	r1, r7, r1
1000237c:	2801      	cmp	r0, #1
1000237e:	f171 0100 	sbcs.w	r1, r1, #0
10002382:	da06      	bge.n	10002392 <sleep_ms+0x5e>
10002384:	4620      	mov	r0, r4
10002386:	4629      	mov	r1, r5
10002388:	b002      	add	sp, #8
1000238a:	e8bd 41f0 	ldmia.w	sp!, {r4, r5, r6, r7, r8, lr}
1000238e:	f000 b8fb 	b.w	10002588 <busy_wait_until>
10002392:	f000 f8c1 	bl	10002518 <time_us_64>
10002396:	4286      	cmp	r6, r0
10002398:	eb67 0101 	sbc.w	r1, r7, r1
1000239c:	2900      	cmp	r1, #0
1000239e:	db0a      	blt.n	100023b6 <sleep_ms+0x82>
100023a0:	2100      	movs	r1, #0
100023a2:	4b17      	ldr	r3, [pc, #92]	@ (10002400 <sleep_ms+0xcc>)
100023a4:	4632      	mov	r2, r6
100023a6:	9300      	str	r3, [sp, #0]
100023a8:	4816      	ldr	r0, [pc, #88]	@ (10002404 <sleep_ms+0xd0>)
100023aa:	463b      	mov	r3, r7
100023ac:	9101      	str	r1, [sp, #4]
100023ae:	f7ff febd 	bl	1000212c <alarm_pool_add_alarm_at_force_in_context>
100023b2:	3001      	adds	r0, #1
100023b4:	d0e6      	beq.n	10002384 <sleep_ms+0x50>
100023b6:	f04f 0c00 	mov.w	ip, #0
100023ba:	4a13      	ldr	r2, [pc, #76]	@ (10002408 <sleep_ms+0xd4>)
100023bc:	4913      	ldr	r1, [pc, #76]	@ (1000240c <sleep_ms+0xd8>)
100023be:	6a53      	ldr	r3, [r2, #36]	@ 0x24
100023c0:	429f      	cmp	r7, r3
100023c2:	d804      	bhi.n	100023ce <sleep_ms+0x9a>
100023c4:	6a90      	ldr	r0, [r2, #40]	@ 0x28
100023c6:	42b0      	cmp	r0, r6
100023c8:	d2dc      	bcs.n	10002384 <sleep_ms+0x50>
100023ca:	429f      	cmp	r7, r3
100023cc:	d1da      	bne.n	10002384 <sleep_ms+0x50>
100023ce:	680b      	ldr	r3, [r1, #0]
100023d0:	f3ef 8010 	mrs	r0, PRIMASK
100023d4:	b672      	cpsid	i
100023d6:	e8d3 8fcf 	ldaexb	r8, [r3]
100023da:	f05f 0e01 	movs.w	lr, #1
100023de:	f1b8 0f00 	cmp.w	r8, #0
100023e2:	d1f8      	bne.n	100023d6 <sleep_ms+0xa2>
100023e4:	e8c3 ef48 	strexb	r8, lr, [r3]
100023e8:	f1b8 0f00 	cmp.w	r8, #0
100023ec:	d1f3      	bne.n	100023d6 <sleep_ms+0xa2>
100023ee:	f3bf 8f5f 	dmb	sy
100023f2:	680b      	ldr	r3, [r1, #0]
100023f4:	e8c3 cf8f 	stlb	ip, [r3]
100023f8:	f380 8810 	msr	PRIMASK, r0
100023fc:	bf20      	wfe
100023fe:	e7de      	b.n	100023be <sleep_ms+0x8a>
10002400:	10001c1d 	.word	0x10001c1d
10002404:	20001634 	.word	0x20001634
10002408:	400b0000 	.word	0x400b0000
1000240c:	20002508 	.word	0x20002508

10002410 <best_effort_wfe_or_timeout>:
10002410:	e92d 43f0 	stmdb	sp!, {r4, r5, r6, r7, r8, r9, lr}
10002414:	4606      	mov	r6, r0
10002416:	460d      	mov	r5, r1
10002418:	b083      	sub	sp, #12
1000241a:	f3ef 8405 	mrs	r4, IPSR
1000241e:	b2e4      	uxtb	r4, r4
10002420:	b13c      	cbz	r4, 10002432 <best_effort_wfe_or_timeout+0x22>
10002422:	4b2d      	ldr	r3, [pc, #180]	@ (100024d8 <best_effort_wfe_or_timeout+0xc8>)
10002424:	6a5a      	ldr	r2, [r3, #36]	@ 0x24
10002426:	42aa      	cmp	r2, r5
10002428:	d21c      	bcs.n	10002464 <best_effort_wfe_or_timeout+0x54>
1000242a:	2000      	movs	r0, #0
1000242c:	b003      	add	sp, #12
1000242e:	e8bd 83f0 	ldmia.w	sp!, {r4, r5, r6, r7, r8, r9, pc}
10002432:	4f2a      	ldr	r7, [pc, #168]	@ (100024dc <best_effort_wfe_or_timeout+0xcc>)
10002434:	f8d7 900c 	ldr.w	r9, [r7, #12]
10002438:	f897 8000 	ldrb.w	r8, [r7]
1000243c:	4648      	mov	r0, r9
1000243e:	f000 f863 	bl	10002508 <timer_time_us_64>
10002442:	f108 0804 	add.w	r8, r8, #4
10002446:	f859 3028 	ldr.w	r3, [r9, r8, lsl #2]
1000244a:	1a1b      	subs	r3, r3, r0
1000244c:	1a30      	subs	r0, r6, r0
1000244e:	eb65 0101 	sbc.w	r1, r5, r1
10002452:	4298      	cmp	r0, r3
10002454:	f171 0100 	sbcs.w	r1, r1, #0
10002458:	db10      	blt.n	1000247c <best_effort_wfe_or_timeout+0x6c>
1000245a:	bf20      	wfe
1000245c:	4b1e      	ldr	r3, [pc, #120]	@ (100024d8 <best_effort_wfe_or_timeout+0xc8>)
1000245e:	6a5a      	ldr	r2, [r3, #36]	@ 0x24
10002460:	42aa      	cmp	r2, r5
10002462:	d3e2      	bcc.n	1000242a <best_effort_wfe_or_timeout+0x1a>
10002464:	bf14      	ite	ne
10002466:	2401      	movne	r4, #1
10002468:	2400      	moveq	r4, #0
1000246a:	6a9b      	ldr	r3, [r3, #40]	@ 0x28
1000246c:	42b3      	cmp	r3, r6
1000246e:	bf34      	ite	cc
10002470:	4620      	movcc	r0, r4
10002472:	f044 0001 	orrcs.w	r0, r4, #1
10002476:	b003      	add	sp, #12
10002478:	e8bd 83f0 	ldmia.w	sp!, {r4, r5, r6, r7, r8, r9, pc}
1000247c:	f000 f84c 	bl	10002518 <time_us_64>
10002480:	4286      	cmp	r6, r0
10002482:	eb65 0101 	sbc.w	r1, r5, r1
10002486:	2900      	cmp	r1, #0
10002488:	db14      	blt.n	100024b4 <best_effort_wfe_or_timeout+0xa4>
1000248a:	4b15      	ldr	r3, [pc, #84]	@ (100024e0 <best_effort_wfe_or_timeout+0xd0>)
1000248c:	4638      	mov	r0, r7
1000248e:	e9cd 3400 	strd	r3, r4, [sp]
10002492:	4632      	mov	r2, r6
10002494:	462b      	mov	r3, r5
10002496:	f7ff fe49 	bl	1000212c <alarm_pool_add_alarm_at_force_in_context>
1000249a:	1e01      	subs	r1, r0, #0
1000249c:	dd0a      	ble.n	100024b4 <best_effort_wfe_or_timeout+0xa4>
1000249e:	4b0e      	ldr	r3, [pc, #56]	@ (100024d8 <best_effort_wfe_or_timeout+0xc8>)
100024a0:	6a5a      	ldr	r2, [r3, #36]	@ 0x24
100024a2:	42aa      	cmp	r2, r5
100024a4:	d316      	bcc.n	100024d4 <best_effort_wfe_or_timeout+0xc4>
100024a6:	6a9b      	ldr	r3, [r3, #40]	@ 0x28
100024a8:	42b3      	cmp	r3, r6
100024aa:	d311      	bcc.n	100024d0 <best_effort_wfe_or_timeout+0xc0>
100024ac:	480b      	ldr	r0, [pc, #44]	@ (100024dc <best_effort_wfe_or_timeout+0xcc>)
100024ae:	f7ff fea1 	bl	100021f4 <alarm_pool_cancel_alarm>
100024b2:	e7b6      	b.n	10002422 <best_effort_wfe_or_timeout+0x12>
100024b4:	4b08      	ldr	r3, [pc, #32]	@ (100024d8 <best_effort_wfe_or_timeout+0xc8>)
100024b6:	6a5c      	ldr	r4, [r3, #36]	@ 0x24
100024b8:	42ac      	cmp	r4, r5
100024ba:	d3b6      	bcc.n	1000242a <best_effort_wfe_or_timeout+0x1a>
100024bc:	1b64      	subs	r4, r4, r5
100024be:	bf18      	it	ne
100024c0:	2401      	movne	r4, #1
100024c2:	6a9b      	ldr	r3, [r3, #40]	@ 0x28
100024c4:	42b3      	cmp	r3, r6
100024c6:	bf34      	ite	cc
100024c8:	4620      	movcc	r0, r4
100024ca:	f044 0001 	orrcs.w	r0, r4, #1
100024ce:	e7ad      	b.n	1000242c <best_effort_wfe_or_timeout+0x1c>
100024d0:	42aa      	cmp	r2, r5
100024d2:	d1eb      	bne.n	100024ac <best_effort_wfe_or_timeout+0x9c>
100024d4:	bf20      	wfe
100024d6:	e7e9      	b.n	100024ac <best_effort_wfe_or_timeout+0x9c>
100024d8:	400b0000 	.word	0x400b0000
100024dc:	20001634 	.word	0x20001634
100024e0:	10001c1d 	.word	0x10001c1d

100024e4 <timer_hardware_alarm_claim>:
100024e4:	b410      	push	{r4}
100024e6:	4b05      	ldr	r3, [pc, #20]	@ (100024fc <timer_hardware_alarm_claim+0x18>)
100024e8:	4c05      	ldr	r4, [pc, #20]	@ (10002500 <timer_hardware_alarm_claim+0x1c>)
100024ea:	4a06      	ldr	r2, [pc, #24]	@ (10002504 <timer_hardware_alarm_claim+0x20>)
100024ec:	42a0      	cmp	r0, r4
100024ee:	bf14      	ite	ne
100024f0:	4618      	movne	r0, r3
100024f2:	1c58      	addeq	r0, r3, #1
100024f4:	f85d 4b04 	ldr.w	r4, [sp], #4
100024f8:	f7ff b8ac 	b.w	10001654 <hw_claim_or_assert>
100024fc:	20002054 	.word	0x20002054
10002500:	400b8000 	.word	0x400b8000
10002504:	10007cec 	.word	0x10007cec

10002508 <timer_time_us_64>:
10002508:	4603      	mov	r3, r0
1000250a:	6a41      	ldr	r1, [r0, #36]	@ 0x24
1000250c:	460a      	mov	r2, r1
1000250e:	6a98      	ldr	r0, [r3, #40]	@ 0x28
10002510:	6a59      	ldr	r1, [r3, #36]	@ 0x24
10002512:	428a      	cmp	r2, r1
10002514:	d1fa      	bne.n	1000250c <timer_time_us_64+0x4>
10002516:	4770      	bx	lr

10002518 <time_us_64>:
10002518:	4b03      	ldr	r3, [pc, #12]	@ (10002528 <time_us_64+0x10>)
1000251a:	6a59      	ldr	r1, [r3, #36]	@ 0x24
1000251c:	460a      	mov	r2, r1
1000251e:	6a98      	ldr	r0, [r3, #40]	@ 0x28
10002520:	6a59      	ldr	r1, [r3, #36]	@ 0x24
10002522:	4291      	cmp	r1, r2
10002524:	d1fa      	bne.n	1000251c <time_us_64+0x4>
10002526:	4770      	bx	lr
10002528:	400b0000 	.word	0x400b0000

1000252c <busy_wait_us>:
1000252c:	b430      	push	{r4, r5}
1000252e:	4a15      	ldr	r2, [pc, #84]	@ (10002584 <busy_wait_us+0x58>)
10002530:	6a53      	ldr	r3, [r2, #36]	@ 0x24
10002532:	469c      	mov	ip, r3
10002534:	6a94      	ldr	r4, [r2, #40]	@ 0x28
10002536:	6a53      	ldr	r3, [r2, #36]	@ 0x24
10002538:	4563      	cmp	r3, ip
1000253a:	d1fa      	bne.n	10002532 <busy_wait_us+0x6>
1000253c:	1902      	adds	r2, r0, r4
1000253e:	4159      	adcs	r1, r3
10002540:	f04f 0500 	mov.w	r5, #0
10002544:	bf28      	it	cs
10002546:	2501      	movcs	r5, #1
10002548:	4b0e      	ldr	r3, [pc, #56]	@ (10002584 <busy_wait_us+0x58>)
1000254a:	6a5b      	ldr	r3, [r3, #36]	@ 0x24
1000254c:	b1b5      	cbz	r5, 1000257c <busy_wait_us+0x50>
1000254e:	1c5a      	adds	r2, r3, #1
10002550:	bf08      	it	eq
10002552:	461a      	moveq	r2, r3
10002554:	d008      	beq.n	10002568 <busy_wait_us+0x3c>
10002556:	f04f 31ff 	mov.w	r1, #4294967295
1000255a:	460a      	mov	r2, r1
1000255c:	4809      	ldr	r0, [pc, #36]	@ (10002584 <busy_wait_us+0x58>)
1000255e:	6a43      	ldr	r3, [r0, #36]	@ 0x24
10002560:	428b      	cmp	r3, r1
10002562:	d3fc      	bcc.n	1000255e <busy_wait_us+0x32>
10002564:	428b      	cmp	r3, r1
10002566:	d107      	bne.n	10002578 <busy_wait_us+0x4c>
10002568:	4906      	ldr	r1, [pc, #24]	@ (10002584 <busy_wait_us+0x58>)
1000256a:	e002      	b.n	10002572 <busy_wait_us+0x46>
1000256c:	6a48      	ldr	r0, [r1, #36]	@ 0x24
1000256e:	4298      	cmp	r0, r3
10002570:	d102      	bne.n	10002578 <busy_wait_us+0x4c>
10002572:	6a88      	ldr	r0, [r1, #40]	@ 0x28
10002574:	4290      	cmp	r0, r2
10002576:	d3f9      	bcc.n	1000256c <busy_wait_us+0x40>
10002578:	bc30      	pop	{r4, r5}
1000257a:	4770      	bx	lr
1000257c:	4299      	cmp	r1, r3
1000257e:	d8ed      	bhi.n	1000255c <busy_wait_us+0x30>
10002580:	e7f0      	b.n	10002564 <busy_wait_us+0x38>
10002582:	bf00      	nop
10002584:	400b0000 	.word	0x400b0000

10002588 <busy_wait_until>:
10002588:	4a07      	ldr	r2, [pc, #28]	@ (100025a8 <busy_wait_until+0x20>)
1000258a:	6a53      	ldr	r3, [r2, #36]	@ 0x24
1000258c:	4299      	cmp	r1, r3
1000258e:	d8fc      	bhi.n	1000258a <busy_wait_until+0x2>
10002590:	4299      	cmp	r1, r3
10002592:	d107      	bne.n	100025a4 <busy_wait_until+0x1c>
10002594:	4b04      	ldr	r3, [pc, #16]	@ (100025a8 <busy_wait_until+0x20>)
10002596:	e002      	b.n	1000259e <busy_wait_until+0x16>
10002598:	6a5a      	ldr	r2, [r3, #36]	@ 0x24
1000259a:	4291      	cmp	r1, r2
1000259c:	d102      	bne.n	100025a4 <busy_wait_until+0x1c>
1000259e:	6a9a      	ldr	r2, [r3, #40]	@ 0x28
100025a0:	4290      	cmp	r0, r2
100025a2:	d8f9      	bhi.n	10002598 <busy_wait_until+0x10>
100025a4:	4770      	bx	lr
100025a6:	bf00      	nop
100025a8:	400b0000 	.word	0x400b0000

100025ac <clock_configure_undivided>:
100025ac:	eb00 0c40 	add.w	ip, r0, r0, lsl #1
100025b0:	ea4f 0c8c 	mov.w	ip, ip, lsl #2
100025b4:	f10c 4c80 	add.w	ip, ip, #1073741824	@ 0x40000000
100025b8:	f50c 3c80 	add.w	ip, ip, #65536	@ 0x10000
100025bc:	b5f0      	push	{r4, r5, r6, r7, lr}
100025be:	4616      	mov	r6, r2
100025c0:	f8dc 2004 	ldr.w	r2, [ip, #4]
100025c4:	1f05      	subs	r5, r0, #4
100025c6:	f5b2 3f80 	cmp.w	r2, #65536	@ 0x10000
100025ca:	bf38      	it	cc
100025cc:	f44f 3280 	movcc.w	r2, #65536	@ 0x10000
100025d0:	b2ed      	uxtb	r5, r5
100025d2:	bf38      	it	cc
100025d4:	f8cc 2004 	strcc.w	r2, [ip, #4]
100025d8:	2d01      	cmp	r5, #1
100025da:	d92a      	bls.n	10002632 <clock_configure_undivided+0x86>
100025dc:	f44f 6700 	mov.w	r7, #2048	@ 0x800
100025e0:	4c25      	ldr	r4, [pc, #148]	@ (10002678 <clock_configure_undivided+0xcc>)
100025e2:	f50c 5240 	add.w	r2, ip, #12288	@ 0x3000
100025e6:	6017      	str	r7, [r2, #0]
100025e8:	f854 2020 	ldr.w	r2, [r4, r0, lsl #2]
100025ec:	b9b2      	cbnz	r2, 1000261c <clock_configure_undivided+0x70>
100025ee:	f8dc 2000 	ldr.w	r2, [ip]
100025f2:	2d01      	cmp	r5, #1
100025f4:	ea82 1246 	eor.w	r2, r2, r6, lsl #5
100025f8:	f002 02e0 	and.w	r2, r2, #224	@ 0xe0
100025fc:	f50c 5680 	add.w	r6, ip, #4096	@ 0x1000
10002600:	6032      	str	r2, [r6, #0]
10002602:	d92a      	bls.n	1000265a <clock_configure_undivided+0xae>
10002604:	f44f 6100 	mov.w	r1, #2048	@ 0x800
10002608:	f844 3020 	str.w	r3, [r4, r0, lsl #2]
1000260c:	f44f 3380 	mov.w	r3, #65536	@ 0x10000
10002610:	f50c 5200 	add.w	r2, ip, #8192	@ 0x2000
10002614:	6011      	str	r1, [r2, #0]
10002616:	f8cc 3004 	str.w	r3, [ip, #4]
1000261a:	bdf0      	pop	{r4, r5, r6, r7, pc}
1000261c:	6967      	ldr	r7, [r4, #20]
1000261e:	fbb7 fef2 	udiv	lr, r7, r2
10002622:	f10e 0e01 	add.w	lr, lr, #1
10002626:	eb0e 0e4e 	add.w	lr, lr, lr, lsl #1
1000262a:	f1be 0e03 	subs.w	lr, lr, #3
1000262e:	d2fc      	bcs.n	1000262a <clock_configure_undivided+0x7e>
10002630:	e7dd      	b.n	100025ee <clock_configure_undivided+0x42>
10002632:	2901      	cmp	r1, #1
10002634:	d1d2      	bne.n	100025dc <clock_configure_undivided+0x30>
10002636:	2403      	movs	r4, #3
10002638:	f50c 5240 	add.w	r2, ip, #12288	@ 0x3000
1000263c:	6014      	str	r4, [r2, #0]
1000263e:	f8dc 2008 	ldr.w	r2, [ip, #8]
10002642:	07d2      	lsls	r2, r2, #31
10002644:	d5fb      	bpl.n	1000263e <clock_configure_undivided+0x92>
10002646:	f8dc 2000 	ldr.w	r2, [ip]
1000264a:	4c0b      	ldr	r4, [pc, #44]	@ (10002678 <clock_configure_undivided+0xcc>)
1000264c:	ea82 1246 	eor.w	r2, r2, r6, lsl #5
10002650:	f002 02e0 	and.w	r2, r2, #224	@ 0xe0
10002654:	f50c 5680 	add.w	r6, ip, #4096	@ 0x1000
10002658:	6032      	str	r2, [r6, #0]
1000265a:	2201      	movs	r2, #1
1000265c:	f8dc 5000 	ldr.w	r5, [ip]
10002660:	404d      	eors	r5, r1
10002662:	f005 0503 	and.w	r5, r5, #3
10002666:	6035      	str	r5, [r6, #0]
10002668:	fa02 f101 	lsl.w	r1, r2, r1
1000266c:	f8dc 2008 	ldr.w	r2, [ip, #8]
10002670:	420a      	tst	r2, r1
10002672:	d0fb      	beq.n	1000266c <clock_configure_undivided+0xc0>
10002674:	e7c6      	b.n	10002604 <clock_configure_undivided+0x58>
10002676:	bf00      	nop
10002678:	20002058 	.word	0x20002058

1000267c <clock_get_hz>:
1000267c:	4b01      	ldr	r3, [pc, #4]	@ (10002684 <clock_get_hz+0x8>)
1000267e:	f853 0020 	ldr.w	r0, [r3, r0, lsl #2]
10002682:	4770      	bx	lr
10002684:	20002058 	.word	0x20002058

10002688 <pll_init>:
10002688:	b470      	push	{r4, r5, r6}
1000268a:	9d03      	ldr	r5, [sp, #12]
1000268c:	6804      	ldr	r4, [r0, #0]
1000268e:	032d      	lsls	r5, r5, #12
10002690:	ea45 4503 	orr.w	r5, r5, r3, lsl #16
10002694:	4b1b      	ldr	r3, [pc, #108]	@ (10002704 <pll_init+0x7c>)
10002696:	2c00      	cmp	r4, #0
10002698:	fbb3 f3f1 	udiv	r3, r3, r1
1000269c:	fbb2 f6f3 	udiv	r6, r2, r3
100026a0:	db1f      	blt.n	100026e2 <pll_init+0x5a>
100026a2:	4a19      	ldr	r2, [pc, #100]	@ (10002708 <pll_init+0x80>)
100026a4:	4b19      	ldr	r3, [pc, #100]	@ (1000270c <pll_init+0x84>)
100026a6:	4290      	cmp	r0, r2
100026a8:	bf14      	ite	ne
100026aa:	f44f 4280 	movne.w	r2, #16384	@ 0x4000
100026ae:	f44f 4200 	moveq.w	r2, #32768	@ 0x8000
100026b2:	4c17      	ldr	r4, [pc, #92]	@ (10002710 <pll_init+0x88>)
100026b4:	601a      	str	r2, [r3, #0]
100026b6:	f503 5380 	add.w	r3, r3, #4096	@ 0x1000
100026ba:	601a      	str	r2, [r3, #0]
100026bc:	68a3      	ldr	r3, [r4, #8]
100026be:	ea32 0303 	bics.w	r3, r2, r3
100026c2:	d1fb      	bne.n	100026bc <pll_init+0x34>
100026c4:	2221      	movs	r2, #33	@ 0x21
100026c6:	f500 5340 	add.w	r3, r0, #12288	@ 0x3000
100026ca:	3304      	adds	r3, #4
100026cc:	6001      	str	r1, [r0, #0]
100026ce:	6086      	str	r6, [r0, #8]
100026d0:	601a      	str	r2, [r3, #0]
100026d2:	6802      	ldr	r2, [r0, #0]
100026d4:	2a00      	cmp	r2, #0
100026d6:	dafc      	bge.n	100026d2 <pll_init+0x4a>
100026d8:	2208      	movs	r2, #8
100026da:	60c5      	str	r5, [r0, #12]
100026dc:	601a      	str	r2, [r3, #0]
100026de:	bc70      	pop	{r4, r5, r6}
100026e0:	4770      	bx	lr
100026e2:	6803      	ldr	r3, [r0, #0]
100026e4:	f003 033f 	and.w	r3, r3, #63	@ 0x3f
100026e8:	428b      	cmp	r3, r1
100026ea:	d1da      	bne.n	100026a2 <pll_init+0x1a>
100026ec:	6883      	ldr	r3, [r0, #8]
100026ee:	f3c3 030b 	ubfx	r3, r3, #0, #12
100026f2:	42b3      	cmp	r3, r6
100026f4:	d1d5      	bne.n	100026a2 <pll_init+0x1a>
100026f6:	68c3      	ldr	r3, [r0, #12]
100026f8:	f403 23ee 	and.w	r3, r3, #487424	@ 0x77000
100026fc:	42ab      	cmp	r3, r5
100026fe:	d1d0      	bne.n	100026a2 <pll_init+0x1a>
10002700:	e7ed      	b.n	100026de <pll_init+0x56>
10002702:	bf00      	nop
10002704:	00b71b00 	.word	0x00b71b00
10002708:	40058000 	.word	0x40058000
1000270c:	40022000 	.word	0x40022000
10002710:	40020000 	.word	0x40020000

10002714 <watchdog_reboot>:
10002714:	b430      	push	{r4, r5}
10002716:	f04f 4480 	mov.w	r4, #1073741824	@ 0x40000000
1000271a:	4b1c      	ldr	r3, [pc, #112]	@ (1000278c <watchdog_reboot+0x78>)
1000271c:	601c      	str	r4, [r3, #0]
1000271e:	b1e0      	cbz	r0, 1000275a <watchdog_reboot+0x46>
10002720:	4c1b      	ldr	r4, [pc, #108]	@ (10002790 <watchdog_reboot+0x7c>)
10002722:	f5a3 5340 	sub.w	r3, r3, #12288	@ 0x3000
10002726:	61dc      	str	r4, [r3, #28]
10002728:	4c1a      	ldr	r4, [pc, #104]	@ (10002794 <watchdog_reboot+0x80>)
1000272a:	f040 0001 	orr.w	r0, r0, #1
1000272e:	4044      	eors	r4, r0
10002730:	621c      	str	r4, [r3, #32]
10002732:	6259      	str	r1, [r3, #36]	@ 0x24
10002734:	6298      	str	r0, [r3, #40]	@ 0x28
10002736:	f04f 4580 	mov.w	r5, #1073741824	@ 0x40000000
1000273a:	f04f 61e0 	mov.w	r1, #117440512	@ 0x7000000
1000273e:	4b13      	ldr	r3, [pc, #76]	@ (1000278c <watchdog_reboot+0x78>)
10002740:	4815      	ldr	r0, [pc, #84]	@ (10002798 <watchdog_reboot+0x84>)
10002742:	4c16      	ldr	r4, [pc, #88]	@ (1000279c <watchdog_reboot+0x88>)
10002744:	601d      	str	r5, [r3, #0]
10002746:	6084      	str	r4, [r0, #8]
10002748:	6019      	str	r1, [r3, #0]
1000274a:	b94a      	cbnz	r2, 10002760 <watchdog_reboot+0x4c>
1000274c:	bc30      	pop	{r4, r5}
1000274e:	f04f 4200 	mov.w	r2, #2147483648	@ 0x80000000
10002752:	f5a3 5380 	sub.w	r3, r3, #4096	@ 0x1000
10002756:	601a      	str	r2, [r3, #0]
10002758:	4770      	bx	lr
1000275a:	4b11      	ldr	r3, [pc, #68]	@ (100027a0 <watchdog_reboot+0x8c>)
1000275c:	61d8      	str	r0, [r3, #28]
1000275e:	e7ea      	b.n	10002736 <watchdog_reboot+0x22>
10002760:	f44f 737a 	mov.w	r3, #1000	@ 0x3e8
10002764:	fb03 f202 	mul.w	r2, r3, r2
10002768:	f1b2 7f80 	cmp.w	r2, #16777216	@ 0x1000000
1000276c:	bf2a      	itet	cs
1000276e:	f06f 437f 	mvncs.w	r3, #4278190080	@ 0xff000000
10002772:	4613      	movcc	r3, r2
10002774:	461a      	movcs	r2, r3
10002776:	f04f 4180 	mov.w	r1, #1073741824	@ 0x40000000
1000277a:	4c0a      	ldr	r4, [pc, #40]	@ (100027a4 <watchdog_reboot+0x90>)
1000277c:	4808      	ldr	r0, [pc, #32]	@ (100027a0 <watchdog_reboot+0x8c>)
1000277e:	6023      	str	r3, [r4, #0]
10002780:	4b09      	ldr	r3, [pc, #36]	@ (100027a8 <watchdog_reboot+0x94>)
10002782:	6042      	str	r2, [r0, #4]
10002784:	bc30      	pop	{r4, r5}
10002786:	6019      	str	r1, [r3, #0]
10002788:	4770      	bx	lr
1000278a:	bf00      	nop
1000278c:	400db000 	.word	0x400db000
10002790:	b007c0d3 	.word	0xb007c0d3
10002794:	4ff83f2d 	.word	0x4ff83f2d
10002798:	4001a000 	.word	0x4001a000
1000279c:	01fffff3 	.word	0x01fffff3
100027a0:	400d8000 	.word	0x400d8000
100027a4:	200024b8 	.word	0x200024b8
100027a8:	400da000 	.word	0x400da000

100027ac <tick_start>:
100027ac:	2301      	movs	r3, #1
100027ae:	eb00 0040 	add.w	r0, r0, r0, lsl #1
100027b2:	0080      	lsls	r0, r0, #2
100027b4:	f100 4080 	add.w	r0, r0, #1073741824	@ 0x40000000
100027b8:	f500 1084 	add.w	r0, r0, #1081344	@ 0x108000
100027bc:	6041      	str	r1, [r0, #4]
100027be:	6003      	str	r3, [r0, #0]
100027c0:	4770      	bx	lr
100027c2:	bf00      	nop

100027c4 <rom_reboot.constprop.0.isra.0>:
100027c4:	2300      	movs	r3, #0
100027c6:	b570      	push	{r4, r5, r6, lr}
100027c8:	8adb      	ldrh	r3, [r3, #22]
100027ca:	4604      	mov	r4, r0
100027cc:	460d      	mov	r5, r1
100027ce:	2200      	movs	r2, #0
100027d0:	e842 f200 	tt	r2, r2
100027d4:	0252      	lsls	r2, r2, #9
100027d6:	bf54      	ite	pl
100027d8:	2110      	movpl	r1, #16
100027da:	2104      	movmi	r1, #4
100027dc:	f244 2052 	movw	r0, #16978	@ 0x4252
100027e0:	4798      	blx	r3
100027e2:	4686      	mov	lr, r0
100027e4:	462b      	mov	r3, r5
100027e6:	4622      	mov	r2, r4
100027e8:	46f4      	mov	ip, lr
100027ea:	e8bd 4070 	ldmia.w	sp!, {r4, r5, r6, lr}
100027ee:	210a      	movs	r1, #10
100027f0:	f44f 7081 	mov.w	r0, #258	@ 0x102
100027f4:	4760      	bx	ip
100027f6:	bf00      	nop

100027f8 <rom_func_lookup>:
100027f8:	2300      	movs	r3, #0
100027fa:	8adb      	ldrh	r3, [r3, #22]
100027fc:	2200      	movs	r2, #0
100027fe:	e842 f200 	tt	r2, r2
10002802:	0252      	lsls	r2, r2, #9
10002804:	d401      	bmi.n	1000280a <rom_func_lookup+0x12>
10002806:	2110      	movs	r1, #16
10002808:	4718      	bx	r3
1000280a:	2104      	movs	r1, #4
1000280c:	4718      	bx	r3
1000280e:	bf00      	nop

10002810 <rom_reset_usb_boot_extra>:
10002810:	b508      	push	{r3, lr}
10002812:	4603      	mov	r3, r0
10002814:	4608      	mov	r0, r1
10002816:	1e19      	subs	r1, r3, #0
10002818:	db02      	blt.n	10002820 <rom_reset_usb_boot_extra+0x10>
1000281a:	b11a      	cbz	r2, 10002824 <rom_reset_usb_boot_extra+0x14>
1000281c:	f040 0030 	orr.w	r0, r0, #48	@ 0x30
10002820:	f7ff ffd0 	bl	100027c4 <rom_reboot.constprop.0.isra.0>
10002824:	f040 0020 	orr.w	r0, r0, #32
10002828:	e7fa      	b.n	10002820 <rom_reset_usb_boot_extra+0x10>
1000282a:	bf00      	nop

1000282c <runtime_init_bootrom_locking_enable>:
1000282c:	4a03      	ldr	r2, [pc, #12]	@ (1000283c <runtime_init_bootrom_locking_enable+0x10>)
1000282e:	f8d2 3828 	ldr.w	r3, [r2, #2088]	@ 0x828
10002832:	2b00      	cmp	r3, #0
10002834:	d0fb      	beq.n	1000282e <runtime_init_bootrom_locking_enable+0x2>
10002836:	f3bf 8f5f 	dmb	sy
1000283a:	4770      	bx	lr
1000283c:	400e0000 	.word	0x400e0000

10002840 <runtime_init_boot_locks_reset>:
10002840:	2100      	movs	r1, #0
10002842:	4b04      	ldr	r3, [pc, #16]	@ (10002854 <runtime_init_boot_locks_reset+0x14>)
10002844:	4a04      	ldr	r2, [pc, #16]	@ (10002858 <runtime_init_boot_locks_reset+0x18>)
10002846:	f3bf 8f5f 	dmb	sy
1000284a:	f843 1b04 	str.w	r1, [r3], #4
1000284e:	4293      	cmp	r3, r2
10002850:	d1f9      	bne.n	10002846 <runtime_init_boot_locks_reset+0x6>
10002852:	4770      	bx	lr
10002854:	400e080c 	.word	0x400e080c
10002858:	400e082c 	.word	0x400e082c

1000285c <xosc_init>:
1000285c:	b410      	push	{r4}
1000285e:	f44f 708d 	mov.w	r0, #282	@ 0x11a
10002862:	f44f 642a 	mov.w	r4, #2720	@ 0xaa0
10002866:	4a06      	ldr	r2, [pc, #24]	@ (10002880 <xosc_init+0x24>)
10002868:	4b06      	ldr	r3, [pc, #24]	@ (10002884 <xosc_init+0x28>)
1000286a:	4907      	ldr	r1, [pc, #28]	@ (10002888 <xosc_init+0x2c>)
1000286c:	6014      	str	r4, [r2, #0]
1000286e:	60d0      	str	r0, [r2, #12]
10002870:	6019      	str	r1, [r3, #0]
10002872:	6853      	ldr	r3, [r2, #4]
10002874:	2b00      	cmp	r3, #0
10002876:	dafc      	bge.n	10002872 <xosc_init+0x16>
10002878:	f85d 4b04 	ldr.w	r4, [sp], #4
1000287c:	4770      	bx	lr
1000287e:	bf00      	nop
10002880:	40048000 	.word	0x40048000
10002884:	4004a000 	.word	0x4004a000
10002888:	00fab000 	.word	0x00fab000

1000288c <first_per_core_initializer>:
1000288c:	4770      	bx	lr
1000288e:	bf00      	nop

10002890 <hard_assertion_failure>:
10002890:	b508      	push	{r3, lr}
10002892:	4801      	ldr	r0, [pc, #4]	@ (10002898 <hard_assertion_failure+0x8>)
10002894:	f7fe fec6 	bl	10001624 <panic>
10002898:	10007d10 	.word	0x10007d10

1000289c <runtime_run_initializers>:
1000289c:	b538      	push	{r3, r4, r5, lr}
1000289e:	4c05      	ldr	r4, [pc, #20]	@ (100028b4 <runtime_run_initializers+0x18>)
100028a0:	4d05      	ldr	r5, [pc, #20]	@ (100028b8 <runtime_run_initializers+0x1c>)
100028a2:	42ac      	cmp	r4, r5
100028a4:	d204      	bcs.n	100028b0 <runtime_run_initializers+0x14>
100028a6:	f854 3b04 	ldr.w	r3, [r4], #4
100028aa:	4798      	blx	r3
100028ac:	42ac      	cmp	r4, r5
100028ae:	d3fa      	bcc.n	100028a6 <runtime_run_initializers+0xa>
100028b0:	bd38      	pop	{r3, r4, r5, pc}
100028b2:	bf00      	nop
100028b4:	100075f8 	.word	0x100075f8
100028b8:	10007638 	.word	0x10007638

100028bc <runtime_init_early_resets>:
100028bc:	b410      	push	{r4}
100028be:	4807      	ldr	r0, [pc, #28]	@ (100028dc <runtime_init_early_resets+0x20>)
100028c0:	4c07      	ldr	r4, [pc, #28]	@ (100028e0 <runtime_init_early_resets+0x24>)
100028c2:	4b08      	ldr	r3, [pc, #32]	@ (100028e4 <runtime_init_early_resets+0x28>)
100028c4:	4a08      	ldr	r2, [pc, #32]	@ (100028e8 <runtime_init_early_resets+0x2c>)
100028c6:	4909      	ldr	r1, [pc, #36]	@ (100028ec <runtime_init_early_resets+0x30>)
100028c8:	6004      	str	r4, [r0, #0]
100028ca:	601a      	str	r2, [r3, #0]
100028cc:	688b      	ldr	r3, [r1, #8]
100028ce:	ea32 0303 	bics.w	r3, r2, r3
100028d2:	d1fb      	bne.n	100028cc <runtime_init_early_resets+0x10>
100028d4:	f85d 4b04 	ldr.w	r4, [sp], #4
100028d8:	4770      	bx	lr
100028da:	bf00      	nop
100028dc:	40022000 	.word	0x40022000
100028e0:	efef3b7f 	.word	0xefef3b7f
100028e4:	40023000 	.word	0x40023000
100028e8:	03f3fff6 	.word	0x03f3fff6
100028ec:	40020000 	.word	0x40020000

100028f0 <runtime_init_usb_power_down>:
100028f0:	4b04      	ldr	r3, [pc, #16]	@ (10002904 <runtime_init_usb_power_down+0x14>)
100028f2:	6cdb      	ldr	r3, [r3, #76]	@ 0x4c
100028f4:	f5b3 4f00 	cmp.w	r3, #32768	@ 0x8000
100028f8:	d103      	bne.n	10002902 <runtime_init_usb_power_down+0x12>
100028fa:	f44f 2280 	mov.w	r2, #262144	@ 0x40000
100028fe:	4b02      	ldr	r3, [pc, #8]	@ (10002908 <runtime_init_usb_power_down+0x18>)
10002900:	64da      	str	r2, [r3, #76]	@ 0x4c
10002902:	4770      	bx	lr
10002904:	50110000 	.word	0x50110000
10002908:	50112000 	.word	0x50112000

1000290c <runtime_init_per_core_enable_coprocessors>:
1000290c:	f04f 22e0 	mov.w	r2, #3758153728	@ 0xe000e000
10002910:	4b04      	ldr	r3, [pc, #16]	@ (10002924 <runtime_init_per_core_enable_coprocessors+0x18>)
10002912:	f8d2 1d88 	ldr.w	r1, [r2, #3464]	@ 0xd88
10002916:	430b      	orrs	r3, r1
10002918:	f8c2 3d88 	str.w	r3, [r2, #3464]	@ 0xd88
1000291c:	ee10 0430 			dcp_rcmp r0
10002920:	4770      	bx	lr
10002922:	bf00      	nop
10002924:	00300303 	.word	0x00300303

10002928 <runtime_init_post_clock_resets>:
10002928:	f06f 4160 	mvn.w	r1, #3758096384	@ 0xe0000000
1000292c:	4b04      	ldr	r3, [pc, #16]	@ (10002940 <runtime_init_post_clock_resets+0x18>)
1000292e:	4a05      	ldr	r2, [pc, #20]	@ (10002944 <runtime_init_post_clock_resets+0x1c>)
10002930:	6019      	str	r1, [r3, #0]
10002932:	6893      	ldr	r3, [r2, #8]
10002934:	43db      	mvns	r3, r3
10002936:	f033 4360 	bics.w	r3, r3, #3758096384	@ 0xe0000000
1000293a:	d1fa      	bne.n	10002932 <runtime_init_post_clock_resets+0xa>
1000293c:	4770      	bx	lr
1000293e:	bf00      	nop
10002940:	40023000 	.word	0x40023000
10002944:	40020000 	.word	0x40020000

10002948 <runtime_init_bootrom_reset>:
10002948:	b510      	push	{r4, lr}
1000294a:	f245 2053 	movw	r0, #21075	@ 0x5253
1000294e:	f7ff ff53 	bl	100027f8 <rom_func_lookup>
10002952:	e8bd 4010 	ldmia.w	sp!, {r4, lr}
10002956:	4603      	mov	r3, r0
10002958:	2004      	movs	r0, #4
1000295a:	4718      	bx	r3

1000295c <runtime_init_per_core_bootrom_reset>:
1000295c:	b510      	push	{r4, lr}
1000295e:	f245 2053 	movw	r0, #21075	@ 0x5253
10002962:	f7ff ff49 	bl	100027f8 <rom_func_lookup>
10002966:	e8bd 4010 	ldmia.w	sp!, {r4, lr}
1000296a:	4603      	mov	r3, r0
1000296c:	2001      	movs	r0, #1
1000296e:	4718      	bx	r3

10002970 <runtime_init_spin_locks_reset>:
10002970:	f7fe bf00 	b.w	10001774 <spin_locks_reset>

10002974 <runtime_init_install_ram_vector_table>:
10002974:	4914      	ldr	r1, [pc, #80]	@ (100029c8 <runtime_init_install_ram_vector_table+0x54>)
10002976:	4b15      	ldr	r3, [pc, #84]	@ (100029cc <runtime_init_install_ram_vector_table+0x58>)
10002978:	b570      	push	{r4, r5, r6, lr}
1000297a:	1a5c      	subs	r4, r3, r1
1000297c:	10a6      	asrs	r6, r4, #2
1000297e:	2e44      	cmp	r6, #68	@ 0x44
10002980:	4632      	mov	r2, r6
10002982:	bf28      	it	cs
10002984:	2244      	movcs	r2, #68	@ 0x44
10002986:	4d12      	ldr	r5, [pc, #72]	@ (100029d0 <runtime_init_install_ram_vector_table+0x5c>)
10002988:	0092      	lsls	r2, r2, #2
1000298a:	4628      	mov	r0, r5
1000298c:	f004 fd5a 	bl	10007444 <memcpy>
10002990:	f5b4 7f86 	cmp.w	r4, #268	@ 0x10c
10002994:	d813      	bhi.n	100029be <runtime_init_install_ram_vector_table+0x4a>
10002996:	4a0f      	ldr	r2, [pc, #60]	@ (100029d4 <runtime_init_install_ram_vector_table+0x60>)
10002998:	f1c6 0044 	rsb	r0, r6, #68	@ 0x44
1000299c:	d012      	beq.n	100029c4 <runtime_init_install_ram_vector_table+0x50>
1000299e:	192b      	adds	r3, r5, r4
100029a0:	0841      	lsrs	r1, r0, #1
100029a2:	eb03 01c1 	add.w	r1, r3, r1, lsl #3
100029a6:	e9c3 2200 	strd	r2, r2, [r3]
100029aa:	3308      	adds	r3, #8
100029ac:	428b      	cmp	r3, r1
100029ae:	d1fa      	bne.n	100029a6 <runtime_init_install_ram_vector_table+0x32>
100029b0:	07c3      	lsls	r3, r0, #31
100029b2:	d504      	bpl.n	100029be <runtime_init_install_ram_vector_table+0x4a>
100029b4:	f020 0001 	bic.w	r0, r0, #1
100029b8:	4430      	add	r0, r6
100029ba:	f845 2020 	str.w	r2, [r5, r0, lsl #2]
100029be:	4b06      	ldr	r3, [pc, #24]	@ (100029d8 <runtime_init_install_ram_vector_table+0x64>)
100029c0:	609d      	str	r5, [r3, #8]
100029c2:	bd70      	pop	{r4, r5, r6, pc}
100029c4:	2043      	movs	r0, #67	@ 0x43
100029c6:	e7f8      	b.n	100029ba <runtime_init_install_ram_vector_table+0x46>
100029c8:	10000000 	.word	0x10000000
100029cc:	10000110 	.word	0x10000110
100029d0:	20000000 	.word	0x20000000
100029d4:	10000111 	.word	0x10000111
100029d8:	e000ed00 	.word	0xe000ed00

100029dc <runtime_init_clocks>:
100029dc:	2300      	movs	r3, #0
100029de:	b570      	push	{r4, r5, r6, lr}
100029e0:	4c2b      	ldr	r4, [pc, #172]	@ (10002a90 <runtime_init_clocks+0xb4>)
100029e2:	b082      	sub	sp, #8
100029e4:	f8c4 3084 	str.w	r3, [r4, #132]	@ 0x84
100029e8:	f7ff ff38 	bl	1000285c <xosc_init>
100029ec:	2201      	movs	r2, #1
100029ee:	4b29      	ldr	r3, [pc, #164]	@ (10002a94 <runtime_init_clocks+0xb8>)
100029f0:	63da      	str	r2, [r3, #60]	@ 0x3c
100029f2:	6c63      	ldr	r3, [r4, #68]	@ 0x44
100029f4:	2b01      	cmp	r3, #1
100029f6:	d1fc      	bne.n	100029f2 <runtime_init_clocks+0x16>
100029f8:	2103      	movs	r1, #3
100029fa:	4a26      	ldr	r2, [pc, #152]	@ (10002a94 <runtime_init_clocks+0xb8>)
100029fc:	4b24      	ldr	r3, [pc, #144]	@ (10002a90 <runtime_init_clocks+0xb4>)
100029fe:	6311      	str	r1, [r2, #48]	@ 0x30
10002a00:	6b9c      	ldr	r4, [r3, #56]	@ 0x38
10002a02:	2c01      	cmp	r4, #1
10002a04:	d1fc      	bne.n	10002a00 <runtime_init_clocks+0x24>
10002a06:	2602      	movs	r6, #2
10002a08:	2505      	movs	r5, #5
10002a0a:	4621      	mov	r1, r4
10002a0c:	2305      	movs	r3, #5
10002a0e:	4a22      	ldr	r2, [pc, #136]	@ (10002a98 <runtime_init_clocks+0xbc>)
10002a10:	4822      	ldr	r0, [pc, #136]	@ (10002a9c <runtime_init_clocks+0xc0>)
10002a12:	9600      	str	r6, [sp, #0]
10002a14:	f7ff fe38 	bl	10002688 <pll_init>
10002a18:	4621      	mov	r1, r4
10002a1a:	462b      	mov	r3, r5
10002a1c:	4a20      	ldr	r2, [pc, #128]	@ (10002aa0 <runtime_init_clocks+0xc4>)
10002a1e:	4821      	ldr	r0, [pc, #132]	@ (10002aa4 <runtime_init_clocks+0xc8>)
10002a20:	9500      	str	r5, [sp, #0]
10002a22:	f7ff fe31 	bl	10002688 <pll_init>
10002a26:	2200      	movs	r2, #0
10002a28:	2004      	movs	r0, #4
10002a2a:	4631      	mov	r1, r6
10002a2c:	4b1e      	ldr	r3, [pc, #120]	@ (10002aa8 <runtime_init_clocks+0xcc>)
10002a2e:	f7ff fdbd 	bl	100025ac <clock_configure_undivided>
10002a32:	4621      	mov	r1, r4
10002a34:	4628      	mov	r0, r5
10002a36:	2200      	movs	r2, #0
10002a38:	4b1c      	ldr	r3, [pc, #112]	@ (10002aac <runtime_init_clocks+0xd0>)
10002a3a:	f7ff fdb7 	bl	100025ac <clock_configure_undivided>
10002a3e:	2200      	movs	r2, #0
10002a40:	2008      	movs	r0, #8
10002a42:	4611      	mov	r1, r2
10002a44:	4b1a      	ldr	r3, [pc, #104]	@ (10002ab0 <runtime_init_clocks+0xd4>)
10002a46:	f7ff fdb1 	bl	100025ac <clock_configure_undivided>
10002a4a:	2200      	movs	r2, #0
10002a4c:	2009      	movs	r0, #9
10002a4e:	4611      	mov	r1, r2
10002a50:	4b17      	ldr	r3, [pc, #92]	@ (10002ab0 <runtime_init_clocks+0xd4>)
10002a52:	f7ff fdab 	bl	100025ac <clock_configure_undivided>
10002a56:	2200      	movs	r2, #0
10002a58:	2006      	movs	r0, #6
10002a5a:	4611      	mov	r1, r2
10002a5c:	4b13      	ldr	r3, [pc, #76]	@ (10002aac <runtime_init_clocks+0xd0>)
10002a5e:	f7ff fda5 	bl	100025ac <clock_configure_undivided>
10002a62:	2200      	movs	r2, #0
10002a64:	4b11      	ldr	r3, [pc, #68]	@ (10002aac <runtime_init_clocks+0xd0>)
10002a66:	2007      	movs	r0, #7
10002a68:	4611      	mov	r1, r2
10002a6a:	f7ff fd9f 	bl	100025ac <clock_configure_undivided>
10002a6e:	2004      	movs	r0, #4
10002a70:	f7ff fe04 	bl	1000267c <clock_get_hz>
10002a74:	2400      	movs	r4, #0
10002a76:	4b0f      	ldr	r3, [pc, #60]	@ (10002ab4 <runtime_init_clocks+0xd8>)
10002a78:	fba3 3500 	umull	r3, r5, r3, r0
10002a7c:	0cad      	lsrs	r5, r5, #18
10002a7e:	b2e0      	uxtb	r0, r4
10002a80:	4629      	mov	r1, r5
10002a82:	3401      	adds	r4, #1
10002a84:	f7ff fe92 	bl	100027ac <tick_start>
10002a88:	2c06      	cmp	r4, #6
10002a8a:	d1f8      	bne.n	10002a7e <runtime_init_clocks+0xa2>
10002a8c:	b002      	add	sp, #8
10002a8e:	bd70      	pop	{r4, r5, r6, pc}
10002a90:	40010000 	.word	0x40010000
10002a94:	40013000 	.word	0x40013000
10002a98:	59682f00 	.word	0x59682f00
10002a9c:	40050000 	.word	0x40050000
10002aa0:	47868c00 	.word	0x47868c00
10002aa4:	40058000 	.word	0x40058000
10002aa8:	00b71b00 	.word	0x00b71b00
10002aac:	08f0d180 	.word	0x08f0d180
10002ab0:	02dc6c00 	.word	0x02dc6c00
10002ab4:	431bde83 	.word	0x431bde83

10002ab8 <generic_save_state>:
10002ab8:	b086      	sub	sp, #24
10002aba:	b403      	push	{r0, r1}
10002abc:	fc51 0408 	dcp_pxmd r0, r1
10002ac0:	e9cd 0102 	strd	r0, r1, [sp, #8]
10002ac4:	fc51 0409 	dcp_pymd r0, r1
10002ac8:	e9cd 0104 	strd	r0, r1, [sp, #16]
10002acc:	ec51 040a 	dcp_refd r0, r1
10002ad0:	e9cd 0106 	strd	r0, r1, [sp, #24]
10002ad4:	bc03      	pop	{r0, r1}
10002ad6:	47f0      	blx	lr

10002ad8 <generic_restore_state>:
10002ad8:	e8bd 5000 	ldmia.w	sp!, {ip, lr}
10002adc:	ec4e c400 	dcp_wxmd ip, lr
10002ae0:	e8bd 5000 	ldmia.w	sp!, {ip, lr}
10002ae4:	ec4e c401 	dcp_wymd ip, lr
10002ae8:	e8bd 5000 	ldmia.w	sp!, {ip, lr}
10002aec:	ec4e c402 	dcp_wefd ip, lr
10002af0:	bd00      	pop	{pc}
10002af2:	0000      	movs	r0, r0
10002af4:	b500      	push	{lr}
10002af6:	f7ff ffdf 	bl	10002ab8 <generic_save_state>
10002afa:	e002      	b.n	10002b02 <__wrap___aeabi_dadd+0x6>

10002afc <__wrap___aeabi_dadd>:
10002afc:	fe10 f430 	dcp_pcmp APSR_nzcv
10002b00:	d4f8      	bmi.n	10002af4 <generic_restore_state+0x1c>
10002b02:	ec41 0410 	dcp_wxup r0, r1
10002b06:	ec43 2411 	dcp_wyup r2, r3
10002b0a:	ee00 0401 			dcp_add0
10002b0e:	ee10 0401 			dcp_add1
10002b12:	ee80 0420 			dcp_nrdd
10002b16:	ec51 0410 	dcp_rdda r0, r1
10002b1a:	4770      	bx	lr
10002b1c:	b500      	push	{lr}
10002b1e:	f7ff ffcb 	bl	10002ab8 <generic_save_state>
10002b22:	e002      	b.n	10002b2a <__wrap___aeabi_dsub+0x6>

10002b24 <__wrap___aeabi_dsub>:
10002b24:	fe10 f430 	dcp_pcmp APSR_nzcv
10002b28:	d4f8      	bmi.n	10002b1c <__wrap___aeabi_dadd+0x20>
10002b2a:	ec41 0410 	dcp_wxup r0, r1
10002b2e:	ec43 2411 	dcp_wyup r2, r3
10002b32:	ee00 0401 			dcp_add0
10002b36:	ee10 0421 			dcp_sub1
10002b3a:	ee80 0420 			dcp_nrdd
10002b3e:	ec51 0430 	dcp_rdds r0, r1
10002b42:	4770      	bx	lr
10002b44:	b500      	push	{lr}
10002b46:	f7ff ffb7 	bl	10002ab8 <generic_save_state>
10002b4a:	e002      	b.n	10002b52 <__wrap___aeabi_dmul+0x6>

10002b4c <__wrap___aeabi_dmul>:
10002b4c:	fe10 f430 	dcp_pcmp APSR_nzcv
10002b50:	d4f8      	bmi.n	10002b44 <__wrap___aeabi_dsub+0x20>
10002b52:	b510      	push	{r4, lr}
10002b54:	ec41 0410 	dcp_wxup r0, r1
10002b58:	ec43 2411 	dcp_wyup r2, r3
10002b5c:	ec51 0404 	dcp_rxms r0, r1, #0x0
10002b60:	ec53 2405 	dcp_ryms r2, r3, #0x0
10002b64:	fba0 4c02 	umull	r4, ip, r0, r2
10002b68:	f05f 0e00 	movs.w	lr, #0
10002b6c:	fbe0 ce03 	umlal	ip, lr, r0, r3
10002b70:	fbe1 ce02 	umlal	ip, lr, r1, r2
10002b74:	ec4c 4420 	dcp_wxms r4, ip
10002b78:	2400      	movs	r4, #0
10002b7a:	fbe1 e403 	umlal	lr, r4, r1, r3
10002b7e:	ec44 e430 	dcp_wxmo lr, r4
10002b82:	ee80 0420 			dcp_nrdd
10002b86:	ec51 0450 	dcp_rddm r0, r1
10002b8a:	e8bd 4010 	ldmia.w	sp!, {r4, lr}
10002b8e:	4770      	bx	lr
10002b90:	b500      	push	{lr}
10002b92:	f7ff ff91 	bl	10002ab8 <generic_save_state>
10002b96:	e002      	b.n	10002b9e <__wrap___aeabi_ddiv+0x6>

10002b98 <__wrap___aeabi_ddiv>:
10002b98:	fe10 f430 	dcp_pcmp APSR_nzcv
10002b9c:	d4f8      	bmi.n	10002b90 <__wrap___aeabi_dmul+0x44>
10002b9e:	ec41 0410 	dcp_wxup r0, r1
10002ba2:	ec43 2411 	dcp_wyup r2, r3
10002ba6:	ec51 0421 	dcp_rymr r0, r1
10002baa:	fba0 1201 	umull	r1, r2, r0, r1
10002bae:	ea6f 0282 	mvn.w	r2, r2, lsl #2
10002bb2:	fb52 0010 	smmlar	r0, r2, r0, r0
10002bb6:	fb52 f212 	smmulr	r2, r2, r2
10002bba:	fb52 0010 	smmlar	r0, r2, r0, r0
10002bbe:	eba0 7cd0 	sub.w	ip, r0, r0, lsr #31
10002bc2:	ec53 2404 	dcp_rxms r2, r3, #0x0
10002bc6:	fb5c f113 	smmulr	r1, ip, r3
10002bca:	ec53 2415 	dcp_ryms r2, r3, #0x1
10002bce:	fba1 2002 	umull	r2, r0, r1, r2
10002bd2:	fb01 0003 	mla	r0, r1, r3, r0
10002bd6:	ec53 2444 	dcp_rxms r2, r3, #0x4
10002bda:	eba2 0000 	sub.w	r0, r2, r0
10002bde:	fb50 f21c 	smmulr	r2, r0, ip
10002be2:	ea4f 1311 	mov.w	r3, r1, lsr #4
10002be6:	eb12 7001 	adds.w	r0, r2, r1, lsl #28
10002bea:	eb43 71e2 	adc.w	r1, r3, r2, asr #31
10002bee:	ea40 5051 	orr.w	r0, r0, r1, lsr #21
10002bf2:	ea20 5091 	bic.w	r0, r0, r1, lsr #22
10002bf6:	f020 0007 	bic.w	r0, r0, #7
10002bfa:	ec53 2475 	dcp_ryms r2, r3, #0x7
10002bfe:	fba0 3c02 	umull	r3, ip, r0, r2
10002c02:	ec53 2475 	dcp_ryms r2, r3, #0x7
10002c06:	fb00 cc03 	mla	ip, r0, r3, ip
10002c0a:	fb01 cc02 	mla	ip, r1, r2, ip
10002c0e:	ec53 2404 	dcp_rxms r2, r3, #0x0
10002c12:	ebac 4c82 	sub.w	ip, ip, r2, lsl #18
10002c16:	ea40 705c 	orr.w	r0, r0, ip, lsr #29
10002c1a:	f1a0 0001 	sub.w	r0, r0, #1
10002c1e:	ec41 0440 	dcp_wxdd r0, r1
10002c22:	ee80 0420 			dcp_nrdd
10002c26:	ec51 0470 	dcp_rddd r0, r1
10002c2a:	4770      	bx	lr
10002c2c:	b500      	push	{lr}
10002c2e:	f7ff ff43 	bl	10002ab8 <generic_save_state>
10002c32:	e002      	b.n	10002c3a <__wrap___aeabi_i2d+0x6>

10002c34 <__wrap___aeabi_i2d>:
10002c34:	fe10 f430 	dcp_pcmp APSR_nzcv
10002c38:	d4f8      	bmi.n	10002c2c <__wrap___aeabi_ddiv+0x94>
10002c3a:	ec40 0470 	dcp_wxic r0, r0
10002c3e:	ee00 0401 			dcp_add0
10002c42:	ee10 0421 			dcp_sub1
10002c46:	ee80 0420 			dcp_nrdd
10002c4a:	ec51 0430 	dcp_rdds r0, r1
10002c4e:	4770      	bx	lr
10002c50:	b500      	push	{lr}
10002c52:	f7ff ff31 	bl	10002ab8 <generic_save_state>
10002c56:	e002      	b.n	10002c5e <__wrap___aeabi_ui2d+0x6>

10002c58 <__wrap___aeabi_ui2d>:
10002c58:	fe10 f430 	dcp_pcmp APSR_nzcv
10002c5c:	d4f8      	bmi.n	10002c50 <__wrap___aeabi_i2d+0x1c>
10002c5e:	ec40 0460 	dcp_wxuc r0, r0
10002c62:	ee00 0401 			dcp_add0
10002c66:	ee10 0421 			dcp_sub1
10002c6a:	ee80 0420 			dcp_nrdd
10002c6e:	ec51 0430 	dcp_rdds r0, r1
10002c72:	4770      	bx	lr
10002c74:	b500      	push	{lr}
10002c76:	f7ff ff1f 	bl	10002ab8 <generic_save_state>
10002c7a:	e002      	b.n	10002c82 <double2int_z_entry>

10002c7c <__wrap___aeabi_d2iz>:
10002c7c:	fe10 f430 	dcp_pcmp APSR_nzcv
10002c80:	d4f8      	bmi.n	10002c74 <__wrap___aeabi_ui2d+0x1c>

10002c82 <double2int_z_entry>:
10002c82:	ec41 0480 	dcp_wxdc r0, r1
10002c86:	ee00 0401 			dcp_add0
10002c8a:	ee10 0401 			dcp_add1
10002c8e:	ee80 0440 			dcp_ntdc
10002c92:	ee10 0413 			dcp_rdic r0
10002c96:	4770      	bx	lr
10002c98:	b500      	push	{lr}
10002c9a:	f7ff ff0d 	bl	10002ab8 <generic_save_state>
10002c9e:	e002      	b.n	10002ca6 <double2uint_z_entry>

10002ca0 <__wrap___aeabi_d2uiz>:
10002ca0:	fe10 f430 	dcp_pcmp APSR_nzcv
10002ca4:	d4f8      	bmi.n	10002c98 <double2int_z_entry+0x16>

10002ca6 <double2uint_z_entry>:
10002ca6:	ec41 0480 	dcp_wxdc r0, r1
10002caa:	ee00 0401 			dcp_add0
10002cae:	ee10 0401 			dcp_add1
10002cb2:	ee80 0440 			dcp_ntdc
10002cb6:	ee10 0433 			dcp_rduc r0
10002cba:	4770      	bx	lr
10002cbc:	b500      	push	{lr}
10002cbe:	f7ff fefb 	bl	10002ab8 <generic_save_state>
10002cc2:	e002      	b.n	10002cca <__wrap___aeabi_dcmpun+0x6>

10002cc4 <__wrap___aeabi_dcmpun>:
10002cc4:	fe10 f430 	dcp_pcmp APSR_nzcv
10002cc8:	d4f8      	bmi.n	10002cbc <double2uint_z_entry+0x16>
10002cca:	ec41 0410 	dcp_wxup r0, r1
10002cce:	ec43 2411 	dcp_wyup r2, r3
10002cd2:	ee00 0401 			dcp_add0
10002cd6:	ee10 0430 			dcp_rcmp r0
10002cda:	f3c0 7000 	ubfx	r0, r0, #28, #1
10002cde:	4770      	bx	lr
10002ce0:	b500      	push	{lr}
10002ce2:	f7ff fee9 	bl	10002ab8 <generic_save_state>
10002ce6:	e002      	b.n	10002cee <__wrap___aeabi_dcmplt+0x6>

10002ce8 <__wrap___aeabi_dcmplt>:
10002ce8:	fe10 f430 	dcp_pcmp APSR_nzcv
10002cec:	d4f8      	bmi.n	10002ce0 <__wrap___aeabi_dcmpun+0x1c>
10002cee:	ec43 2410 	dcp_wxup r2, r3
10002cf2:	ec41 0411 	dcp_wyup r0, r1
10002cf6:	ee00 0401 			dcp_add0
10002cfa:	ee10 f430 			dcp_rcmp APSR_nzcv
10002cfe:	bf8c      	ite	hi
10002d00:	2001      	movhi	r0, #1
10002d02:	2000      	movls	r0, #0
10002d04:	4770      	bx	lr
10002d06:	bf00      	nop
10002d08:	b500      	push	{lr}
10002d0a:	f7ff fed5 	bl	10002ab8 <generic_save_state>
10002d0e:	e002      	b.n	10002d16 <__wrap___aeabi_dcmple+0x6>

10002d10 <__wrap___aeabi_dcmple>:
10002d10:	fe10 f430 	dcp_pcmp APSR_nzcv
10002d14:	d4f8      	bmi.n	10002d08 <__wrap___aeabi_dcmplt+0x20>
10002d16:	ec43 2410 	dcp_wxup r2, r3
10002d1a:	ec41 0411 	dcp_wyup r0, r1
10002d1e:	ee00 0401 			dcp_add0
10002d22:	ee10 f430 			dcp_rcmp APSR_nzcv
10002d26:	bf2c      	ite	cs
10002d28:	2001      	movcs	r0, #1
10002d2a:	2000      	movcc	r0, #0
10002d2c:	4770      	bx	lr
10002d2e:	bf00      	nop
10002d30:	b500      	push	{lr}
10002d32:	f7ff fec1 	bl	10002ab8 <generic_save_state>
10002d36:	e002      	b.n	10002d3e <__wrap___aeabi_dcmpge+0x6>

10002d38 <__wrap___aeabi_dcmpge>:
10002d38:	fe10 f430 	dcp_pcmp APSR_nzcv
10002d3c:	d4f8      	bmi.n	10002d30 <__wrap___aeabi_dcmple+0x20>
10002d3e:	ec41 0410 	dcp_wxup r0, r1
10002d42:	ec43 2411 	dcp_wyup r2, r3
10002d46:	ee00 0401 			dcp_add0
10002d4a:	ee10 f430 			dcp_rcmp APSR_nzcv
10002d4e:	bf2c      	ite	cs
10002d50:	2001      	movcs	r0, #1
10002d52:	2000      	movcc	r0, #0
10002d54:	4770      	bx	lr
10002d56:	bf00      	nop
10002d58:	b500      	push	{lr}
10002d5a:	f7ff fead 	bl	10002ab8 <generic_save_state>
10002d5e:	e002      	b.n	10002d66 <__wrap___aeabi_dcmpgt+0x6>

10002d60 <__wrap___aeabi_dcmpgt>:
10002d60:	fe10 f430 	dcp_pcmp APSR_nzcv
10002d64:	d4f8      	bmi.n	10002d58 <__wrap___aeabi_dcmpge+0x20>
10002d66:	ec41 0410 	dcp_wxup r0, r1
10002d6a:	ec43 2411 	dcp_wyup r2, r3
10002d6e:	ee00 0401 			dcp_add0
10002d72:	ee10 f430 			dcp_rcmp APSR_nzcv
10002d76:	bf8c      	ite	hi
10002d78:	2001      	movhi	r0, #1
10002d7a:	2000      	movls	r0, #0
10002d7c:	4770      	bx	lr
10002d7e:	bf00      	nop

10002d80 <__wrap___aeabi_l2f>:
10002d80:	2200      	movs	r2, #0

10002d82 <fix642float>:
10002d82:	2900      	cmp	r1, #0
10002d84:	f280 80a9 	bge.w	10002eda <ufix642float>
10002d88:	4240      	negs	r0, r0
10002d8a:	eb61 0141 	sbc.w	r1, r1, r1, lsl #1
10002d8e:	b3b1      	cbz	r1, 10002dfe <fix642float+0x7c>
10002d90:	fab1 f381 	clz	r3, r1
10002d94:	3b08      	subs	r3, #8
10002d96:	d416      	bmi.n	10002dc6 <fix642float+0x44>
10002d98:	4099      	lsls	r1, r3
10002d9a:	fa10 fc03 	lsls.w	ip, r0, r3
10002d9e:	f1c3 0320 	rsb	r3, r3, #32
10002da2:	fa20 f003 	lsr.w	r0, r0, r3
10002da6:	ea40 0001 	orr.w	r0, r0, r1
10002daa:	eba2 0203 	sub.w	r2, r2, r3
10002dae:	f1c2 0295 	rsb	r2, r2, #149	@ 0x95
10002db2:	eb1c 0c0c 	adds.w	ip, ip, ip
10002db6:	eb40 50c2 	adc.w	r0, r0, r2, lsl #23
10002dba:	f040 4000 	orr.w	r0, r0, #2147483648	@ 0x80000000
10002dbe:	d020      	beq.n	10002e02 <fix642float+0x80>
10002dc0:	2afe      	cmp	r2, #254	@ 0xfe
10002dc2:	d216      	bcs.n	10002df2 <fix642float+0x70>
10002dc4:	4770      	bx	lr
10002dc6:	f103 0321 	add.w	r3, r3, #33	@ 0x21
10002dca:	fa11 fc03 	lsls.w	ip, r1, r3
10002dce:	ea5c 0c00 	orrs.w	ip, ip, r0
10002dd2:	f1c3 0321 	rsb	r3, r3, #33	@ 0x21
10002dd6:	fa21 f003 	lsr.w	r0, r1, r3
10002dda:	eba3 0202 	sub.w	r2, r3, r2
10002dde:	f102 02b5 	add.w	r2, r2, #181	@ 0xb5
10002de2:	eb40 50c2 	adc.w	r0, r0, r2, lsl #23
10002de6:	f040 4000 	orr.w	r0, r0, #2147483648	@ 0x80000000
10002dea:	d00a      	beq.n	10002e02 <fix642float+0x80>
10002dec:	2afe      	cmp	r2, #254	@ 0xfe
10002dee:	bf38      	it	cc
10002df0:	4770      	bxcc	lr
10002df2:	f04f 4000 	mov.w	r0, #2147483648	@ 0x80000000
10002df6:	bfa8      	it	ge
10002df8:	f6cf 7080 	movtge	r0, #65408	@ 0xff80
10002dfc:	4770      	bx	lr
10002dfe:	4611      	mov	r1, r2
10002e00:	e00a      	b.n	10002e18 <fix2float_neg>
10002e02:	bf28      	it	cs
10002e04:	f020 0001 	biccs.w	r0, r0, #1
10002e08:	2afe      	cmp	r2, #254	@ 0xfe
10002e0a:	bf38      	it	cc
10002e0c:	4770      	bxcc	lr
10002e0e:	e7f0      	b.n	10002df2 <fix642float+0x70>

10002e10 <fix2float>:
10002e10:	2800      	cmp	r0, #0
10002e12:	f280 8033 	bge.w	10002e7c <ufix2float>
10002e16:	4240      	negs	r0, r0

10002e18 <fix2float_neg>:
10002e18:	fab0 f380 	clz	r3, r0
10002e1c:	3b08      	subs	r3, #8
10002e1e:	d40c      	bmi.n	10002e3a <fix2float_neg+0x22>
10002e20:	4098      	lsls	r0, r3
10002e22:	eb01 0203 	add.w	r2, r1, r3
10002e26:	f1c2 0295 	rsb	r2, r2, #149	@ 0x95
10002e2a:	eb00 50c2 	add.w	r0, r0, r2, lsl #23
10002e2e:	f040 4000 	orr.w	r0, r0, #2147483648	@ 0x80000000
10002e32:	2afe      	cmp	r2, #254	@ 0xfe
10002e34:	bf38      	it	cc
10002e36:	4770      	bxcc	lr
10002e38:	e013      	b.n	10002e62 <fix2float_neg+0x4a>
10002e3a:	f103 0321 	add.w	r3, r3, #33	@ 0x21
10002e3e:	fa10 fc03 	lsls.w	ip, r0, r3
10002e42:	f1c3 0321 	rsb	r3, r3, #33	@ 0x21
10002e46:	fa20 f003 	lsr.w	r0, r0, r3
10002e4a:	eba3 0201 	sub.w	r2, r3, r1
10002e4e:	f102 0295 	add.w	r2, r2, #149	@ 0x95
10002e52:	eb40 50c2 	adc.w	r0, r0, r2, lsl #23
10002e56:	f040 4000 	orr.w	r0, r0, #2147483648	@ 0x80000000
10002e5a:	d008      	beq.n	10002e6e <fix2float_neg+0x56>
10002e5c:	2afe      	cmp	r2, #254	@ 0xfe
10002e5e:	bf38      	it	cc
10002e60:	4770      	bxcc	lr
10002e62:	f04f 4000 	mov.w	r0, #2147483648	@ 0x80000000
10002e66:	bfa8      	it	ge
10002e68:	f040 40ff 	orrge.w	r0, r0, #2139095040	@ 0x7f800000
10002e6c:	4770      	bx	lr
10002e6e:	bf28      	it	cs
10002e70:	f020 0001 	biccs.w	r0, r0, #1
10002e74:	2afe      	cmp	r2, #254	@ 0xfe
10002e76:	bf38      	it	cc
10002e78:	4770      	bxcc	lr
10002e7a:	e7f2      	b.n	10002e62 <fix2float_neg+0x4a>

10002e7c <ufix2float>:
10002e7c:	b320      	cbz	r0, 10002ec8 <ufix2float+0x4c>
10002e7e:	fab0 f380 	clz	r3, r0
10002e82:	3b08      	subs	r3, #8
10002e84:	d40a      	bmi.n	10002e9c <ufix2float+0x20>
10002e86:	4098      	lsls	r0, r3
10002e88:	eb01 0203 	add.w	r2, r1, r3
10002e8c:	f1c2 0295 	rsb	r2, r2, #149	@ 0x95
10002e90:	eb00 50c2 	add.w	r0, r0, r2, lsl #23
10002e94:	2afe      	cmp	r2, #254	@ 0xfe
10002e96:	bf38      	it	cc
10002e98:	4770      	bxcc	lr
10002e9a:	e011      	b.n	10002ec0 <ufix2float+0x44>
10002e9c:	f103 0321 	add.w	r3, r3, #33	@ 0x21
10002ea0:	fa10 fc03 	lsls.w	ip, r0, r3
10002ea4:	f1c3 0321 	rsb	r3, r3, #33	@ 0x21
10002ea8:	fa20 f003 	lsr.w	r0, r0, r3
10002eac:	eba3 0201 	sub.w	r2, r3, r1
10002eb0:	f102 0295 	add.w	r2, r2, #149	@ 0x95
10002eb4:	eb40 50c2 	adc.w	r0, r0, r2, lsl #23
10002eb8:	d007      	beq.n	10002eca <ufix2float+0x4e>
10002eba:	2afe      	cmp	r2, #254	@ 0xfe
10002ebc:	bf38      	it	cc
10002ebe:	4770      	bxcc	lr
10002ec0:	bfac      	ite	ge
10002ec2:	f04f 40ff 	movge.w	r0, #2139095040	@ 0x7f800000
10002ec6:	2000      	movlt	r0, #0
10002ec8:	4770      	bx	lr
10002eca:	bf28      	it	cs
10002ecc:	f020 0001 	biccs.w	r0, r0, #1
10002ed0:	2afe      	cmp	r2, #254	@ 0xfe
10002ed2:	bf38      	it	cc
10002ed4:	4770      	bxcc	lr
10002ed6:	e7f3      	b.n	10002ec0 <ufix2float+0x44>

10002ed8 <__wrap___aeabi_ul2f>:
10002ed8:	2200      	movs	r2, #0

10002eda <ufix642float>:
10002eda:	b389      	cbz	r1, 10002f40 <ufix642float+0x66>
10002edc:	fab1 f381 	clz	r3, r1
10002ee0:	3b08      	subs	r3, #8
10002ee2:	d414      	bmi.n	10002f0e <ufix642float+0x34>
10002ee4:	4099      	lsls	r1, r3
10002ee6:	fa10 fc03 	lsls.w	ip, r0, r3
10002eea:	f1c3 0320 	rsb	r3, r3, #32
10002eee:	fa20 f003 	lsr.w	r0, r0, r3
10002ef2:	ea40 0001 	orr.w	r0, r0, r1
10002ef6:	eba2 0203 	sub.w	r2, r2, r3
10002efa:	f1c2 0295 	rsb	r2, r2, #149	@ 0x95
10002efe:	eb1c 0c0c 	adds.w	ip, ip, ip
10002f02:	eb40 50c2 	adc.w	r0, r0, r2, lsl #23
10002f06:	d01e      	beq.n	10002f46 <ufix642float+0x6c>
10002f08:	2afe      	cmp	r2, #254	@ 0xfe
10002f0a:	d214      	bcs.n	10002f36 <ufix642float+0x5c>
10002f0c:	4770      	bx	lr
10002f0e:	f103 0321 	add.w	r3, r3, #33	@ 0x21
10002f12:	fa11 fc03 	lsls.w	ip, r1, r3
10002f16:	ea5c 0c00 	orrs.w	ip, ip, r0
10002f1a:	f1c3 0321 	rsb	r3, r3, #33	@ 0x21
10002f1e:	fa21 f003 	lsr.w	r0, r1, r3
10002f22:	eba3 0202 	sub.w	r2, r3, r2
10002f26:	f102 02b5 	add.w	r2, r2, #181	@ 0xb5
10002f2a:	eb40 50c2 	adc.w	r0, r0, r2, lsl #23
10002f2e:	d00a      	beq.n	10002f46 <ufix642float+0x6c>
10002f30:	2afe      	cmp	r2, #254	@ 0xfe
10002f32:	bf38      	it	cc
10002f34:	4770      	bxcc	lr
10002f36:	bfac      	ite	ge
10002f38:	f04f 40ff 	movge.w	r0, #2139095040	@ 0x7f800000
10002f3c:	2000      	movlt	r0, #0
10002f3e:	4770      	bx	lr
10002f40:	4611      	mov	r1, r2
10002f42:	f7ff bf9b 	b.w	10002e7c <ufix2float>
10002f46:	bf28      	it	cs
10002f48:	f020 0001 	biccs.w	r0, r0, #1
10002f4c:	2afe      	cmp	r2, #254	@ 0xfe
10002f4e:	bf38      	it	cc
10002f50:	4770      	bxcc	lr
10002f52:	e7f0      	b.n	10002f36 <ufix642float+0x5c>

10002f54 <_out_buffer>:
10002f54:	429a      	cmp	r2, r3
10002f56:	bf38      	it	cc
10002f58:	5488      	strbcc	r0, [r1, r2]
10002f5a:	4770      	bx	lr

10002f5c <_out_null>:
10002f5c:	4770      	bx	lr
10002f5e:	bf00      	nop

10002f60 <_out_rev>:
10002f60:	e92d 4ff0 	stmdb	sp!, {r4, r5, r6, r7, r8, r9, sl, fp, lr}
10002f64:	b083      	sub	sp, #12
10002f66:	4699      	mov	r9, r3
10002f68:	e9dd ab0d 	ldrd	sl, fp, [sp, #52]	@ 0x34
10002f6c:	9b0f      	ldr	r3, [sp, #60]	@ 0x3c
10002f6e:	4688      	mov	r8, r1
10002f70:	4611      	mov	r1, r2
10002f72:	079a      	lsls	r2, r3, #30
10002f74:	4607      	mov	r7, r0
10002f76:	d116      	bne.n	10002fa6 <_out_rev+0x46>
10002f78:	45da      	cmp	sl, fp
10002f7a:	d23a      	bcs.n	10002ff2 <_out_rev+0x92>
10002f7c:	460c      	mov	r4, r1
10002f7e:	460d      	mov	r5, r1
10002f80:	ebab 060a 	sub.w	r6, fp, sl
10002f84:	440e      	add	r6, r1
10002f86:	4622      	mov	r2, r4
10002f88:	464b      	mov	r3, r9
10002f8a:	4641      	mov	r1, r8
10002f8c:	2020      	movs	r0, #32
10002f8e:	3401      	adds	r4, #1
10002f90:	47b8      	blx	r7
10002f92:	42b4      	cmp	r4, r6
10002f94:	d1f7      	bne.n	10002f86 <_out_rev+0x26>
10002f96:	4629      	mov	r1, r5
10002f98:	f1ba 0f00 	cmp.w	sl, #0
10002f9c:	d108      	bne.n	10002fb0 <_out_rev+0x50>
10002f9e:	4620      	mov	r0, r4
10002fa0:	b003      	add	sp, #12
10002fa2:	e8bd 8ff0 	ldmia.w	sp!, {r4, r5, r6, r7, r8, r9, sl, fp, pc}
10002fa6:	460c      	mov	r4, r1
10002fa8:	f1ba 0f00 	cmp.w	sl, #0
10002fac:	d010      	beq.n	10002fd0 <_out_rev+0x70>
10002fae:	460e      	mov	r6, r1
10002fb0:	4655      	mov	r5, sl
10002fb2:	9b0c      	ldr	r3, [sp, #48]	@ 0x30
10002fb4:	442e      	add	r6, r5
10002fb6:	449a      	add	sl, r3
10002fb8:	9101      	str	r1, [sp, #4]
10002fba:	1b72      	subs	r2, r6, r5
10002fbc:	464b      	mov	r3, r9
10002fbe:	3d01      	subs	r5, #1
10002fc0:	4641      	mov	r1, r8
10002fc2:	f81a 0d01 	ldrb.w	r0, [sl, #-1]!
10002fc6:	4634      	mov	r4, r6
10002fc8:	47b8      	blx	r7
10002fca:	2d00      	cmp	r5, #0
10002fcc:	d1f5      	bne.n	10002fba <_out_rev+0x5a>
10002fce:	9901      	ldr	r1, [sp, #4]
10002fd0:	9b0f      	ldr	r3, [sp, #60]	@ 0x3c
10002fd2:	079b      	lsls	r3, r3, #30
10002fd4:	d5e3      	bpl.n	10002f9e <_out_rev+0x3e>
10002fd6:	1a65      	subs	r5, r4, r1
10002fd8:	45ab      	cmp	fp, r5
10002fda:	d9e0      	bls.n	10002f9e <_out_rev+0x3e>
10002fdc:	4622      	mov	r2, r4
10002fde:	464b      	mov	r3, r9
10002fe0:	4641      	mov	r1, r8
10002fe2:	2020      	movs	r0, #32
10002fe4:	3501      	adds	r5, #1
10002fe6:	47b8      	blx	r7
10002fe8:	455d      	cmp	r5, fp
10002fea:	f104 0401 	add.w	r4, r4, #1
10002fee:	d3f5      	bcc.n	10002fdc <_out_rev+0x7c>
10002ff0:	e7d5      	b.n	10002f9e <_out_rev+0x3e>
10002ff2:	460c      	mov	r4, r1
10002ff4:	f1ba 0f00 	cmp.w	sl, #0
10002ff8:	d1d9      	bne.n	10002fae <_out_rev+0x4e>
10002ffa:	e7d0      	b.n	10002f9e <_out_rev+0x3e>

10002ffc <_ntoa_format>:
10002ffc:	e92d 4ff0 	stmdb	sp!, {r4, r5, r6, r7, r8, r9, sl, fp, lr}
10003000:	9f0f      	ldr	r7, [sp, #60]	@ 0x3c
10003002:	f8dd 8024 	ldr.w	r8, [sp, #36]	@ 0x24
10003006:	f017 0f02 	tst.w	r7, #2
1000300a:	9c0a      	ldr	r4, [sp, #40]	@ 0x28
1000300c:	f89d a02c 	ldrb.w	sl, [sp, #44]	@ 0x2c
10003010:	9d0e      	ldr	r5, [sp, #56]	@ 0x38
10003012:	e9dd 960c 	ldrd	r9, r6, [sp, #48]	@ 0x30
10003016:	d144      	bne.n	100030a2 <_ntoa_format+0xa6>
10003018:	bbf5      	cbnz	r5, 10003098 <_ntoa_format+0x9c>
1000301a:	42b4      	cmp	r4, r6
1000301c:	d241      	bcs.n	100030a2 <_ntoa_format+0xa6>
1000301e:	f007 0b01 	and.w	fp, r7, #1
10003022:	f104 3cff 	add.w	ip, r4, #4294967295
10003026:	f04f 0e30 	mov.w	lr, #48	@ 0x30
1000302a:	44c4      	add	ip, r8
1000302c:	e004      	b.n	10003038 <_ntoa_format+0x3c>
1000302e:	3401      	adds	r4, #1
10003030:	42a6      	cmp	r6, r4
10003032:	f80c ef01 	strb.w	lr, [ip, #1]!
10003036:	d901      	bls.n	1000303c <_ntoa_format+0x40>
10003038:	2c20      	cmp	r4, #32
1000303a:	d1f8      	bne.n	1000302e <_ntoa_format+0x32>
1000303c:	f1bb 0f00 	cmp.w	fp, #0
10003040:	f000 8088 	beq.w	10003154 <_ntoa_format+0x158>
10003044:	42a5      	cmp	r5, r4
10003046:	d92c      	bls.n	100030a2 <_ntoa_format+0xa6>
10003048:	f104 3cff 	add.w	ip, r4, #4294967295
1000304c:	f04f 0e30 	mov.w	lr, #48	@ 0x30
10003050:	44c4      	add	ip, r8
10003052:	e004      	b.n	1000305e <_ntoa_format+0x62>
10003054:	3401      	adds	r4, #1
10003056:	42ac      	cmp	r4, r5
10003058:	f80c ef01 	strb.w	lr, [ip, #1]!
1000305c:	d021      	beq.n	100030a2 <_ntoa_format+0xa6>
1000305e:	2c20      	cmp	r4, #32
10003060:	d1f8      	bne.n	10003054 <_ntoa_format+0x58>
10003062:	f017 0f10 	tst.w	r7, #16
10003066:	d00e      	beq.n	10003086 <_ntoa_format+0x8a>
10003068:	f417 6f80 	tst.w	r7, #1024	@ 0x400
1000306c:	d154      	bne.n	10003118 <_ntoa_format+0x11c>
1000306e:	42a6      	cmp	r6, r4
10003070:	d063      	beq.n	1000313a <_ntoa_format+0x13e>
10003072:	42a5      	cmp	r5, r4
10003074:	d061      	beq.n	1000313a <_ntoa_format+0x13e>
10003076:	f1b9 0f10 	cmp.w	r9, #16
1000307a:	d050      	beq.n	1000311e <_ntoa_format+0x122>
1000307c:	f1b9 0f02 	cmp.w	r9, #2
10003080:	d056      	beq.n	10003130 <_ntoa_format+0x134>
10003082:	2c20      	cmp	r4, #32
10003084:	d129      	bne.n	100030da <_ntoa_format+0xde>
10003086:	2420      	movs	r4, #32
10003088:	e9cd 570b 	strd	r5, r7, [sp, #44]	@ 0x2c
1000308c:	e9cd 8409 	strd	r8, r4, [sp, #36]	@ 0x24
10003090:	e8bd 4ff0 	ldmia.w	sp!, {r4, r5, r6, r7, r8, r9, sl, fp, lr}
10003094:	f7ff bf64 	b.w	10002f60 <_out_rev>
10003098:	f017 0b01 	ands.w	fp, r7, #1
1000309c:	d134      	bne.n	10003108 <_ntoa_format+0x10c>
1000309e:	42b4      	cmp	r4, r6
100030a0:	d3bf      	bcc.n	10003022 <_ntoa_format+0x26>
100030a2:	f017 0f10 	tst.w	r7, #16
100030a6:	d01e      	beq.n	100030e6 <_ntoa_format+0xea>
100030a8:	f417 6f80 	tst.w	r7, #1024	@ 0x400
100030ac:	d1e3      	bne.n	10003076 <_ntoa_format+0x7a>
100030ae:	2c00      	cmp	r4, #0
100030b0:	d1dd      	bne.n	1000306e <_ntoa_format+0x72>
100030b2:	f1b9 0f10 	cmp.w	r9, #16
100030b6:	d063      	beq.n	10003180 <_ntoa_format+0x184>
100030b8:	f1b9 0f02 	cmp.w	r9, #2
100030bc:	d077      	beq.n	100031ae <_ntoa_format+0x1b2>
100030be:	2430      	movs	r4, #48	@ 0x30
100030c0:	f888 4000 	strb.w	r4, [r8]
100030c4:	2401      	movs	r4, #1
100030c6:	f1ba 0f00 	cmp.w	sl, #0
100030ca:	d111      	bne.n	100030f0 <_ntoa_format+0xf4>
100030cc:	077e      	lsls	r6, r7, #29
100030ce:	d548      	bpl.n	10003162 <_ntoa_format+0x166>
100030d0:	262b      	movs	r6, #43	@ 0x2b
100030d2:	f808 6004 	strb.w	r6, [r8, r4]
100030d6:	3401      	adds	r4, #1
100030d8:	e7d6      	b.n	10003088 <_ntoa_format+0x8c>
100030da:	4626      	mov	r6, r4
100030dc:	3401      	adds	r4, #1
100030de:	f04f 0c30 	mov.w	ip, #48	@ 0x30
100030e2:	f808 c006 	strb.w	ip, [r8, r6]
100030e6:	2c20      	cmp	r4, #32
100030e8:	d0cd      	beq.n	10003086 <_ntoa_format+0x8a>
100030ea:	f1ba 0f00 	cmp.w	sl, #0
100030ee:	d0ed      	beq.n	100030cc <_ntoa_format+0xd0>
100030f0:	262d      	movs	r6, #45	@ 0x2d
100030f2:	f808 6004 	strb.w	r6, [r8, r4]
100030f6:	3401      	adds	r4, #1
100030f8:	e9cd 570b 	strd	r5, r7, [sp, #44]	@ 0x2c
100030fc:	e9cd 8409 	strd	r8, r4, [sp, #36]	@ 0x24
10003100:	e8bd 4ff0 	ldmia.w	sp!, {r4, r5, r6, r7, r8, r9, sl, fp, lr}
10003104:	f7ff bf2c 	b.w	10002f60 <_out_rev>
10003108:	f1ba 0f00 	cmp.w	sl, #0
1000310c:	d030      	beq.n	10003170 <_ntoa_format+0x174>
1000310e:	42b4      	cmp	r4, r6
10003110:	f105 35ff 	add.w	r5, r5, #4294967295
10003114:	d385      	bcc.n	10003022 <_ntoa_format+0x26>
10003116:	e795      	b.n	10003044 <_ntoa_format+0x48>
10003118:	f1b9 0f10 	cmp.w	r9, #16
1000311c:	d1b3      	bne.n	10003086 <_ntoa_format+0x8a>
1000311e:	06be      	lsls	r6, r7, #26
10003120:	d53b      	bpl.n	1000319a <_ntoa_format+0x19e>
10003122:	2c20      	cmp	r4, #32
10003124:	d0af      	beq.n	10003086 <_ntoa_format+0x8a>
10003126:	2658      	movs	r6, #88	@ 0x58
10003128:	f808 6004 	strb.w	r6, [r8, r4]
1000312c:	3401      	adds	r4, #1
1000312e:	e7a8      	b.n	10003082 <_ntoa_format+0x86>
10003130:	2c20      	cmp	r4, #32
10003132:	d0a8      	beq.n	10003086 <_ntoa_format+0x8a>
10003134:	4626      	mov	r6, r4
10003136:	3401      	adds	r4, #1
10003138:	e007      	b.n	1000314a <_ntoa_format+0x14e>
1000313a:	1e66      	subs	r6, r4, #1
1000313c:	d0b9      	beq.n	100030b2 <_ntoa_format+0xb6>
1000313e:	f1b9 0f10 	cmp.w	r9, #16
10003142:	d036      	beq.n	100031b2 <_ntoa_format+0x1b6>
10003144:	f1b9 0f02 	cmp.w	r9, #2
10003148:	d1c9      	bne.n	100030de <_ntoa_format+0xe2>
1000314a:	f04f 0c62 	mov.w	ip, #98	@ 0x62
1000314e:	f808 c006 	strb.w	ip, [r8, r6]
10003152:	e796      	b.n	10003082 <_ntoa_format+0x86>
10003154:	f017 0f10 	tst.w	r7, #16
10003158:	d0c5      	beq.n	100030e6 <_ntoa_format+0xea>
1000315a:	f417 6f80 	tst.w	r7, #1024	@ 0x400
1000315e:	d086      	beq.n	1000306e <_ntoa_format+0x72>
10003160:	e789      	b.n	10003076 <_ntoa_format+0x7a>
10003162:	073e      	lsls	r6, r7, #28
10003164:	d590      	bpl.n	10003088 <_ntoa_format+0x8c>
10003166:	2620      	movs	r6, #32
10003168:	f808 6004 	strb.w	r6, [r8, r4]
1000316c:	3401      	adds	r4, #1
1000316e:	e78b      	b.n	10003088 <_ntoa_format+0x8c>
10003170:	f017 0f0c 	tst.w	r7, #12
10003174:	d000      	beq.n	10003178 <_ntoa_format+0x17c>
10003176:	3d01      	subs	r5, #1
10003178:	42b4      	cmp	r4, r6
1000317a:	f4ff af52 	bcc.w	10003022 <_ntoa_format+0x26>
1000317e:	e761      	b.n	10003044 <_ntoa_format+0x48>
10003180:	06bc      	lsls	r4, r7, #26
10003182:	d412      	bmi.n	100031aa <_ntoa_format+0x1ae>
10003184:	2478      	movs	r4, #120	@ 0x78
10003186:	f888 4000 	strb.w	r4, [r8]
1000318a:	2430      	movs	r4, #48	@ 0x30
1000318c:	f888 4001 	strb.w	r4, [r8, #1]
10003190:	2402      	movs	r4, #2
10003192:	f1ba 0f00 	cmp.w	sl, #0
10003196:	d099      	beq.n	100030cc <_ntoa_format+0xd0>
10003198:	e7aa      	b.n	100030f0 <_ntoa_format+0xf4>
1000319a:	2c20      	cmp	r4, #32
1000319c:	f43f af73 	beq.w	10003086 <_ntoa_format+0x8a>
100031a0:	2678      	movs	r6, #120	@ 0x78
100031a2:	f808 6004 	strb.w	r6, [r8, r4]
100031a6:	3401      	adds	r4, #1
100031a8:	e76b      	b.n	10003082 <_ntoa_format+0x86>
100031aa:	2458      	movs	r4, #88	@ 0x58
100031ac:	e7eb      	b.n	10003186 <_ntoa_format+0x18a>
100031ae:	2462      	movs	r4, #98	@ 0x62
100031b0:	e7e9      	b.n	10003186 <_ntoa_format+0x18a>
100031b2:	f017 0f20 	tst.w	r7, #32
100031b6:	f1a4 0c02 	sub.w	ip, r4, #2
100031ba:	d004      	beq.n	100031c6 <_ntoa_format+0x1ca>
100031bc:	f04f 0e58 	mov.w	lr, #88	@ 0x58
100031c0:	f808 e00c 	strb.w	lr, [r8, ip]
100031c4:	e78b      	b.n	100030de <_ntoa_format+0xe2>
100031c6:	f04f 0e78 	mov.w	lr, #120	@ 0x78
100031ca:	f808 e00c 	strb.w	lr, [r8, ip]
100031ce:	e786      	b.n	100030de <_ntoa_format+0xe2>

100031d0 <_out_char>:
100031d0:	b900      	cbnz	r0, 100031d4 <_out_char+0x4>
100031d2:	4770      	bx	lr
100031d4:	f001 bc04 	b.w	100049e0 <__wrap_putchar>

100031d8 <_out_fct>:
100031d8:	b110      	cbz	r0, 100031e0 <_out_fct+0x8>
100031da:	e9d1 3100 	ldrd	r3, r1, [r1]
100031de:	4718      	bx	r3
100031e0:	4770      	bx	lr
100031e2:	bf00      	nop
100031e4:	0000      	movs	r0, r0
	...

100031e8 <_ftoa>:
100031e8:	e92d 4ff0 	stmdb	sp!, {r4, r5, r6, r7, r8, r9, sl, fp, lr}
100031ec:	b097      	sub	sp, #92	@ 0x5c
100031ee:	ed9d 7b20 	vldr	d7, [sp, #128]	@ 0x80
100031f2:	e9dd 5b22 	ldrd	r5, fp, [sp, #136]	@ 0x88
100031f6:	4607      	mov	r7, r0
100031f8:	4688      	mov	r8, r1
100031fa:	ec51 0b17 	vmov	r0, r1, d7
100031fe:	9c24      	ldr	r4, [sp, #144]	@ 0x90
10003200:	4699      	mov	r9, r3
10003202:	920c      	str	r2, [sp, #48]	@ 0x30
10003204:	460b      	mov	r3, r1
10003206:	4602      	mov	r2, r0
10003208:	ed8d 7b04 	vstr	d7, [sp, #16]
1000320c:	9407      	str	r4, [sp, #28]
1000320e:	f7ff fd59 	bl	10002cc4 <__wrap___aeabi_dcmpun>
10003212:	2800      	cmp	r0, #0
10003214:	f040 81f4 	bne.w	10003600 <_ftoa+0x418>
10003218:	e9dd 0104 	ldrd	r0, r1, [sp, #16]
1000321c:	f04f 32ff 	mov.w	r2, #4294967295
10003220:	f46f 1380 	mvn.w	r3, #1048576	@ 0x100000
10003224:	f7ff fd60 	bl	10002ce8 <__wrap___aeabi_dcmplt>
10003228:	2800      	cmp	r0, #0
1000322a:	f040 811b 	bne.w	10003464 <_ftoa+0x27c>
1000322e:	e9dd 0104 	ldrd	r0, r1, [sp, #16]
10003232:	f04f 32ff 	mov.w	r2, #4294967295
10003236:	4bac      	ldr	r3, [pc, #688]	@ (100034e8 <_ftoa+0x300>)
10003238:	f7ff fd92 	bl	10002d60 <__wrap___aeabi_dcmpgt>
1000323c:	2800      	cmp	r0, #0
1000323e:	f040 80ee 	bne.w	1000341e <_ftoa+0x236>
10003242:	e9dd 0104 	ldrd	r0, r1, [sp, #16]
10003246:	a3a4      	add	r3, pc, #656	@ (adr r3, 100034d8 <_ftoa+0x2f0>)
10003248:	e9d3 2300 	ldrd	r2, r3, [r3]
1000324c:	f7ff fd88 	bl	10002d60 <__wrap___aeabi_dcmpgt>
10003250:	2800      	cmp	r0, #0
10003252:	f040 80d3 	bne.w	100033fc <_ftoa+0x214>
10003256:	e9dd 0104 	ldrd	r0, r1, [sp, #16]
1000325a:	a3a1      	add	r3, pc, #644	@ (adr r3, 100034e0 <_ftoa+0x2f8>)
1000325c:	e9d3 2300 	ldrd	r2, r3, [r3]
10003260:	f7ff fd42 	bl	10002ce8 <__wrap___aeabi_dcmplt>
10003264:	2800      	cmp	r0, #0
10003266:	f040 80c9 	bne.w	100033fc <_ftoa+0x214>
1000326a:	e9dd 0104 	ldrd	r0, r1, [sp, #16]
1000326e:	2200      	movs	r2, #0
10003270:	2300      	movs	r3, #0
10003272:	f7ff fd39 	bl	10002ce8 <__wrap___aeabi_dcmplt>
10003276:	2800      	cmp	r0, #0
10003278:	f040 80e8 	bne.w	1000344c <_ftoa+0x264>
1000327c:	4623      	mov	r3, r4
1000327e:	900d      	str	r0, [sp, #52]	@ 0x34
10003280:	f413 6f80 	tst.w	r3, #1024	@ 0x400
10003284:	bf08      	it	eq
10003286:	2506      	moveq	r5, #6
10003288:	2130      	movs	r1, #48	@ 0x30
1000328a:	462b      	mov	r3, r5
1000328c:	aa0e      	add	r2, sp, #56	@ 0x38
1000328e:	f1a5 0620 	sub.w	r6, r5, #32
10003292:	e005      	b.n	100032a0 <_ftoa+0xb8>
10003294:	3b01      	subs	r3, #1
10003296:	42b3      	cmp	r3, r6
10003298:	f802 1b01 	strb.w	r1, [r2], #1
1000329c:	f000 8193 	beq.w	100035c6 <_ftoa+0x3de>
100032a0:	2b09      	cmp	r3, #9
100032a2:	d8f7      	bhi.n	10003294 <_ftoa+0xac>
100032a4:	461e      	mov	r6, r3
100032a6:	1aed      	subs	r5, r5, r3
100032a8:	e9dd 0104 	ldrd	r0, r1, [sp, #16]
100032ac:	f7ff fce6 	bl	10002c7c <__wrap___aeabi_d2iz>
100032b0:	4b8e      	ldr	r3, [pc, #568]	@ (100034ec <_ftoa+0x304>)
100032b2:	4604      	mov	r4, r0
100032b4:	eb03 03c6 	add.w	r3, r3, r6, lsl #3
100032b8:	ed93 7b00 	vldr	d7, [r3]
100032bc:	ed8d 7b08 	vstr	d7, [sp, #32]
100032c0:	f7ff fcb8 	bl	10002c34 <__wrap___aeabi_i2d>
100032c4:	4602      	mov	r2, r0
100032c6:	460b      	mov	r3, r1
100032c8:	e9dd 0104 	ldrd	r0, r1, [sp, #16]
100032cc:	f7ff fc2a 	bl	10002b24 <__wrap___aeabi_dsub>
100032d0:	e9dd 2308 	ldrd	r2, r3, [sp, #32]
100032d4:	f7ff fc3a 	bl	10002b4c <__wrap___aeabi_dmul>
100032d8:	4602      	mov	r2, r0
100032da:	460b      	mov	r3, r1
100032dc:	e9cd 230a 	strd	r2, r3, [sp, #40]	@ 0x28
100032e0:	f7ff fcde 	bl	10002ca0 <__wrap___aeabi_d2uiz>
100032e4:	4682      	mov	sl, r0
100032e6:	f7ff fcb7 	bl	10002c58 <__wrap___aeabi_ui2d>
100032ea:	4602      	mov	r2, r0
100032ec:	460b      	mov	r3, r1
100032ee:	e9dd 010a 	ldrd	r0, r1, [sp, #40]	@ 0x28
100032f2:	f7ff fc17 	bl	10002b24 <__wrap___aeabi_dsub>
100032f6:	4602      	mov	r2, r0
100032f8:	460b      	mov	r3, r1
100032fa:	e9cd 230a 	strd	r2, r3, [sp, #40]	@ 0x28
100032fe:	2200      	movs	r2, #0
10003300:	4b7b      	ldr	r3, [pc, #492]	@ (100034f0 <_ftoa+0x308>)
10003302:	f7ff fd2d 	bl	10002d60 <__wrap___aeabi_dcmpgt>
10003306:	2800      	cmp	r0, #0
10003308:	f000 80fe 	beq.w	10003508 <_ftoa+0x320>
1000330c:	f10a 0a01 	add.w	sl, sl, #1
10003310:	4650      	mov	r0, sl
10003312:	f7ff fca1 	bl	10002c58 <__wrap___aeabi_ui2d>
10003316:	4602      	mov	r2, r0
10003318:	460b      	mov	r3, r1
1000331a:	e9dd 0108 	ldrd	r0, r1, [sp, #32]
1000331e:	f7ff fcf7 	bl	10002d10 <__wrap___aeabi_dcmple>
10003322:	b110      	cbz	r0, 1000332a <_ftoa+0x142>
10003324:	f04f 0a00 	mov.w	sl, #0
10003328:	3401      	adds	r4, #1
1000332a:	2e00      	cmp	r6, #0
1000332c:	f000 80fd 	beq.w	1000352a <_ftoa+0x342>
10003330:	1e68      	subs	r0, r5, #1
10003332:	ab0e      	add	r3, sp, #56	@ 0x38
10003334:	f8df c1cc 	ldr.w	ip, [pc, #460]	@ 10003504 <_ftoa+0x31c>
10003338:	4418      	add	r0, r3
1000333a:	e00f      	b.n	1000335c <_ftoa+0x174>
1000333c:	fbac 210a 	umull	r2, r1, ip, sl
10003340:	08c9      	lsrs	r1, r1, #3
10003342:	eb01 0281 	add.w	r2, r1, r1, lsl #2
10003346:	ebaa 0242 	sub.w	r2, sl, r2, lsl #1
1000334a:	3230      	adds	r2, #48	@ 0x30
1000334c:	f1ba 0f09 	cmp.w	sl, #9
10003350:	f800 2f01 	strb.w	r2, [r0, #1]!
10003354:	f240 811c 	bls.w	10003590 <_ftoa+0x3a8>
10003358:	468a      	mov	sl, r1
1000335a:	461d      	mov	r5, r3
1000335c:	2d20      	cmp	r5, #32
1000335e:	f105 0301 	add.w	r3, r5, #1
10003362:	f106 36ff 	add.w	r6, r6, #4294967295
10003366:	d1e9      	bne.n	1000333c <_ftoa+0x154>
10003368:	2520      	movs	r5, #32
1000336a:	1e69      	subs	r1, r5, #1
1000336c:	ab0e      	add	r3, sp, #56	@ 0x38
1000336e:	4861      	ldr	r0, [pc, #388]	@ (100034f4 <_ftoa+0x30c>)
10003370:	4419      	add	r1, r3
10003372:	e010      	b.n	10003396 <_ftoa+0x1ae>
10003374:	fb80 6204 	smull	r6, r2, r0, r4
10003378:	ebc3 03a2 	rsb	r3, r3, r2, asr #2
1000337c:	eb03 0283 	add.w	r2, r3, r3, lsl #2
10003380:	eba4 0442 	sub.w	r4, r4, r2, lsl #1
10003384:	f104 0230 	add.w	r2, r4, #48	@ 0x30
10003388:	3501      	adds	r5, #1
1000338a:	461c      	mov	r4, r3
1000338c:	f801 2f01 	strb.w	r2, [r1, #1]!
10003390:	2b00      	cmp	r3, #0
10003392:	f000 80eb 	beq.w	1000356c <_ftoa+0x384>
10003396:	2d20      	cmp	r5, #32
10003398:	ea4f 73e4 	mov.w	r3, r4, asr #31
1000339c:	d1ea      	bne.n	10003374 <_ftoa+0x18c>
1000339e:	9b07      	ldr	r3, [sp, #28]
100033a0:	f003 0303 	and.w	r3, r3, #3
100033a4:	2b01      	cmp	r3, #1
100033a6:	d118      	bne.n	100033da <_ftoa+0x1f2>
100033a8:	f1bb 0f00 	cmp.w	fp, #0
100033ac:	d015      	beq.n	100033da <_ftoa+0x1f2>
100033ae:	9b0d      	ldr	r3, [sp, #52]	@ 0x34
100033b0:	2b00      	cmp	r3, #0
100033b2:	f000 810a 	beq.w	100035ca <_ftoa+0x3e2>
100033b6:	f10b 3bff 	add.w	fp, fp, #4294967295
100033ba:	f1bb 0f20 	cmp.w	fp, #32
100033be:	d90c      	bls.n	100033da <_ftoa+0x1f2>
100033c0:	1e6b      	subs	r3, r5, #1
100033c2:	a90e      	add	r1, sp, #56	@ 0x38
100033c4:	2230      	movs	r2, #48	@ 0x30
100033c6:	440b      	add	r3, r1
100033c8:	e005      	b.n	100033d6 <_ftoa+0x1ee>
100033ca:	3501      	adds	r5, #1
100033cc:	455d      	cmp	r5, fp
100033ce:	f803 2f01 	strb.w	r2, [r3, #1]!
100033d2:	f080 80d1 	bcs.w	10003578 <_ftoa+0x390>
100033d6:	2d20      	cmp	r5, #32
100033d8:	d1f7      	bne.n	100033ca <_ftoa+0x1e2>
100033da:	9b07      	ldr	r3, [sp, #28]
100033dc:	ac0e      	add	r4, sp, #56	@ 0x38
100033de:	e9cd b302 	strd	fp, r3, [sp, #8]
100033e2:	4641      	mov	r1, r8
100033e4:	464b      	mov	r3, r9
100033e6:	4638      	mov	r0, r7
100033e8:	9a0c      	ldr	r2, [sp, #48]	@ 0x30
100033ea:	9501      	str	r5, [sp, #4]
100033ec:	9400      	str	r4, [sp, #0]
100033ee:	f7ff fdb7 	bl	10002f60 <_out_rev>
100033f2:	4682      	mov	sl, r0
100033f4:	4650      	mov	r0, sl
100033f6:	b017      	add	sp, #92	@ 0x5c
100033f8:	e8bd 8ff0 	ldmia.w	sp!, {r4, r5, r6, r7, r8, r9, sl, fp, pc}
100033fc:	9b07      	ldr	r3, [sp, #28]
100033fe:	ed9d 7b04 	vldr	d7, [sp, #16]
10003402:	e9cd b323 	strd	fp, r3, [sp, #140]	@ 0x8c
10003406:	4641      	mov	r1, r8
10003408:	464b      	mov	r3, r9
1000340a:	4638      	mov	r0, r7
1000340c:	9a0c      	ldr	r2, [sp, #48]	@ 0x30
1000340e:	ed8d 7b20 	vstr	d7, [sp, #128]	@ 0x80
10003412:	9522      	str	r5, [sp, #136]	@ 0x88
10003414:	b017      	add	sp, #92	@ 0x5c
10003416:	e8bd 4ff0 	ldmia.w	sp!, {r4, r5, r6, r7, r8, r9, sl, fp, lr}
1000341a:	f000 b945 	b.w	100036a8 <_etoa>
1000341e:	0761      	lsls	r1, r4, #29
10003420:	4623      	mov	r3, r4
10003422:	bf4c      	ite	mi
10003424:	2304      	movmi	r3, #4
10003426:	2303      	movpl	r3, #3
10003428:	4641      	mov	r1, r8
1000342a:	9321      	str	r3, [sp, #132]	@ 0x84
1000342c:	4638      	mov	r0, r7
1000342e:	464b      	mov	r3, r9
10003430:	9a07      	ldr	r2, [sp, #28]
10003432:	bf48      	it	mi
10003434:	4c30      	ldrmi	r4, [pc, #192]	@ (100034f8 <_ftoa+0x310>)
10003436:	e9cd b222 	strd	fp, r2, [sp, #136]	@ 0x88
1000343a:	bf58      	it	pl
1000343c:	4c2f      	ldrpl	r4, [pc, #188]	@ (100034fc <_ftoa+0x314>)
1000343e:	9a0c      	ldr	r2, [sp, #48]	@ 0x30
10003440:	9420      	str	r4, [sp, #128]	@ 0x80
10003442:	b017      	add	sp, #92	@ 0x5c
10003444:	e8bd 4ff0 	ldmia.w	sp!, {r4, r5, r6, r7, r8, r9, sl, fp, lr}
10003448:	f7ff bd8a 	b.w	10002f60 <_out_rev>
1000344c:	e9dd 2304 	ldrd	r2, r3, [sp, #16]
10003450:	2000      	movs	r0, #0
10003452:	2100      	movs	r1, #0
10003454:	f7ff fb66 	bl	10002b24 <__wrap___aeabi_dsub>
10003458:	2301      	movs	r3, #1
1000345a:	e9cd 0104 	strd	r0, r1, [sp, #16]
1000345e:	930d      	str	r3, [sp, #52]	@ 0x34
10003460:	4623      	mov	r3, r4
10003462:	e70d      	b.n	10003280 <_ftoa+0x98>
10003464:	4623      	mov	r3, r4
10003466:	079c      	lsls	r4, r3, #30
10003468:	f040 80aa 	bne.w	100035c0 <_ftoa+0x3d8>
1000346c:	f1bb 0f04 	cmp.w	fp, #4
10003470:	f240 80a6 	bls.w	100035c0 <_ftoa+0x3d8>
10003474:	9b0c      	ldr	r3, [sp, #48]	@ 0x30
10003476:	461d      	mov	r5, r3
10003478:	1f1c      	subs	r4, r3, #4
1000347a:	eb04 0a0b 	add.w	sl, r4, fp
1000347e:	462a      	mov	r2, r5
10003480:	464b      	mov	r3, r9
10003482:	4641      	mov	r1, r8
10003484:	2020      	movs	r0, #32
10003486:	3501      	adds	r5, #1
10003488:	47b8      	blx	r7
1000348a:	45aa      	cmp	sl, r5
1000348c:	d1f7      	bne.n	1000347e <_ftoa+0x296>
1000348e:	4655      	mov	r5, sl
10003490:	4c1b      	ldr	r4, [pc, #108]	@ (10003500 <_ftoa+0x318>)
10003492:	1f26      	subs	r6, r4, #4
10003494:	f814 0d01 	ldrb.w	r0, [r4, #-1]!
10003498:	462a      	mov	r2, r5
1000349a:	464b      	mov	r3, r9
1000349c:	4641      	mov	r1, r8
1000349e:	47b8      	blx	r7
100034a0:	42b4      	cmp	r4, r6
100034a2:	f105 0501 	add.w	r5, r5, #1
100034a6:	d1f5      	bne.n	10003494 <_ftoa+0x2ac>
100034a8:	9b07      	ldr	r3, [sp, #28]
100034aa:	f10a 0a04 	add.w	sl, sl, #4
100034ae:	0798      	lsls	r0, r3, #30
100034b0:	d5a0      	bpl.n	100033f4 <_ftoa+0x20c>
100034b2:	9c0c      	ldr	r4, [sp, #48]	@ 0x30
100034b4:	ebaa 0304 	sub.w	r3, sl, r4
100034b8:	459b      	cmp	fp, r3
100034ba:	d99b      	bls.n	100033f4 <_ftoa+0x20c>
100034bc:	4652      	mov	r2, sl
100034be:	464b      	mov	r3, r9
100034c0:	4641      	mov	r1, r8
100034c2:	2020      	movs	r0, #32
100034c4:	f10a 0a01 	add.w	sl, sl, #1
100034c8:	47b8      	blx	r7
100034ca:	ebaa 0304 	sub.w	r3, sl, r4
100034ce:	455b      	cmp	r3, fp
100034d0:	d3f4      	bcc.n	100034bc <_ftoa+0x2d4>
100034d2:	e78f      	b.n	100033f4 <_ftoa+0x20c>
100034d4:	f3af 8000 	nop.w
100034d8:	00000000 	.word	0x00000000
100034dc:	41cdcd65 	.word	0x41cdcd65
100034e0:	00000000 	.word	0x00000000
100034e4:	c1cdcd65 	.word	0xc1cdcd65
100034e8:	7fefffff 	.word	0x7fefffff
100034ec:	10008060 	.word	0x10008060
100034f0:	3fe00000 	.word	0x3fe00000
100034f4:	66666667 	.word	0x66666667
100034f8:	10007d5c 	.word	0x10007d5c
100034fc:	10007d64 	.word	0x10007d64
10003500:	10007d70 	.word	0x10007d70
10003504:	cccccccd 	.word	0xcccccccd
10003508:	2200      	movs	r2, #0
1000350a:	e9dd 010a 	ldrd	r0, r1, [sp, #40]	@ 0x28
1000350e:	4b63      	ldr	r3, [pc, #396]	@ (1000369c <_ftoa+0x4b4>)
10003510:	f7ff fbea 	bl	10002ce8 <__wrap___aeabi_dcmplt>
10003514:	2800      	cmp	r0, #0
10003516:	f47f af08 	bne.w	1000332a <_ftoa+0x142>
1000351a:	f1ba 0f00 	cmp.w	sl, #0
1000351e:	d16a      	bne.n	100035f6 <_ftoa+0x40e>
10003520:	f10a 0a01 	add.w	sl, sl, #1
10003524:	2e00      	cmp	r6, #0
10003526:	f47f af03 	bne.w	10003330 <_ftoa+0x148>
1000352a:	4620      	mov	r0, r4
1000352c:	f7ff fb82 	bl	10002c34 <__wrap___aeabi_i2d>
10003530:	4602      	mov	r2, r0
10003532:	460b      	mov	r3, r1
10003534:	e9dd 0104 	ldrd	r0, r1, [sp, #16]
10003538:	f7ff faf4 	bl	10002b24 <__wrap___aeabi_dsub>
1000353c:	4602      	mov	r2, r0
1000353e:	460b      	mov	r3, r1
10003540:	e9cd 2304 	strd	r2, r3, [sp, #16]
10003544:	2200      	movs	r2, #0
10003546:	4b55      	ldr	r3, [pc, #340]	@ (1000369c <_ftoa+0x4b4>)
10003548:	f7ff fbce 	bl	10002ce8 <__wrap___aeabi_dcmplt>
1000354c:	2800      	cmp	r0, #0
1000354e:	f47f af0c 	bne.w	1000336a <_ftoa+0x182>
10003552:	e9dd 0104 	ldrd	r0, r1, [sp, #16]
10003556:	2200      	movs	r2, #0
10003558:	4b50      	ldr	r3, [pc, #320]	@ (1000369c <_ftoa+0x4b4>)
1000355a:	f7ff fc01 	bl	10002d60 <__wrap___aeabi_dcmpgt>
1000355e:	2800      	cmp	r0, #0
10003560:	f47f af03 	bne.w	1000336a <_ftoa+0x182>
10003564:	3401      	adds	r4, #1
10003566:	f024 0401 	bic.w	r4, r4, #1
1000356a:	e6fe      	b.n	1000336a <_ftoa+0x182>
1000356c:	9b07      	ldr	r3, [sp, #28]
1000356e:	f003 0303 	and.w	r3, r3, #3
10003572:	2b01      	cmp	r3, #1
10003574:	f000 8082 	beq.w	1000367c <_ftoa+0x494>
10003578:	2d20      	cmp	r5, #32
1000357a:	f43f af2e 	beq.w	100033da <_ftoa+0x1f2>
1000357e:	9b0d      	ldr	r3, [sp, #52]	@ 0x34
10003580:	b37b      	cbz	r3, 100035e2 <_ftoa+0x3fa>
10003582:	222d      	movs	r2, #45	@ 0x2d
10003584:	eb0d 0305 	add.w	r3, sp, r5
10003588:	f883 2038 	strb.w	r2, [r3, #56]	@ 0x38
1000358c:	3501      	adds	r5, #1
1000358e:	e724      	b.n	100033da <_ftoa+0x1f2>
10003590:	2b20      	cmp	r3, #32
10003592:	f43f aee9 	beq.w	10003368 <_ftoa+0x180>
10003596:	aa0e      	add	r2, sp, #56	@ 0x38
10003598:	4415      	add	r5, r2
1000359a:	441e      	add	r6, r3
1000359c:	2230      	movs	r2, #48	@ 0x30
1000359e:	e004      	b.n	100035aa <_ftoa+0x3c2>
100035a0:	2b20      	cmp	r3, #32
100035a2:	f805 2f01 	strb.w	r2, [r5, #1]!
100035a6:	f43f aedf 	beq.w	10003368 <_ftoa+0x180>
100035aa:	429e      	cmp	r6, r3
100035ac:	f103 0301 	add.w	r3, r3, #1
100035b0:	d1f6      	bne.n	100035a0 <_ftoa+0x3b8>
100035b2:	222e      	movs	r2, #46	@ 0x2e
100035b4:	eb0d 0306 	add.w	r3, sp, r6
100035b8:	f883 2038 	strb.w	r2, [r3, #56]	@ 0x38
100035bc:	1c75      	adds	r5, r6, #1
100035be:	e6d4      	b.n	1000336a <_ftoa+0x182>
100035c0:	f8dd a030 	ldr.w	sl, [sp, #48]	@ 0x30
100035c4:	e763      	b.n	1000348e <_ftoa+0x2a6>
100035c6:	2520      	movs	r5, #32
100035c8:	e66e      	b.n	100032a8 <_ftoa+0xc0>
100035ca:	9b07      	ldr	r3, [sp, #28]
100035cc:	f013 0f0c 	tst.w	r3, #12
100035d0:	d050      	beq.n	10003674 <_ftoa+0x48c>
100035d2:	f10b 3bff 	add.w	fp, fp, #4294967295
100035d6:	45ab      	cmp	fp, r5
100035d8:	f63f aef2 	bhi.w	100033c0 <_ftoa+0x1d8>
100035dc:	2d20      	cmp	r5, #32
100035de:	f43f aefc 	beq.w	100033da <_ftoa+0x1f2>
100035e2:	9b07      	ldr	r3, [sp, #28]
100035e4:	075a      	lsls	r2, r3, #29
100035e6:	d501      	bpl.n	100035ec <_ftoa+0x404>
100035e8:	222b      	movs	r2, #43	@ 0x2b
100035ea:	e7cb      	b.n	10003584 <_ftoa+0x39c>
100035ec:	071b      	lsls	r3, r3, #28
100035ee:	f57f aef4 	bpl.w	100033da <_ftoa+0x1f2>
100035f2:	2220      	movs	r2, #32
100035f4:	e7c6      	b.n	10003584 <_ftoa+0x39c>
100035f6:	f01a 0f01 	tst.w	sl, #1
100035fa:	f43f ae96 	beq.w	1000332a <_ftoa+0x142>
100035fe:	e78f      	b.n	10003520 <_ftoa+0x338>
10003600:	07a6      	lsls	r6, r4, #30
10003602:	d134      	bne.n	1000366e <_ftoa+0x486>
10003604:	f1bb 0f03 	cmp.w	fp, #3
10003608:	d931      	bls.n	1000366e <_ftoa+0x486>
1000360a:	9b0c      	ldr	r3, [sp, #48]	@ 0x30
1000360c:	461d      	mov	r5, r3
1000360e:	1edc      	subs	r4, r3, #3
10003610:	eb04 0a0b 	add.w	sl, r4, fp
10003614:	462a      	mov	r2, r5
10003616:	464b      	mov	r3, r9
10003618:	4641      	mov	r1, r8
1000361a:	2020      	movs	r0, #32
1000361c:	3501      	adds	r5, #1
1000361e:	47b8      	blx	r7
10003620:	4555      	cmp	r5, sl
10003622:	d1f7      	bne.n	10003614 <_ftoa+0x42c>
10003624:	4655      	mov	r5, sl
10003626:	4c1e      	ldr	r4, [pc, #120]	@ (100036a0 <_ftoa+0x4b8>)
10003628:	1ee6      	subs	r6, r4, #3
1000362a:	f814 0d01 	ldrb.w	r0, [r4, #-1]!
1000362e:	462a      	mov	r2, r5
10003630:	464b      	mov	r3, r9
10003632:	4641      	mov	r1, r8
10003634:	47b8      	blx	r7
10003636:	42a6      	cmp	r6, r4
10003638:	f105 0501 	add.w	r5, r5, #1
1000363c:	d1f5      	bne.n	1000362a <_ftoa+0x442>
1000363e:	9b07      	ldr	r3, [sp, #28]
10003640:	f10a 0a03 	add.w	sl, sl, #3
10003644:	079d      	lsls	r5, r3, #30
10003646:	f57f aed5 	bpl.w	100033f4 <_ftoa+0x20c>
1000364a:	9c0c      	ldr	r4, [sp, #48]	@ 0x30
1000364c:	ebaa 0304 	sub.w	r3, sl, r4
10003650:	459b      	cmp	fp, r3
10003652:	f67f aecf 	bls.w	100033f4 <_ftoa+0x20c>
10003656:	4652      	mov	r2, sl
10003658:	464b      	mov	r3, r9
1000365a:	4641      	mov	r1, r8
1000365c:	2020      	movs	r0, #32
1000365e:	f10a 0a01 	add.w	sl, sl, #1
10003662:	47b8      	blx	r7
10003664:	ebaa 0304 	sub.w	r3, sl, r4
10003668:	459b      	cmp	fp, r3
1000366a:	d8f4      	bhi.n	10003656 <_ftoa+0x46e>
1000366c:	e6c2      	b.n	100033f4 <_ftoa+0x20c>
1000366e:	f8dd a030 	ldr.w	sl, [sp, #48]	@ 0x30
10003672:	e7d7      	b.n	10003624 <_ftoa+0x43c>
10003674:	45ab      	cmp	fp, r5
10003676:	f63f aea3 	bhi.w	100033c0 <_ftoa+0x1d8>
1000367a:	e6ae      	b.n	100033da <_ftoa+0x1f2>
1000367c:	f1bb 0f00 	cmp.w	fp, #0
10003680:	f43f af7a 	beq.w	10003578 <_ftoa+0x390>
10003684:	9b0d      	ldr	r3, [sp, #52]	@ 0x34
10003686:	2b00      	cmp	r3, #0
10003688:	d09f      	beq.n	100035ca <_ftoa+0x3e2>
1000368a:	f10b 3bff 	add.w	fp, fp, #4294967295
1000368e:	455d      	cmp	r5, fp
10003690:	f4ff ae96 	bcc.w	100033c0 <_ftoa+0x1d8>
10003694:	2d20      	cmp	r5, #32
10003696:	f47f af74 	bne.w	10003582 <_ftoa+0x39a>
1000369a:	e69e      	b.n	100033da <_ftoa+0x1f2>
1000369c:	3fe00000 	.word	0x3fe00000
100036a0:	10007d6b 	.word	0x10007d6b
100036a4:	00000000 	.word	0x00000000

100036a8 <_etoa>:
100036a8:	e92d 4ff0 	stmdb	sp!, {r4, r5, r6, r7, r8, r9, sl, fp, lr}
100036ac:	b09f      	sub	sp, #124	@ 0x7c
100036ae:	9e2a      	ldr	r6, [sp, #168]	@ 0xa8
100036b0:	e9dd 4528 	ldrd	r4, r5, [sp, #160]	@ 0xa0
100036b4:	4607      	mov	r7, r0
100036b6:	4693      	mov	fp, r2
100036b8:	9108      	str	r1, [sp, #32]
100036ba:	9309      	str	r3, [sp, #36]	@ 0x24
100036bc:	4622      	mov	r2, r4
100036be:	462b      	mov	r3, r5
100036c0:	4620      	mov	r0, r4
100036c2:	4629      	mov	r1, r5
100036c4:	960e      	str	r6, [sp, #56]	@ 0x38
100036c6:	e9dd a62b 	ldrd	sl, r6, [sp, #172]	@ 0xac
100036ca:	f7ff fafb 	bl	10002cc4 <__wrap___aeabi_dcmpun>
100036ce:	2800      	cmp	r0, #0
100036d0:	f040 80be 	bne.w	10003850 <_etoa+0x1a8>
100036d4:	4620      	mov	r0, r4
100036d6:	4629      	mov	r1, r5
100036d8:	f04f 32ff 	mov.w	r2, #4294967295
100036dc:	4b78      	ldr	r3, [pc, #480]	@ (100038c0 <_etoa+0x218>)
100036de:	f7ff fb3f 	bl	10002d60 <__wrap___aeabi_dcmpgt>
100036e2:	2800      	cmp	r0, #0
100036e4:	f040 80b4 	bne.w	10003850 <_etoa+0x1a8>
100036e8:	4620      	mov	r0, r4
100036ea:	4629      	mov	r1, r5
100036ec:	f04f 32ff 	mov.w	r2, #4294967295
100036f0:	f46f 1380 	mvn.w	r3, #1048576	@ 0x100000
100036f4:	f7ff faf8 	bl	10002ce8 <__wrap___aeabi_dcmplt>
100036f8:	2800      	cmp	r0, #0
100036fa:	f040 80a9 	bne.w	10003850 <_etoa+0x1a8>
100036fe:	4620      	mov	r0, r4
10003700:	4629      	mov	r1, r5
10003702:	2200      	movs	r2, #0
10003704:	2300      	movs	r3, #0
10003706:	f7ff faef 	bl	10002ce8 <__wrap___aeabi_dcmplt>
1000370a:	2800      	cmp	r0, #0
1000370c:	f040 81d5 	bne.w	10003aba <_etoa+0x412>
10003710:	e9cd 450a 	strd	r4, r5, [sp, #40]	@ 0x28
10003714:	e9dd 230a 	ldrd	r2, r3, [sp, #40]	@ 0x28
10003718:	4690      	mov	r8, r2
1000371a:	4699      	mov	r9, r3
1000371c:	f406 6200 	and.w	r2, r6, #2048	@ 0x800
10003720:	f416 6380 	ands.w	r3, r6, #1024	@ 0x400
10003724:	920f      	str	r2, [sp, #60]	@ 0x3c
10003726:	9313      	str	r3, [sp, #76]	@ 0x4c
10003728:	f040 80a1 	bne.w	1000386e <_etoa+0x1c6>
1000372c:	ea58 0309 	orrs.w	r3, r8, r9
10003730:	f040 80ca 	bne.w	100038c8 <_etoa+0x220>
10003734:	2a00      	cmp	r2, #0
10003736:	f040 81e3 	bne.w	10003b00 <_etoa+0x458>
1000373a:	2306      	movs	r3, #6
1000373c:	930e      	str	r3, [sp, #56]	@ 0x38
1000373e:	f016 0202 	ands.w	r2, r6, #2
10003742:	9210      	str	r2, [sp, #64]	@ 0x40
10003744:	f040 81d4 	bne.w	10003af0 <_etoa+0x448>
10003748:	4653      	mov	r3, sl
1000374a:	2b04      	cmp	r3, #4
1000374c:	bf38      	it	cc
1000374e:	2304      	movcc	r3, #4
10003750:	920c      	str	r2, [sp, #48]	@ 0x30
10003752:	2204      	movs	r2, #4
10003754:	3b04      	subs	r3, #4
10003756:	9212      	str	r2, [sp, #72]	@ 0x48
10003758:	930f      	str	r3, [sp, #60]	@ 0x3c
1000375a:	4620      	mov	r0, r4
1000375c:	4629      	mov	r1, r5
1000375e:	2200      	movs	r2, #0
10003760:	2300      	movs	r3, #0
10003762:	f7ff fac1 	bl	10002ce8 <__wrap___aeabi_dcmplt>
10003766:	2800      	cmp	r0, #0
10003768:	f040 81f3 	bne.w	10003b52 <_etoa+0x4aa>
1000376c:	ed9d 7b0a 	vldr	d7, [sp, #40]	@ 0x28
10003770:	9b0f      	ldr	r3, [sp, #60]	@ 0x3c
10003772:	465a      	mov	r2, fp
10003774:	9303      	str	r3, [sp, #12]
10003776:	9b0e      	ldr	r3, [sp, #56]	@ 0x38
10003778:	ed8d 7b00 	vstr	d7, [sp]
1000377c:	9302      	str	r3, [sp, #8]
1000377e:	f426 6300 	bic.w	r3, r6, #2048	@ 0x800
10003782:	9304      	str	r3, [sp, #16]
10003784:	4638      	mov	r0, r7
10003786:	9b09      	ldr	r3, [sp, #36]	@ 0x24
10003788:	9908      	ldr	r1, [sp, #32]
1000378a:	f7ff fd2d 	bl	100031e8 <_ftoa>
1000378e:	4602      	mov	r2, r0
10003790:	f016 0f20 	tst.w	r6, #32
10003794:	9b09      	ldr	r3, [sp, #36]	@ 0x24
10003796:	9908      	ldr	r1, [sp, #32]
10003798:	bf0c      	ite	eq
1000379a:	2065      	moveq	r0, #101	@ 0x65
1000379c:	2045      	movne	r0, #69	@ 0x45
1000379e:	f102 0801 	add.w	r8, r2, #1
100037a2:	47b8      	blx	r7
100037a4:	9a0c      	ldr	r2, [sp, #48]	@ 0x30
100037a6:	9b12      	ldr	r3, [sp, #72]	@ 0x48
100037a8:	ac16      	add	r4, sp, #88	@ 0x58
100037aa:	1e5d      	subs	r5, r3, #1
100037ac:	ea82 73e2 	eor.w	r3, r2, r2, asr #31
100037b0:	eba3 73e2 	sub.w	r3, r3, r2, asr #31
100037b4:	0fd1      	lsrs	r1, r2, #31
100037b6:	2600      	movs	r6, #0
100037b8:	4622      	mov	r2, r4
100037ba:	4699      	mov	r9, r3
100037bc:	f8df c104 	ldr.w	ip, [pc, #260]	@ 100038c4 <_etoa+0x21c>
100037c0:	e001      	b.n	100037c6 <_etoa+0x11e>
100037c2:	2e20      	cmp	r6, #32
100037c4:	d010      	beq.n	100037e8 <_etoa+0x140>
100037c6:	46ce      	mov	lr, r9
100037c8:	fbac 3009 	umull	r3, r0, ip, r9
100037cc:	08c0      	lsrs	r0, r0, #3
100037ce:	eb00 0380 	add.w	r3, r0, r0, lsl #2
100037d2:	eba9 0343 	sub.w	r3, r9, r3, lsl #1
100037d6:	3330      	adds	r3, #48	@ 0x30
100037d8:	f1be 0f09 	cmp.w	lr, #9
100037dc:	4681      	mov	r9, r0
100037de:	f106 0601 	add.w	r6, r6, #1
100037e2:	f802 3b01 	strb.w	r3, [r2], #1
100037e6:	d8ec      	bhi.n	100037c2 <_etoa+0x11a>
100037e8:	2305      	movs	r3, #5
100037ea:	2000      	movs	r0, #0
100037ec:	9306      	str	r3, [sp, #24]
100037ee:	230a      	movs	r3, #10
100037f0:	9505      	str	r5, [sp, #20]
100037f2:	9400      	str	r4, [sp, #0]
100037f4:	9d09      	ldr	r5, [sp, #36]	@ 0x24
100037f6:	9c08      	ldr	r4, [sp, #32]
100037f8:	4642      	mov	r2, r8
100037fa:	e9cd 3003 	strd	r3, r0, [sp, #12]
100037fe:	e9cd 6101 	strd	r6, r1, [sp, #4]
10003802:	462b      	mov	r3, r5
10003804:	4621      	mov	r1, r4
10003806:	4638      	mov	r0, r7
10003808:	f7ff fbf8 	bl	10002ffc <_ntoa_format>
1000380c:	9a10      	ldr	r2, [sp, #64]	@ 0x40
1000380e:	4680      	mov	r8, r0
10003810:	b1d2      	cbz	r2, 10003848 <_etoa+0x1a0>
10003812:	eba0 060b 	sub.w	r6, r0, fp
10003816:	45b2      	cmp	sl, r6
10003818:	d916      	bls.n	10003848 <_etoa+0x1a0>
1000381a:	eb0b 0206 	add.w	r2, fp, r6
1000381e:	462b      	mov	r3, r5
10003820:	4621      	mov	r1, r4
10003822:	2020      	movs	r0, #32
10003824:	3601      	adds	r6, #1
10003826:	47b8      	blx	r7
10003828:	45b2      	cmp	sl, r6
1000382a:	d8f6      	bhi.n	1000381a <_etoa+0x172>
1000382c:	f10b 33ff 	add.w	r3, fp, #4294967295
10003830:	4453      	add	r3, sl
10003832:	f1cb 0201 	rsb	r2, fp, #1
10003836:	eba3 0308 	sub.w	r3, r3, r8
1000383a:	4442      	add	r2, r8
1000383c:	4592      	cmp	sl, r2
1000383e:	bf38      	it	cc
10003840:	2300      	movcc	r3, #0
10003842:	f108 0801 	add.w	r8, r8, #1
10003846:	4498      	add	r8, r3
10003848:	4640      	mov	r0, r8
1000384a:	b01f      	add	sp, #124	@ 0x7c
1000384c:	e8bd 8ff0 	ldmia.w	sp!, {r4, r5, r6, r7, r8, r9, sl, fp, pc}
10003850:	465a      	mov	r2, fp
10003852:	4638      	mov	r0, r7
10003854:	e9cd 4528 	strd	r4, r5, [sp, #160]	@ 0xa0
10003858:	e9cd a62b 	strd	sl, r6, [sp, #172]	@ 0xac
1000385c:	9c0e      	ldr	r4, [sp, #56]	@ 0x38
1000385e:	9b09      	ldr	r3, [sp, #36]	@ 0x24
10003860:	9908      	ldr	r1, [sp, #32]
10003862:	942a      	str	r4, [sp, #168]	@ 0xa8
10003864:	b01f      	add	sp, #124	@ 0x7c
10003866:	e8bd 4ff0 	ldmia.w	sp!, {r4, r5, r6, r7, r8, r9, sl, fp, lr}
1000386a:	f7ff bcbd 	b.w	100031e8 <_ftoa>
1000386e:	ea58 0309 	orrs.w	r3, r8, r9
10003872:	d12b      	bne.n	100038cc <_etoa+0x224>
10003874:	2a00      	cmp	r2, #0
10003876:	f43f af62 	beq.w	1000373e <_etoa+0x96>
1000387a:	2300      	movs	r3, #0
1000387c:	930c      	str	r3, [sp, #48]	@ 0x30
1000387e:	9b0e      	ldr	r3, [sp, #56]	@ 0x38
10003880:	9a0c      	ldr	r2, [sp, #48]	@ 0x30
10003882:	4293      	cmp	r3, r2
10003884:	f300 81b9 	bgt.w	10003bfa <_etoa+0x552>
10003888:	f04f 0800 	mov.w	r8, #0
1000388c:	4620      	mov	r0, r4
1000388e:	4629      	mov	r1, r5
10003890:	2200      	movs	r2, #0
10003892:	2300      	movs	r3, #0
10003894:	f7ff fa28 	bl	10002ce8 <__wrap___aeabi_dcmplt>
10003898:	2800      	cmp	r0, #0
1000389a:	f040 8113 	bne.w	10003ac4 <_etoa+0x41c>
1000389e:	ed9d 7b0a 	vldr	d7, [sp, #40]	@ 0x28
100038a2:	f426 6600 	bic.w	r6, r6, #2048	@ 0x800
100038a6:	f446 6680 	orr.w	r6, r6, #1024	@ 0x400
100038aa:	ed8d 7b28 	vstr	d7, [sp, #160]	@ 0xa0
100038ae:	465a      	mov	r2, fp
100038b0:	4638      	mov	r0, r7
100038b2:	e9cd 8a2a 	strd	r8, sl, [sp, #168]	@ 0xa8
100038b6:	9b09      	ldr	r3, [sp, #36]	@ 0x24
100038b8:	9908      	ldr	r1, [sp, #32]
100038ba:	962c      	str	r6, [sp, #176]	@ 0xb0
100038bc:	e7d2      	b.n	10003864 <_etoa+0x1bc>
100038be:	bf00      	nop
100038c0:	7fefffff 	.word	0x7fefffff
100038c4:	cccccccd 	.word	0xcccccccd
100038c8:	2306      	movs	r3, #6
100038ca:	930e      	str	r3, [sp, #56]	@ 0x38
100038cc:	f3c9 500a 	ubfx	r0, r9, #20, #11
100038d0:	f2a0 30ff 	subw	r0, r0, #1023	@ 0x3ff
100038d4:	f7ff f9ae 	bl	10002c34 <__wrap___aeabi_i2d>
100038d8:	a3c1      	add	r3, pc, #772	@ (adr r3, 10003be0 <_etoa+0x538>)
100038da:	e9d3 2300 	ldrd	r2, r3, [r3]
100038de:	f7ff f935 	bl	10002b4c <__wrap___aeabi_dmul>
100038e2:	a3c1      	add	r3, pc, #772	@ (adr r3, 10003be8 <_etoa+0x540>)
100038e4:	e9d3 2300 	ldrd	r2, r3, [r3]
100038e8:	f7ff f908 	bl	10002afc <__wrap___aeabi_dadd>
100038ec:	f3c9 0913 	ubfx	r9, r9, #0, #20
100038f0:	e9cd 010c 	strd	r0, r1, [sp, #48]	@ 0x30
100038f4:	f049 517f 	orr.w	r1, r9, #1069547520	@ 0x3fc00000
100038f8:	4640      	mov	r0, r8
100038fa:	2200      	movs	r2, #0
100038fc:	4bb2      	ldr	r3, [pc, #712]	@ (10003bc8 <_etoa+0x520>)
100038fe:	f441 1140 	orr.w	r1, r1, #3145728	@ 0x300000
10003902:	f7ff f90f 	bl	10002b24 <__wrap___aeabi_dsub>
10003906:	a3a4      	add	r3, pc, #656	@ (adr r3, 10003b98 <_etoa+0x4f0>)
10003908:	e9d3 2300 	ldrd	r2, r3, [r3]
1000390c:	f7ff f91e 	bl	10002b4c <__wrap___aeabi_dmul>
10003910:	4602      	mov	r2, r0
10003912:	460b      	mov	r3, r1
10003914:	e9dd 010c 	ldrd	r0, r1, [sp, #48]	@ 0x30
10003918:	f7ff f8f0 	bl	10002afc <__wrap___aeabi_dadd>
1000391c:	f7ff f9ae 	bl	10002c7c <__wrap___aeabi_d2iz>
10003920:	900c      	str	r0, [sp, #48]	@ 0x30
10003922:	f7ff f987 	bl	10002c34 <__wrap___aeabi_i2d>
10003926:	a39e      	add	r3, pc, #632	@ (adr r3, 10003ba0 <_etoa+0x4f8>)
10003928:	e9d3 2300 	ldrd	r2, r3, [r3]
1000392c:	4680      	mov	r8, r0
1000392e:	4689      	mov	r9, r1
10003930:	f7ff f90c 	bl	10002b4c <__wrap___aeabi_dmul>
10003934:	2200      	movs	r2, #0
10003936:	4ba5      	ldr	r3, [pc, #660]	@ (10003bcc <_etoa+0x524>)
10003938:	f7ff f8e0 	bl	10002afc <__wrap___aeabi_dadd>
1000393c:	f7ff f99e 	bl	10002c7c <__wrap___aeabi_d2iz>
10003940:	4603      	mov	r3, r0
10003942:	4649      	mov	r1, r9
10003944:	4640      	mov	r0, r8
10003946:	9312      	str	r3, [sp, #72]	@ 0x48
10003948:	a397      	add	r3, pc, #604	@ (adr r3, 10003ba8 <_etoa+0x500>)
1000394a:	e9d3 2300 	ldrd	r2, r3, [r3]
1000394e:	f7ff f8fd 	bl	10002b4c <__wrap___aeabi_dmul>
10003952:	4680      	mov	r8, r0
10003954:	9812      	ldr	r0, [sp, #72]	@ 0x48
10003956:	4689      	mov	r9, r1
10003958:	f7ff f96c 	bl	10002c34 <__wrap___aeabi_i2d>
1000395c:	a394      	add	r3, pc, #592	@ (adr r3, 10003bb0 <_etoa+0x508>)
1000395e:	e9d3 2300 	ldrd	r2, r3, [r3]
10003962:	f7ff f8f3 	bl	10002b4c <__wrap___aeabi_dmul>
10003966:	4602      	mov	r2, r0
10003968:	460b      	mov	r3, r1
1000396a:	4640      	mov	r0, r8
1000396c:	4649      	mov	r1, r9
1000396e:	f7ff f8d9 	bl	10002b24 <__wrap___aeabi_dsub>
10003972:	4602      	mov	r2, r0
10003974:	460b      	mov	r3, r1
10003976:	4680      	mov	r8, r0
10003978:	4689      	mov	r9, r1
1000397a:	f7ff f8e7 	bl	10002b4c <__wrap___aeabi_dmul>
1000397e:	4642      	mov	r2, r8
10003980:	464b      	mov	r3, r9
10003982:	e9cd 0110 	strd	r0, r1, [sp, #64]	@ 0x40
10003986:	4640      	mov	r0, r8
10003988:	4649      	mov	r1, r9
1000398a:	f7ff f8b7 	bl	10002afc <__wrap___aeabi_dadd>
1000398e:	2200      	movs	r2, #0
10003990:	e9cd 0114 	strd	r0, r1, [sp, #80]	@ 0x50
10003994:	e9dd 0110 	ldrd	r0, r1, [sp, #64]	@ 0x40
10003998:	4b8d      	ldr	r3, [pc, #564]	@ (10003bd0 <_etoa+0x528>)
1000399a:	f7ff f8fd 	bl	10002b98 <__wrap___aeabi_ddiv>
1000399e:	2200      	movs	r2, #0
100039a0:	4b8c      	ldr	r3, [pc, #560]	@ (10003bd4 <_etoa+0x52c>)
100039a2:	f7ff f8ab 	bl	10002afc <__wrap___aeabi_dadd>
100039a6:	4602      	mov	r2, r0
100039a8:	460b      	mov	r3, r1
100039aa:	e9dd 0110 	ldrd	r0, r1, [sp, #64]	@ 0x40
100039ae:	f7ff f8f3 	bl	10002b98 <__wrap___aeabi_ddiv>
100039b2:	2200      	movs	r2, #0
100039b4:	4b88      	ldr	r3, [pc, #544]	@ (10003bd8 <_etoa+0x530>)
100039b6:	f7ff f8a1 	bl	10002afc <__wrap___aeabi_dadd>
100039ba:	4602      	mov	r2, r0
100039bc:	460b      	mov	r3, r1
100039be:	e9dd 0110 	ldrd	r0, r1, [sp, #64]	@ 0x40
100039c2:	f7ff f8e9 	bl	10002b98 <__wrap___aeabi_ddiv>
100039c6:	4642      	mov	r2, r8
100039c8:	464b      	mov	r3, r9
100039ca:	4680      	mov	r8, r0
100039cc:	4689      	mov	r9, r1
100039ce:	2000      	movs	r0, #0
100039d0:	f04f 4180 	mov.w	r1, #1073741824	@ 0x40000000
100039d4:	f7ff f8a6 	bl	10002b24 <__wrap___aeabi_dsub>
100039d8:	4602      	mov	r2, r0
100039da:	460b      	mov	r3, r1
100039dc:	4640      	mov	r0, r8
100039de:	4649      	mov	r1, r9
100039e0:	f7ff f88c 	bl	10002afc <__wrap___aeabi_dadd>
100039e4:	4602      	mov	r2, r0
100039e6:	460b      	mov	r3, r1
100039e8:	e9dd 0114 	ldrd	r0, r1, [sp, #80]	@ 0x50
100039ec:	f7ff f8d4 	bl	10002b98 <__wrap___aeabi_ddiv>
100039f0:	2200      	movs	r2, #0
100039f2:	4b7a      	ldr	r3, [pc, #488]	@ (10003bdc <_etoa+0x534>)
100039f4:	f7ff f882 	bl	10002afc <__wrap___aeabi_dadd>
100039f8:	9b12      	ldr	r3, [sp, #72]	@ 0x48
100039fa:	2200      	movs	r2, #0
100039fc:	f203 3cff 	addw	ip, r3, #1023	@ 0x3ff
10003a00:	ea4f 530c 	mov.w	r3, ip, lsl #20
10003a04:	f7ff f8a2 	bl	10002b4c <__wrap___aeabi_dmul>
10003a08:	4680      	mov	r8, r0
10003a0a:	4689      	mov	r9, r1
10003a0c:	e9dd 010a 	ldrd	r0, r1, [sp, #40]	@ 0x28
10003a10:	4642      	mov	r2, r8
10003a12:	464b      	mov	r3, r9
10003a14:	f7ff f968 	bl	10002ce8 <__wrap___aeabi_dcmplt>
10003a18:	b150      	cbz	r0, 10003a30 <_etoa+0x388>
10003a1a:	9b0c      	ldr	r3, [sp, #48]	@ 0x30
10003a1c:	4640      	mov	r0, r8
10003a1e:	3b01      	subs	r3, #1
10003a20:	4649      	mov	r1, r9
10003a22:	930c      	str	r3, [sp, #48]	@ 0x30
10003a24:	2200      	movs	r2, #0
10003a26:	4b6b      	ldr	r3, [pc, #428]	@ (10003bd4 <_etoa+0x52c>)
10003a28:	f7ff f8b6 	bl	10002b98 <__wrap___aeabi_ddiv>
10003a2c:	4680      	mov	r8, r0
10003a2e:	4689      	mov	r9, r1
10003a30:	9a0c      	ldr	r2, [sp, #48]	@ 0x30
10003a32:	4643      	mov	r3, r8
10003a34:	3263      	adds	r2, #99	@ 0x63
10003a36:	2ac6      	cmp	r2, #198	@ 0xc6
10003a38:	f006 0202 	and.w	r2, r6, #2
10003a3c:	9210      	str	r2, [sp, #64]	@ 0x40
10003a3e:	4649      	mov	r1, r9
10003a40:	9a0f      	ldr	r2, [sp, #60]	@ 0x3c
10003a42:	d82c      	bhi.n	10003a9e <_etoa+0x3f6>
10003a44:	2a00      	cmp	r2, #0
10003a46:	d05e      	beq.n	10003b06 <_etoa+0x45e>
10003a48:	2204      	movs	r2, #4
10003a4a:	9212      	str	r2, [sp, #72]	@ 0x48
10003a4c:	430b      	orrs	r3, r1
10003a4e:	f43f af16 	beq.w	1000387e <_etoa+0x1d6>
10003a52:	e9dd 010a 	ldrd	r0, r1, [sp, #40]	@ 0x28
10003a56:	a358      	add	r3, pc, #352	@ (adr r3, 10003bb8 <_etoa+0x510>)
10003a58:	e9d3 2300 	ldrd	r2, r3, [r3]
10003a5c:	f7ff f96c 	bl	10002d38 <__wrap___aeabi_dcmpge>
10003a60:	b148      	cbz	r0, 10003a76 <_etoa+0x3ce>
10003a62:	e9dd 010a 	ldrd	r0, r1, [sp, #40]	@ 0x28
10003a66:	a356      	add	r3, pc, #344	@ (adr r3, 10003bc0 <_etoa+0x518>)
10003a68:	e9d3 2300 	ldrd	r2, r3, [r3]
10003a6c:	f7ff f93c 	bl	10002ce8 <__wrap___aeabi_dcmplt>
10003a70:	2800      	cmp	r0, #0
10003a72:	f47f af04 	bne.w	1000387e <_etoa+0x1d6>
10003a76:	9b0e      	ldr	r3, [sp, #56]	@ 0x38
10003a78:	2b00      	cmp	r3, #0
10003a7a:	d050      	beq.n	10003b1e <_etoa+0x476>
10003a7c:	9a13      	ldr	r2, [sp, #76]	@ 0x4c
10003a7e:	2a00      	cmp	r2, #0
10003a80:	d07d      	beq.n	10003b7e <_etoa+0x4d6>
10003a82:	3b01      	subs	r3, #1
10003a84:	930e      	str	r3, [sp, #56]	@ 0x38
10003a86:	9b12      	ldr	r3, [sp, #72]	@ 0x48
10003a88:	459a      	cmp	sl, r3
10003a8a:	d905      	bls.n	10003a98 <_etoa+0x3f0>
10003a8c:	9b10      	ldr	r3, [sp, #64]	@ 0x40
10003a8e:	2b00      	cmp	r3, #0
10003a90:	f000 80ae 	beq.w	10003bf0 <_etoa+0x548>
10003a94:	2302      	movs	r3, #2
10003a96:	9310      	str	r3, [sp, #64]	@ 0x40
10003a98:	2300      	movs	r3, #0
10003a9a:	930f      	str	r3, [sp, #60]	@ 0x3c
10003a9c:	e044      	b.n	10003b28 <_etoa+0x480>
10003a9e:	bb22      	cbnz	r2, 10003aea <_etoa+0x442>
10003aa0:	f1ba 0f05 	cmp.w	sl, #5
10003aa4:	d94f      	bls.n	10003b46 <_etoa+0x49e>
10003aa6:	f006 0302 	and.w	r3, r6, #2
10003aaa:	2b00      	cmp	r3, #0
10003aac:	d149      	bne.n	10003b42 <_etoa+0x49a>
10003aae:	2305      	movs	r3, #5
10003ab0:	9312      	str	r3, [sp, #72]	@ 0x48
10003ab2:	f1aa 0305 	sub.w	r3, sl, #5
10003ab6:	930f      	str	r3, [sp, #60]	@ 0x3c
10003ab8:	e03a      	b.n	10003b30 <_etoa+0x488>
10003aba:	f105 4300 	add.w	r3, r5, #2147483648	@ 0x80000000
10003abe:	940a      	str	r4, [sp, #40]	@ 0x28
10003ac0:	930b      	str	r3, [sp, #44]	@ 0x2c
10003ac2:	e627      	b.n	10003714 <_etoa+0x6c>
10003ac4:	f426 6600 	bic.w	r6, r6, #2048	@ 0x800
10003ac8:	f446 6680 	orr.w	r6, r6, #1024	@ 0x400
10003acc:	4638      	mov	r0, r7
10003ace:	962c      	str	r6, [sp, #176]	@ 0xb0
10003ad0:	e9dd 670a 	ldrd	r6, r7, [sp, #40]	@ 0x28
10003ad4:	4634      	mov	r4, r6
10003ad6:	f107 4500 	add.w	r5, r7, #2147483648	@ 0x80000000
10003ada:	465a      	mov	r2, fp
10003adc:	e9cd 8a2a 	strd	r8, sl, [sp, #168]	@ 0xa8
10003ae0:	e9cd 4528 	strd	r4, r5, [sp, #160]	@ 0xa0
10003ae4:	9b09      	ldr	r3, [sp, #36]	@ 0x24
10003ae6:	9908      	ldr	r1, [sp, #32]
10003ae8:	e6bc      	b.n	10003864 <_etoa+0x1bc>
10003aea:	2205      	movs	r2, #5
10003aec:	9212      	str	r2, [sp, #72]	@ 0x48
10003aee:	e7ad      	b.n	10003a4c <_etoa+0x3a4>
10003af0:	2300      	movs	r3, #0
10003af2:	2202      	movs	r2, #2
10003af4:	e9cd 320f 	strd	r3, r2, [sp, #60]	@ 0x3c
10003af8:	2204      	movs	r2, #4
10003afa:	930c      	str	r3, [sp, #48]	@ 0x30
10003afc:	9212      	str	r2, [sp, #72]	@ 0x48
10003afe:	e62c      	b.n	1000375a <_etoa+0xb2>
10003b00:	f04f 0805 	mov.w	r8, #5
10003b04:	e6c2      	b.n	1000388c <_etoa+0x1e4>
10003b06:	f1ba 0f04 	cmp.w	sl, #4
10003b0a:	d91f      	bls.n	10003b4c <_etoa+0x4a4>
10003b0c:	9b10      	ldr	r3, [sp, #64]	@ 0x40
10003b0e:	2b00      	cmp	r3, #0
10003b10:	d178      	bne.n	10003c04 <_etoa+0x55c>
10003b12:	2304      	movs	r3, #4
10003b14:	9312      	str	r3, [sp, #72]	@ 0x48
10003b16:	f1aa 0304 	sub.w	r3, sl, #4
10003b1a:	930f      	str	r3, [sp, #60]	@ 0x3c
10003b1c:	e004      	b.n	10003b28 <_etoa+0x480>
10003b1e:	9b12      	ldr	r3, [sp, #72]	@ 0x48
10003b20:	459a      	cmp	sl, r3
10003b22:	d831      	bhi.n	10003b88 <_etoa+0x4e0>
10003b24:	9b0e      	ldr	r3, [sp, #56]	@ 0x38
10003b26:	930f      	str	r3, [sp, #60]	@ 0x3c
10003b28:	9b0c      	ldr	r3, [sp, #48]	@ 0x30
10003b2a:	2b00      	cmp	r3, #0
10003b2c:	f43f ae15 	beq.w	1000375a <_etoa+0xb2>
10003b30:	e9dd 010a 	ldrd	r0, r1, [sp, #40]	@ 0x28
10003b34:	4642      	mov	r2, r8
10003b36:	464b      	mov	r3, r9
10003b38:	f7ff f82e 	bl	10002b98 <__wrap___aeabi_ddiv>
10003b3c:	e9cd 010a 	strd	r0, r1, [sp, #40]	@ 0x28
10003b40:	e60b      	b.n	1000375a <_etoa+0xb2>
10003b42:	2302      	movs	r3, #2
10003b44:	9310      	str	r3, [sp, #64]	@ 0x40
10003b46:	2305      	movs	r3, #5
10003b48:	9312      	str	r3, [sp, #72]	@ 0x48
10003b4a:	e7f1      	b.n	10003b30 <_etoa+0x488>
10003b4c:	2304      	movs	r3, #4
10003b4e:	9312      	str	r3, [sp, #72]	@ 0x48
10003b50:	e7ea      	b.n	10003b28 <_etoa+0x480>
10003b52:	e9dd 450a 	ldrd	r4, r5, [sp, #40]	@ 0x28
10003b56:	46a0      	mov	r8, r4
10003b58:	9b0f      	ldr	r3, [sp, #60]	@ 0x3c
10003b5a:	f105 4900 	add.w	r9, r5, #2147483648	@ 0x80000000
10003b5e:	9303      	str	r3, [sp, #12]
10003b60:	9b0e      	ldr	r3, [sp, #56]	@ 0x38
10003b62:	465a      	mov	r2, fp
10003b64:	9302      	str	r3, [sp, #8]
10003b66:	f426 6300 	bic.w	r3, r6, #2048	@ 0x800
10003b6a:	9304      	str	r3, [sp, #16]
10003b6c:	4638      	mov	r0, r7
10003b6e:	e9cd 8900 	strd	r8, r9, [sp]
10003b72:	9b09      	ldr	r3, [sp, #36]	@ 0x24
10003b74:	9908      	ldr	r1, [sp, #32]
10003b76:	f7ff fb37 	bl	100031e8 <_ftoa>
10003b7a:	4602      	mov	r2, r0
10003b7c:	e608      	b.n	10003790 <_etoa+0xe8>
10003b7e:	9b12      	ldr	r3, [sp, #72]	@ 0x48
10003b80:	459a      	cmp	sl, r3
10003b82:	d844      	bhi.n	10003c0e <_etoa+0x566>
10003b84:	920f      	str	r2, [sp, #60]	@ 0x3c
10003b86:	e7cf      	b.n	10003b28 <_etoa+0x480>
10003b88:	9b10      	ldr	r3, [sp, #64]	@ 0x40
10003b8a:	b38b      	cbz	r3, 10003bf0 <_etoa+0x548>
10003b8c:	9b0e      	ldr	r3, [sp, #56]	@ 0x38
10003b8e:	930f      	str	r3, [sp, #60]	@ 0x3c
10003b90:	2302      	movs	r3, #2
10003b92:	9310      	str	r3, [sp, #64]	@ 0x40
10003b94:	e7c8      	b.n	10003b28 <_etoa+0x480>
10003b96:	bf00      	nop
10003b98:	636f4361 	.word	0x636f4361
10003b9c:	3fd287a7 	.word	0x3fd287a7
10003ba0:	0979a371 	.word	0x0979a371
10003ba4:	400a934f 	.word	0x400a934f
10003ba8:	bbb55516 	.word	0xbbb55516
10003bac:	40026bb1 	.word	0x40026bb1
10003bb0:	fefa39ef 	.word	0xfefa39ef
10003bb4:	3fe62e42 	.word	0x3fe62e42
10003bb8:	eb1c432d 	.word	0xeb1c432d
10003bbc:	3f1a36e2 	.word	0x3f1a36e2
10003bc0:	00000000 	.word	0x00000000
10003bc4:	412e8480 	.word	0x412e8480
10003bc8:	3ff80000 	.word	0x3ff80000
10003bcc:	3fe00000 	.word	0x3fe00000
10003bd0:	402c0000 	.word	0x402c0000
10003bd4:	40240000 	.word	0x40240000
10003bd8:	40180000 	.word	0x40180000
10003bdc:	3ff00000 	.word	0x3ff00000
10003be0:	509f79fb 	.word	0x509f79fb
10003be4:	3fd34413 	.word	0x3fd34413
10003be8:	8b60c8b3 	.word	0x8b60c8b3
10003bec:	3fc68a28 	.word	0x3fc68a28
10003bf0:	9b12      	ldr	r3, [sp, #72]	@ 0x48
10003bf2:	ebaa 0303 	sub.w	r3, sl, r3
10003bf6:	930f      	str	r3, [sp, #60]	@ 0x3c
10003bf8:	e796      	b.n	10003b28 <_etoa+0x480>
10003bfa:	eba3 0802 	sub.w	r8, r3, r2
10003bfe:	f108 38ff 	add.w	r8, r8, #4294967295
10003c02:	e643      	b.n	1000388c <_etoa+0x1e4>
10003c04:	2304      	movs	r3, #4
10003c06:	9312      	str	r3, [sp, #72]	@ 0x48
10003c08:	2302      	movs	r3, #2
10003c0a:	9310      	str	r3, [sp, #64]	@ 0x40
10003c0c:	e78c      	b.n	10003b28 <_etoa+0x480>
10003c0e:	9b10      	ldr	r3, [sp, #64]	@ 0x40
10003c10:	2b00      	cmp	r3, #0
10003c12:	d0ed      	beq.n	10003bf0 <_etoa+0x548>
10003c14:	2302      	movs	r3, #2
10003c16:	920f      	str	r2, [sp, #60]	@ 0x3c
10003c18:	9310      	str	r3, [sp, #64]	@ 0x40
10003c1a:	e785      	b.n	10003b28 <_etoa+0x480>

10003c1c <_vsnprintf>:
10003c1c:	e92d 4ff0 	stmdb	sp!, {r4, r5, r6, r7, r8, r9, sl, fp, lr}
10003c20:	b09b      	sub	sp, #108	@ 0x6c
10003c22:	9c24      	ldr	r4, [sp, #144]	@ 0x90
10003c24:	4d95      	ldr	r5, [pc, #596]	@ (10003e7c <_vsnprintf+0x260>)
10003c26:	940a      	str	r4, [sp, #40]	@ 0x28
10003c28:	4c95      	ldr	r4, [pc, #596]	@ (10003e80 <_vsnprintf+0x264>)
10003c2a:	f1b1 0a00 	subs.w	sl, r1, #0
10003c2e:	bf18      	it	ne
10003c30:	4683      	movne	fp, r0
10003c32:	6025      	str	r5, [r4, #0]
10003c34:	7818      	ldrb	r0, [r3, #0]
10003c36:	4c93      	ldr	r4, [pc, #588]	@ (10003e84 <_vsnprintf+0x268>)
10003c38:	4691      	mov	r9, r2
10003c3a:	bf08      	it	eq
10003c3c:	46a3      	moveq	fp, r4
10003c3e:	9309      	str	r3, [sp, #36]	@ 0x24
10003c40:	2800      	cmp	r0, #0
10003c42:	f000 8293 	beq.w	1000416c <_vsnprintf+0x550>
10003c46:	f04f 0800 	mov.w	r8, #0
10003c4a:	e00a      	b.n	10003c62 <_vsnprintf+0x46>
10003c4c:	4642      	mov	r2, r8
10003c4e:	464b      	mov	r3, r9
10003c50:	4651      	mov	r1, sl
10003c52:	f108 0801 	add.w	r8, r8, #1
10003c56:	47d8      	blx	fp
10003c58:	9b09      	ldr	r3, [sp, #36]	@ 0x24
10003c5a:	7818      	ldrb	r0, [r3, #0]
10003c5c:	2800      	cmp	r0, #0
10003c5e:	f000 80ce 	beq.w	10003dfe <_vsnprintf+0x1e2>
10003c62:	9b09      	ldr	r3, [sp, #36]	@ 0x24
10003c64:	2825      	cmp	r0, #37	@ 0x25
10003c66:	f103 0301 	add.w	r3, r3, #1
10003c6a:	9309      	str	r3, [sp, #36]	@ 0x24
10003c6c:	d1ee      	bne.n	10003c4c <_vsnprintf+0x30>
10003c6e:	461c      	mov	r4, r3
10003c70:	2300      	movs	r3, #0
10003c72:	4622      	mov	r2, r4
10003c74:	f812 0b01 	ldrb.w	r0, [r2], #1
10003c78:	f1a0 0120 	sub.w	r1, r0, #32
10003c7c:	2910      	cmp	r1, #16
10003c7e:	d80a      	bhi.n	10003c96 <_vsnprintf+0x7a>
10003c80:	e8df f001 	tbb	[pc, r1]
10003c84:	3c090940 	.word	0x3c090940
10003c88:	09090909 	.word	0x09090909
10003c8c:	38090909 	.word	0x38090909
10003c90:	09093409 	.word	0x09093409
10003c94:	30          	.byte	0x30
10003c95:	00          	.byte	0x00
10003c96:	f1a0 0130 	sub.w	r1, r0, #48	@ 0x30
10003c9a:	2909      	cmp	r1, #9
10003c9c:	9409      	str	r4, [sp, #36]	@ 0x24
10003c9e:	f240 808a 	bls.w	10003db6 <_vsnprintf+0x19a>
10003ca2:	282a      	cmp	r0, #42	@ 0x2a
10003ca4:	f000 80f0 	beq.w	10003e88 <_vsnprintf+0x26c>
10003ca8:	2500      	movs	r5, #0
10003caa:	282e      	cmp	r0, #46	@ 0x2e
10003cac:	f000 8096 	beq.w	10003ddc <_vsnprintf+0x1c0>
10003cb0:	2600      	movs	r6, #0
10003cb2:	f1a0 0168 	sub.w	r1, r0, #104	@ 0x68
10003cb6:	2912      	cmp	r1, #18
10003cb8:	d82d      	bhi.n	10003d16 <_vsnprintf+0xfa>
10003cba:	e8df f011 	tbh	[pc, r1, lsl #1]
10003cbe:	0149      	.short	0x0149
10003cc0:	0143002c 	.word	0x0143002c
10003cc4:	0138002c 	.word	0x0138002c
10003cc8:	002c002c 	.word	0x002c002c
10003ccc:	002c002c 	.word	0x002c002c
10003cd0:	002c002c 	.word	0x002c002c
10003cd4:	0027002c 	.word	0x0027002c
10003cd8:	002c002c 	.word	0x002c002c
10003cdc:	002c002c 	.word	0x002c002c
10003ce0:	0027002c 	.word	0x0027002c
10003ce4:	4614      	mov	r4, r2
10003ce6:	f043 0301 	orr.w	r3, r3, #1
10003cea:	e7c2      	b.n	10003c72 <_vsnprintf+0x56>
10003cec:	4614      	mov	r4, r2
10003cee:	f043 0302 	orr.w	r3, r3, #2
10003cf2:	e7be      	b.n	10003c72 <_vsnprintf+0x56>
10003cf4:	4614      	mov	r4, r2
10003cf6:	f043 0304 	orr.w	r3, r3, #4
10003cfa:	e7ba      	b.n	10003c72 <_vsnprintf+0x56>
10003cfc:	4614      	mov	r4, r2
10003cfe:	f043 0310 	orr.w	r3, r3, #16
10003d02:	e7b6      	b.n	10003c72 <_vsnprintf+0x56>
10003d04:	4614      	mov	r4, r2
10003d06:	f043 0308 	orr.w	r3, r3, #8
10003d0a:	e7b2      	b.n	10003c72 <_vsnprintf+0x56>
10003d0c:	9909      	ldr	r1, [sp, #36]	@ 0x24
10003d0e:	7848      	ldrb	r0, [r1, #1]
10003d10:	f443 7380 	orr.w	r3, r3, #256	@ 0x100
10003d14:	3201      	adds	r2, #1
10003d16:	2867      	cmp	r0, #103	@ 0x67
10003d18:	9209      	str	r2, [sp, #36]	@ 0x24
10003d1a:	d87e      	bhi.n	10003e1a <_vsnprintf+0x1fe>
10003d1c:	2824      	cmp	r0, #36	@ 0x24
10003d1e:	f240 80c1 	bls.w	10003ea4 <_vsnprintf+0x288>
10003d22:	f1a0 0225 	sub.w	r2, r0, #37	@ 0x25
10003d26:	2a42      	cmp	r2, #66	@ 0x42
10003d28:	f200 80bc 	bhi.w	10003ea4 <_vsnprintf+0x288>
10003d2c:	e8df f012 	tbh	[pc, r2, lsl #1]
10003d30:	00ba0150 	.word	0x00ba0150
10003d34:	00ba00ba 	.word	0x00ba00ba
10003d38:	00ba00ba 	.word	0x00ba00ba
10003d3c:	00ba00ba 	.word	0x00ba00ba
10003d40:	00ba00ba 	.word	0x00ba00ba
10003d44:	00ba00ba 	.word	0x00ba00ba
10003d48:	00ba00ba 	.word	0x00ba00ba
10003d4c:	00ba00ba 	.word	0x00ba00ba
10003d50:	00ba00ba 	.word	0x00ba00ba
10003d54:	00ba00ba 	.word	0x00ba00ba
10003d58:	00ba00ba 	.word	0x00ba00ba
10003d5c:	00ba00ba 	.word	0x00ba00ba
10003d60:	00ba00ba 	.word	0x00ba00ba
10003d64:	00ba00ba 	.word	0x00ba00ba
10003d68:	00ba00ba 	.word	0x00ba00ba
10003d6c:	00ba00ba 	.word	0x00ba00ba
10003d70:	01370119 	.word	0x01370119
10003d74:	00ba0119 	.word	0x00ba0119
10003d78:	00ba00ba 	.word	0x00ba00ba
10003d7c:	00ba00ba 	.word	0x00ba00ba
10003d80:	00ba00ba 	.word	0x00ba00ba
10003d84:	00ba00ba 	.word	0x00ba00ba
10003d88:	00ba00ba 	.word	0x00ba00ba
10003d8c:	00ba00ba 	.word	0x00ba00ba
10003d90:	00ba00ba 	.word	0x00ba00ba
10003d94:	01bc00ba 	.word	0x01bc00ba
10003d98:	00ba00ba 	.word	0x00ba00ba
10003d9c:	00ba00ba 	.word	0x00ba00ba
10003da0:	00ba00ba 	.word	0x00ba00ba
10003da4:	00ba00ba 	.word	0x00ba00ba
10003da8:	01bc00ba 	.word	0x01bc00ba
10003dac:	01bc0158 	.word	0x01bc0158
10003db0:	01370119 	.word	0x01370119
10003db4:	0119      	.short	0x0119
10003db6:	2500      	movs	r5, #0
10003db8:	e000      	b.n	10003dbc <_vsnprintf+0x1a0>
10003dba:	3201      	adds	r2, #1
10003dbc:	eb05 0585 	add.w	r5, r5, r5, lsl #2
10003dc0:	eb00 0545 	add.w	r5, r0, r5, lsl #1
10003dc4:	7810      	ldrb	r0, [r2, #0]
10003dc6:	3d30      	subs	r5, #48	@ 0x30
10003dc8:	f1a0 0130 	sub.w	r1, r0, #48	@ 0x30
10003dcc:	2909      	cmp	r1, #9
10003dce:	d9f4      	bls.n	10003dba <_vsnprintf+0x19e>
10003dd0:	282e      	cmp	r0, #46	@ 0x2e
10003dd2:	9209      	str	r2, [sp, #36]	@ 0x24
10003dd4:	f102 0201 	add.w	r2, r2, #1
10003dd8:	f47f af6a 	bne.w	10003cb0 <_vsnprintf+0x94>
10003ddc:	9909      	ldr	r1, [sp, #36]	@ 0x24
10003dde:	f443 6380 	orr.w	r3, r3, #1024	@ 0x400
10003de2:	7848      	ldrb	r0, [r1, #1]
10003de4:	4611      	mov	r1, r2
10003de6:	f1a0 0630 	sub.w	r6, r0, #48	@ 0x30
10003dea:	2e09      	cmp	r6, #9
10003dec:	f240 8121 	bls.w	10004032 <_vsnprintf+0x416>
10003df0:	282a      	cmp	r0, #42	@ 0x2a
10003df2:	f000 812f 	beq.w	10004054 <_vsnprintf+0x438>
10003df6:	9209      	str	r2, [sp, #36]	@ 0x24
10003df8:	2600      	movs	r6, #0
10003dfa:	3201      	adds	r2, #1
10003dfc:	e759      	b.n	10003cb2 <_vsnprintf+0x96>
10003dfe:	4644      	mov	r4, r8
10003e00:	45c1      	cmp	r9, r8
10003e02:	d801      	bhi.n	10003e08 <_vsnprintf+0x1ec>
10003e04:	f109 38ff 	add.w	r8, r9, #4294967295
10003e08:	464b      	mov	r3, r9
10003e0a:	4642      	mov	r2, r8
10003e0c:	4651      	mov	r1, sl
10003e0e:	2000      	movs	r0, #0
10003e10:	47d8      	blx	fp
10003e12:	4620      	mov	r0, r4
10003e14:	b01b      	add	sp, #108	@ 0x6c
10003e16:	e8bd 8ff0 	ldmia.w	sp!, {r4, r5, r6, r7, r8, r9, sl, fp, pc}
10003e1a:	f1a0 0269 	sub.w	r2, r0, #105	@ 0x69
10003e1e:	b2d2      	uxtb	r2, r2
10003e20:	2a0f      	cmp	r2, #15
10003e22:	d83f      	bhi.n	10003ea4 <_vsnprintf+0x288>
10003e24:	2101      	movs	r1, #1
10003e26:	f249 0741 	movw	r7, #36929	@ 0x9041
10003e2a:	4091      	lsls	r1, r2
10003e2c:	4039      	ands	r1, r7
10003e2e:	f040 80f3 	bne.w	10004018 <_vsnprintf+0x3fc>
10003e32:	2a0a      	cmp	r2, #10
10003e34:	d03d      	beq.n	10003eb2 <_vsnprintf+0x296>
10003e36:	2a07      	cmp	r2, #7
10003e38:	d134      	bne.n	10003ea4 <_vsnprintf+0x288>
10003e3a:	9d0a      	ldr	r5, [sp, #40]	@ 0x28
10003e3c:	f855 2b04 	ldr.w	r2, [r5], #4
10003e40:	2a00      	cmp	r2, #0
10003e42:	f000 8113 	beq.w	1000406c <_vsnprintf+0x450>
10003e46:	f043 0021 	orr.w	r0, r3, #33	@ 0x21
10003e4a:	ab12      	add	r3, sp, #72	@ 0x48
10003e4c:	461f      	mov	r7, r3
10003e4e:	930b      	str	r3, [sp, #44]	@ 0x2c
10003e50:	e003      	b.n	10003e5a <_vsnprintf+0x23e>
10003e52:	2920      	cmp	r1, #32
10003e54:	f000 8114 	beq.w	10004080 <_vsnprintf+0x464>
10003e58:	461a      	mov	r2, r3
10003e5a:	f002 040f 	and.w	r4, r2, #15
10003e5e:	4623      	mov	r3, r4
10003e60:	2c09      	cmp	r4, #9
10003e62:	bf94      	ite	ls
10003e64:	3330      	addls	r3, #48	@ 0x30
10003e66:	3337      	addhi	r3, #55	@ 0x37
10003e68:	2a0f      	cmp	r2, #15
10003e6a:	f807 3b01 	strb.w	r3, [r7], #1
10003e6e:	f101 0101 	add.w	r1, r1, #1
10003e72:	ea4f 1312 	mov.w	r3, r2, lsr #4
10003e76:	d8ec      	bhi.n	10003e52 <_vsnprintf+0x236>
10003e78:	e102      	b.n	10004080 <_vsnprintf+0x464>
10003e7a:	bf00      	nop
10003e7c:	10003c1d 	.word	0x10003c1d
10003e80:	200024b4 	.word	0x200024b4
10003e84:	10002f5d 	.word	0x10002f5d
10003e88:	990a      	ldr	r1, [sp, #40]	@ 0x28
10003e8a:	9809      	ldr	r0, [sp, #36]	@ 0x24
10003e8c:	f851 5b04 	ldr.w	r5, [r1], #4
10003e90:	7840      	ldrb	r0, [r0, #1]
10003e92:	2d00      	cmp	r5, #0
10003e94:	e9cd 2109 	strd	r2, r1, [sp, #36]	@ 0x24
10003e98:	bfbc      	itt	lt
10003e9a:	f043 0302 	orrlt.w	r3, r3, #2
10003e9e:	426d      	neglt	r5, r5
10003ea0:	3201      	adds	r2, #1
10003ea2:	e702      	b.n	10003caa <_vsnprintf+0x8e>
10003ea4:	4642      	mov	r2, r8
10003ea6:	464b      	mov	r3, r9
10003ea8:	4651      	mov	r1, sl
10003eaa:	f108 0801 	add.w	r8, r8, #1
10003eae:	47d8      	blx	fp
10003eb0:	e6d2      	b.n	10003c58 <_vsnprintf+0x3c>
10003eb2:	990a      	ldr	r1, [sp, #40]	@ 0x28
10003eb4:	2e00      	cmp	r6, #0
10003eb6:	f851 7b04 	ldr.w	r7, [r1], #4
10003eba:	bf18      	it	ne
10003ebc:	4632      	movne	r2, r6
10003ebe:	7838      	ldrb	r0, [r7, #0]
10003ec0:	bf08      	it	eq
10003ec2:	f04f 32ff 	moveq.w	r2, #4294967295
10003ec6:	2800      	cmp	r0, #0
10003ec8:	f000 837b 	beq.w	100045c2 <_vsnprintf+0x9a6>
10003ecc:	18bc      	adds	r4, r7, r2
10003ece:	46a4      	mov	ip, r4
10003ed0:	463a      	mov	r2, r7
10003ed2:	e004      	b.n	10003ede <_vsnprintf+0x2c2>
10003ed4:	f812 4f01 	ldrb.w	r4, [r2, #1]!
10003ed8:	2c00      	cmp	r4, #0
10003eda:	f000 813f 	beq.w	1000415c <_vsnprintf+0x540>
10003ede:	4594      	cmp	ip, r2
10003ee0:	d1f8      	bne.n	10003ed4 <_vsnprintf+0x2b8>
10003ee2:	4664      	mov	r4, ip
10003ee4:	1be4      	subs	r4, r4, r7
10003ee6:	055a      	lsls	r2, r3, #21
10003ee8:	f140 8122 	bpl.w	10004130 <_vsnprintf+0x514>
10003eec:	42b4      	cmp	r4, r6
10003eee:	bf28      	it	cs
10003ef0:	4634      	movcs	r4, r6
10003ef2:	f013 0302 	ands.w	r3, r3, #2
10003ef6:	f000 8288 	beq.w	1000440a <_vsnprintf+0x7ee>
10003efa:	2302      	movs	r3, #2
10003efc:	e9cd 510a 	strd	r5, r1, [sp, #40]	@ 0x28
10003f00:	4642      	mov	r2, r8
10003f02:	461d      	mov	r5, r3
10003f04:	4446      	add	r6, r8
10003f06:	e008      	b.n	10003f1a <_vsnprintf+0x2fe>
10003f08:	464b      	mov	r3, r9
10003f0a:	4651      	mov	r1, sl
10003f0c:	47d8      	blx	fp
10003f0e:	f817 0f01 	ldrb.w	r0, [r7, #1]!
10003f12:	f108 0801 	add.w	r8, r8, #1
10003f16:	b110      	cbz	r0, 10003f1e <_vsnprintf+0x302>
10003f18:	4642      	mov	r2, r8
10003f1a:	4546      	cmp	r6, r8
10003f1c:	d1f4      	bne.n	10003f08 <_vsnprintf+0x2ec>
10003f1e:	462b      	mov	r3, r5
10003f20:	990b      	ldr	r1, [sp, #44]	@ 0x2c
10003f22:	9d0a      	ldr	r5, [sp, #40]	@ 0x28
10003f24:	2b00      	cmp	r3, #0
10003f26:	f040 8141 	bne.w	100041ac <_vsnprintf+0x590>
10003f2a:	910a      	str	r1, [sp, #40]	@ 0x28
10003f2c:	e694      	b.n	10003c58 <_vsnprintf+0x3c>
10003f2e:	9909      	ldr	r1, [sp, #36]	@ 0x24
10003f30:	7848      	ldrb	r0, [r1, #1]
10003f32:	286c      	cmp	r0, #108	@ 0x6c
10003f34:	f47f aeec 	bne.w	10003d10 <_vsnprintf+0xf4>
10003f38:	460a      	mov	r2, r1
10003f3a:	7888      	ldrb	r0, [r1, #2]
10003f3c:	f443 7340 	orr.w	r3, r3, #768	@ 0x300
10003f40:	3203      	adds	r2, #3
10003f42:	e6e8      	b.n	10003d16 <_vsnprintf+0xfa>
10003f44:	9909      	ldr	r1, [sp, #36]	@ 0x24
10003f46:	f443 7300 	orr.w	r3, r3, #512	@ 0x200
10003f4a:	7848      	ldrb	r0, [r1, #1]
10003f4c:	3201      	adds	r2, #1
10003f4e:	e6e2      	b.n	10003d16 <_vsnprintf+0xfa>
10003f50:	9909      	ldr	r1, [sp, #36]	@ 0x24
10003f52:	7848      	ldrb	r0, [r1, #1]
10003f54:	2868      	cmp	r0, #104	@ 0x68
10003f56:	f000 8103 	beq.w	10004160 <_vsnprintf+0x544>
10003f5a:	f043 0380 	orr.w	r3, r3, #128	@ 0x80
10003f5e:	3201      	adds	r2, #1
10003f60:	e6d9      	b.n	10003d16 <_vsnprintf+0xfa>
10003f62:	2867      	cmp	r0, #103	@ 0x67
10003f64:	f000 80d9 	beq.w	1000411a <_vsnprintf+0x4fe>
10003f68:	2847      	cmp	r0, #71	@ 0x47
10003f6a:	f000 80dc 	beq.w	10004126 <_vsnprintf+0x50a>
10003f6e:	2845      	cmp	r0, #69	@ 0x45
10003f70:	f000 80db 	beq.w	1000412a <_vsnprintf+0x50e>
10003f74:	e9cd 5303 	strd	r5, r3, [sp, #12]
10003f78:	9b0a      	ldr	r3, [sp, #40]	@ 0x28
10003f7a:	9602      	str	r6, [sp, #8]
10003f7c:	3307      	adds	r3, #7
10003f7e:	f023 0307 	bic.w	r3, r3, #7
10003f82:	461c      	mov	r4, r3
10003f84:	4642      	mov	r2, r8
10003f86:	e8f4 6702 	ldrd	r6, r7, [r4], #8
10003f8a:	464b      	mov	r3, r9
10003f8c:	4651      	mov	r1, sl
10003f8e:	4658      	mov	r0, fp
10003f90:	e9cd 6700 	strd	r6, r7, [sp]
10003f94:	940a      	str	r4, [sp, #40]	@ 0x28
10003f96:	f7ff fb87 	bl	100036a8 <_etoa>
10003f9a:	4680      	mov	r8, r0
10003f9c:	e65c      	b.n	10003c58 <_vsnprintf+0x3c>
10003f9e:	2846      	cmp	r0, #70	@ 0x46
10003fa0:	bf08      	it	eq
10003fa2:	f043 0320 	orreq.w	r3, r3, #32
10003fa6:	e9cd 5303 	strd	r5, r3, [sp, #12]
10003faa:	9b0a      	ldr	r3, [sp, #40]	@ 0x28
10003fac:	9602      	str	r6, [sp, #8]
10003fae:	3307      	adds	r3, #7
10003fb0:	f023 0307 	bic.w	r3, r3, #7
10003fb4:	461c      	mov	r4, r3
10003fb6:	4642      	mov	r2, r8
10003fb8:	e8f4 6702 	ldrd	r6, r7, [r4], #8
10003fbc:	464b      	mov	r3, r9
10003fbe:	4651      	mov	r1, sl
10003fc0:	4658      	mov	r0, fp
10003fc2:	e9cd 6700 	strd	r6, r7, [sp]
10003fc6:	940a      	str	r4, [sp, #40]	@ 0x28
10003fc8:	f7ff f90e 	bl	100031e8 <_ftoa>
10003fcc:	4680      	mov	r8, r0
10003fce:	e643      	b.n	10003c58 <_vsnprintf+0x3c>
10003fd0:	4642      	mov	r2, r8
10003fd2:	464b      	mov	r3, r9
10003fd4:	4651      	mov	r1, sl
10003fd6:	2025      	movs	r0, #37	@ 0x25
10003fd8:	f108 0801 	add.w	r8, r8, #1
10003fdc:	47d8      	blx	fp
10003fde:	e63b      	b.n	10003c58 <_vsnprintf+0x3c>
10003fe0:	9a0a      	ldr	r2, [sp, #40]	@ 0x28
10003fe2:	0799      	lsls	r1, r3, #30
10003fe4:	f102 0404 	add.w	r4, r2, #4
10003fe8:	f108 0601 	add.w	r6, r8, #1
10003fec:	f140 80c6 	bpl.w	1000417c <_vsnprintf+0x560>
10003ff0:	7810      	ldrb	r0, [r2, #0]
10003ff2:	464b      	mov	r3, r9
10003ff4:	4642      	mov	r2, r8
10003ff6:	4651      	mov	r1, sl
10003ff8:	47d8      	blx	fp
10003ffa:	2d01      	cmp	r5, #1
10003ffc:	bf88      	it	hi
10003ffe:	44a8      	addhi	r8, r5
10004000:	f240 81bd 	bls.w	1000437e <_vsnprintf+0x762>
10004004:	4632      	mov	r2, r6
10004006:	464b      	mov	r3, r9
10004008:	4651      	mov	r1, sl
1000400a:	2020      	movs	r0, #32
1000400c:	3601      	adds	r6, #1
1000400e:	47d8      	blx	fp
10004010:	4546      	cmp	r6, r8
10004012:	d1f7      	bne.n	10004004 <_vsnprintf+0x3e8>
10004014:	940a      	str	r4, [sp, #40]	@ 0x28
10004016:	e61f      	b.n	10003c58 <_vsnprintf+0x3c>
10004018:	286f      	cmp	r0, #111	@ 0x6f
1000401a:	f000 8081 	beq.w	10004120 <_vsnprintf+0x504>
1000401e:	f240 8248 	bls.w	100044b2 <_vsnprintf+0x896>
10004022:	2878      	cmp	r0, #120	@ 0x78
10004024:	f000 8190 	beq.w	10004348 <_vsnprintf+0x72c>
10004028:	270a      	movs	r7, #10
1000402a:	f023 0310 	bic.w	r3, r3, #16
1000402e:	46bc      	mov	ip, r7
10004030:	e041      	b.n	100040b6 <_vsnprintf+0x49a>
10004032:	2600      	movs	r6, #0
10004034:	eb06 0686 	add.w	r6, r6, r6, lsl #2
10004038:	eb00 0046 	add.w	r0, r0, r6, lsl #1
1000403c:	f1a0 0630 	sub.w	r6, r0, #48	@ 0x30
10004040:	f811 0f01 	ldrb.w	r0, [r1, #1]!
10004044:	f1a0 0230 	sub.w	r2, r0, #48	@ 0x30
10004048:	2a09      	cmp	r2, #9
1000404a:	d9f3      	bls.n	10004034 <_vsnprintf+0x418>
1000404c:	460a      	mov	r2, r1
1000404e:	9109      	str	r1, [sp, #36]	@ 0x24
10004050:	3201      	adds	r2, #1
10004052:	e62e      	b.n	10003cb2 <_vsnprintf+0x96>
10004054:	e9dd 2109 	ldrd	r2, r1, [sp, #36]	@ 0x24
10004058:	f851 6b04 	ldr.w	r6, [r1], #4
1000405c:	7890      	ldrb	r0, [r2, #2]
1000405e:	3202      	adds	r2, #2
10004060:	9209      	str	r2, [sp, #36]	@ 0x24
10004062:	910a      	str	r1, [sp, #40]	@ 0x28
10004064:	3201      	adds	r2, #1
10004066:	ea26 76e6 	bic.w	r6, r6, r6, asr #31
1000406a:	e622      	b.n	10003cb2 <_vsnprintf+0x96>
1000406c:	f023 0010 	bic.w	r0, r3, #16
10004070:	f413 6280 	ands.w	r2, r3, #1024	@ 0x400
10004074:	f040 0021 	orr.w	r0, r0, #33	@ 0x21
10004078:	f43f aee7 	beq.w	10003e4a <_vsnprintf+0x22e>
1000407c:	ab12      	add	r3, sp, #72	@ 0x48
1000407e:	930b      	str	r3, [sp, #44]	@ 0x2c
10004080:	9b0b      	ldr	r3, [sp, #44]	@ 0x2c
10004082:	9006      	str	r0, [sp, #24]
10004084:	9300      	str	r3, [sp, #0]
10004086:	2308      	movs	r3, #8
10004088:	2010      	movs	r0, #16
1000408a:	9305      	str	r3, [sp, #20]
1000408c:	2300      	movs	r3, #0
1000408e:	4642      	mov	r2, r8
10004090:	e9cd 3002 	strd	r3, r0, [sp, #8]
10004094:	9101      	str	r1, [sp, #4]
10004096:	464b      	mov	r3, r9
10004098:	4651      	mov	r1, sl
1000409a:	4658      	mov	r0, fp
1000409c:	9604      	str	r6, [sp, #16]
1000409e:	f7fe ffad 	bl	10002ffc <_ntoa_format>
100040a2:	950a      	str	r5, [sp, #40]	@ 0x28
100040a4:	4680      	mov	r8, r0
100040a6:	e5d7      	b.n	10003c58 <_vsnprintf+0x3c>
100040a8:	2858      	cmp	r0, #88	@ 0x58
100040aa:	d062      	beq.n	10004172 <_vsnprintf+0x556>
100040ac:	2862      	cmp	r0, #98	@ 0x62
100040ae:	f040 808f 	bne.w	100041d0 <_vsnprintf+0x5b4>
100040b2:	2702      	movs	r7, #2
100040b4:	46bc      	mov	ip, r7
100040b6:	f413 6080 	ands.w	r0, r3, #1024	@ 0x400
100040ba:	f000 80dd 	beq.w	10004278 <_vsnprintf+0x65c>
100040be:	f023 030d 	bic.w	r3, r3, #13
100040c2:	f413 7200 	ands.w	r2, r3, #512	@ 0x200
100040c6:	f040 8181 	bne.w	100043cc <_vsnprintf+0x7b0>
100040ca:	990a      	ldr	r1, [sp, #40]	@ 0x28
100040cc:	1d0f      	adds	r7, r1, #4
100040ce:	f413 7180 	ands.w	r1, r3, #256	@ 0x100
100040d2:	f040 8237 	bne.w	10004544 <_vsnprintf+0x928>
100040d6:	065c      	lsls	r4, r3, #25
100040d8:	9a0a      	ldr	r2, [sp, #40]	@ 0x28
100040da:	f140 813b 	bpl.w	10004354 <_vsnprintf+0x738>
100040de:	7812      	ldrb	r2, [r2, #0]
100040e0:	2a00      	cmp	r2, #0
100040e2:	f040 814e 	bne.w	10004382 <_vsnprintf+0x766>
100040e6:	f023 0310 	bic.w	r3, r3, #16
100040ea:	2800      	cmp	r0, #0
100040ec:	f000 8149 	beq.w	10004382 <_vsnprintf+0x766>
100040f0:	4611      	mov	r1, r2
100040f2:	aa12      	add	r2, sp, #72	@ 0x48
100040f4:	920b      	str	r2, [sp, #44]	@ 0x2c
100040f6:	e9cd 5305 	strd	r5, r3, [sp, #20]
100040fa:	e9cd c603 	strd	ip, r6, [sp, #12]
100040fe:	9101      	str	r1, [sp, #4]
10004100:	9b0b      	ldr	r3, [sp, #44]	@ 0x2c
10004102:	4642      	mov	r2, r8
10004104:	9300      	str	r3, [sp, #0]
10004106:	2300      	movs	r3, #0
10004108:	4651      	mov	r1, sl
1000410a:	9302      	str	r3, [sp, #8]
1000410c:	4658      	mov	r0, fp
1000410e:	464b      	mov	r3, r9
10004110:	f7fe ff74 	bl	10002ffc <_ntoa_format>
10004114:	970a      	str	r7, [sp, #40]	@ 0x28
10004116:	4680      	mov	r8, r0
10004118:	e59e      	b.n	10003c58 <_vsnprintf+0x3c>
1000411a:	f443 6300 	orr.w	r3, r3, #2048	@ 0x800
1000411e:	e729      	b.n	10003f74 <_vsnprintf+0x358>
10004120:	2708      	movs	r7, #8
10004122:	46bc      	mov	ip, r7
10004124:	e7c7      	b.n	100040b6 <_vsnprintf+0x49a>
10004126:	f443 6300 	orr.w	r3, r3, #2048	@ 0x800
1000412a:	f043 0320 	orr.w	r3, r3, #32
1000412e:	e721      	b.n	10003f74 <_vsnprintf+0x358>
10004130:	f013 0302 	ands.w	r3, r3, #2
10004134:	f000 818e 	beq.w	10004454 <_vsnprintf+0x838>
10004138:	2302      	movs	r3, #2
1000413a:	950a      	str	r5, [sp, #40]	@ 0x28
1000413c:	461e      	mov	r6, r3
1000413e:	460d      	mov	r5, r1
10004140:	4642      	mov	r2, r8
10004142:	464b      	mov	r3, r9
10004144:	4651      	mov	r1, sl
10004146:	47d8      	blx	fp
10004148:	f817 0f01 	ldrb.w	r0, [r7, #1]!
1000414c:	f108 0801 	add.w	r8, r8, #1
10004150:	2800      	cmp	r0, #0
10004152:	d1f5      	bne.n	10004140 <_vsnprintf+0x524>
10004154:	4629      	mov	r1, r5
10004156:	4633      	mov	r3, r6
10004158:	9d0a      	ldr	r5, [sp, #40]	@ 0x28
1000415a:	e6e3      	b.n	10003f24 <_vsnprintf+0x308>
1000415c:	1bd4      	subs	r4, r2, r7
1000415e:	e6c2      	b.n	10003ee6 <_vsnprintf+0x2ca>
10004160:	460a      	mov	r2, r1
10004162:	7888      	ldrb	r0, [r1, #2]
10004164:	f043 03c0 	orr.w	r3, r3, #192	@ 0xc0
10004168:	3203      	adds	r2, #3
1000416a:	e5d4      	b.n	10003d16 <_vsnprintf+0xfa>
1000416c:	4604      	mov	r4, r0
1000416e:	4680      	mov	r8, r0
10004170:	e646      	b.n	10003e00 <_vsnprintf+0x1e4>
10004172:	2710      	movs	r7, #16
10004174:	f043 0320 	orr.w	r3, r3, #32
10004178:	46bc      	mov	ip, r7
1000417a:	e79c      	b.n	100040b6 <_vsnprintf+0x49a>
1000417c:	2d01      	cmp	r5, #1
1000417e:	f240 80f8 	bls.w	10004372 <_vsnprintf+0x756>
10004182:	4646      	mov	r6, r8
10004184:	f108 37ff 	add.w	r7, r8, #4294967295
10004188:	442f      	add	r7, r5
1000418a:	4632      	mov	r2, r6
1000418c:	464b      	mov	r3, r9
1000418e:	4651      	mov	r1, sl
10004190:	2020      	movs	r0, #32
10004192:	3601      	adds	r6, #1
10004194:	47d8      	blx	fp
10004196:	42be      	cmp	r6, r7
10004198:	d1f7      	bne.n	1000418a <_vsnprintf+0x56e>
1000419a:	9b0a      	ldr	r3, [sp, #40]	@ 0x28
1000419c:	4632      	mov	r2, r6
1000419e:	7818      	ldrb	r0, [r3, #0]
100041a0:	4651      	mov	r1, sl
100041a2:	464b      	mov	r3, r9
100041a4:	47d8      	blx	fp
100041a6:	44a8      	add	r8, r5
100041a8:	940a      	str	r4, [sp, #40]	@ 0x28
100041aa:	e555      	b.n	10003c58 <_vsnprintf+0x3c>
100041ac:	4646      	mov	r6, r8
100041ae:	42a5      	cmp	r5, r4
100041b0:	f67f aebb 	bls.w	10003f2a <_vsnprintf+0x30e>
100041b4:	44a8      	add	r8, r5
100041b6:	eba8 0804 	sub.w	r8, r8, r4
100041ba:	460c      	mov	r4, r1
100041bc:	4632      	mov	r2, r6
100041be:	464b      	mov	r3, r9
100041c0:	4651      	mov	r1, sl
100041c2:	2020      	movs	r0, #32
100041c4:	3601      	adds	r6, #1
100041c6:	47d8      	blx	fp
100041c8:	4546      	cmp	r6, r8
100041ca:	d1f7      	bne.n	100041bc <_vsnprintf+0x5a0>
100041cc:	4621      	mov	r1, r4
100041ce:	e6ac      	b.n	10003f2a <_vsnprintf+0x30e>
100041d0:	f413 6280 	ands.w	r2, r3, #1024	@ 0x400
100041d4:	f000 80bb 	beq.w	1000434e <_vsnprintf+0x732>
100041d8:	f44f 6280 	mov.w	r2, #1024	@ 0x400
100041dc:	f023 0c11 	bic.w	ip, r3, #17
100041e0:	f41c 7700 	ands.w	r7, ip, #512	@ 0x200
100041e4:	9b0a      	ldr	r3, [sp, #40]	@ 0x28
100041e6:	d14a      	bne.n	1000427e <_vsnprintf+0x662>
100041e8:	f41c 7080 	ands.w	r0, ip, #256	@ 0x100
100041ec:	f103 0404 	add.w	r4, r3, #4
100041f0:	f040 8134 	bne.w	1000445c <_vsnprintf+0x840>
100041f4:	f01c 0f40 	tst.w	ip, #64	@ 0x40
100041f8:	f040 80a3 	bne.w	10004342 <_vsnprintf+0x726>
100041fc:	f01c 0f80 	tst.w	ip, #128	@ 0x80
10004200:	f000 81d3 	beq.w	100045aa <_vsnprintf+0x98e>
10004204:	f9b3 1000 	ldrsh.w	r1, [r3]
10004208:	ea81 77e1 	eor.w	r7, r1, r1, asr #31
1000420c:	eba7 77e1 	sub.w	r7, r7, r1, asr #31
10004210:	b2bf      	uxth	r7, r7
10004212:	0fcb      	lsrs	r3, r1, #31
10004214:	2900      	cmp	r1, #0
10004216:	f000 8156 	beq.w	100044c6 <_vsnprintf+0x8aa>
1000421a:	463a      	mov	r2, r7
1000421c:	a912      	add	r1, sp, #72	@ 0x48
1000421e:	460f      	mov	r7, r1
10004220:	f8df e3d8 	ldr.w	lr, [pc, #984]	@ 100045fc <_vsnprintf+0x9e0>
10004224:	910b      	str	r1, [sp, #44]	@ 0x2c
10004226:	930a      	str	r3, [sp, #40]	@ 0x28
10004228:	950c      	str	r5, [sp, #48]	@ 0x30
1000422a:	e001      	b.n	10004230 <_vsnprintf+0x614>
1000422c:	2820      	cmp	r0, #32
1000422e:	d00f      	beq.n	10004250 <_vsnprintf+0x634>
10004230:	4615      	mov	r5, r2
10004232:	fbae 1302 	umull	r1, r3, lr, r2
10004236:	08db      	lsrs	r3, r3, #3
10004238:	eb03 0183 	add.w	r1, r3, r3, lsl #2
1000423c:	eba2 0141 	sub.w	r1, r2, r1, lsl #1
10004240:	3130      	adds	r1, #48	@ 0x30
10004242:	2d09      	cmp	r5, #9
10004244:	461a      	mov	r2, r3
10004246:	f100 0001 	add.w	r0, r0, #1
1000424a:	f807 1b01 	strb.w	r1, [r7], #1
1000424e:	d8ed      	bhi.n	1000422c <_vsnprintf+0x610>
10004250:	9b0a      	ldr	r3, [sp, #40]	@ 0x28
10004252:	9d0c      	ldr	r5, [sp, #48]	@ 0x30
10004254:	e9cd 5c05 	strd	r5, ip, [sp, #20]
10004258:	e9cd 0301 	strd	r0, r3, [sp, #4]
1000425c:	9604      	str	r6, [sp, #16]
1000425e:	9b0b      	ldr	r3, [sp, #44]	@ 0x2c
10004260:	4642      	mov	r2, r8
10004262:	9300      	str	r3, [sp, #0]
10004264:	230a      	movs	r3, #10
10004266:	4651      	mov	r1, sl
10004268:	9303      	str	r3, [sp, #12]
1000426a:	4658      	mov	r0, fp
1000426c:	464b      	mov	r3, r9
1000426e:	f7fe fec5 	bl	10002ffc <_ntoa_format>
10004272:	940a      	str	r4, [sp, #40]	@ 0x28
10004274:	4680      	mov	r8, r0
10004276:	e4ef      	b.n	10003c58 <_vsnprintf+0x3c>
10004278:	f023 030c 	bic.w	r3, r3, #12
1000427c:	e721      	b.n	100040c2 <_vsnprintf+0x4a6>
1000427e:	3307      	adds	r3, #7
10004280:	f023 0307 	bic.w	r3, r3, #7
10004284:	4619      	mov	r1, r3
10004286:	4608      	mov	r0, r1
10004288:	685b      	ldr	r3, [r3, #4]
1000428a:	f850 1b08 	ldr.w	r1, [r0], #8
1000428e:	0fdf      	lsrs	r7, r3, #31
10004290:	900a      	str	r0, [sp, #40]	@ 0x28
10004292:	ea51 0003 	orrs.w	r0, r1, r3
10004296:	d162      	bne.n	1000435e <_vsnprintf+0x742>
10004298:	2a00      	cmp	r2, #0
1000429a:	f040 819f 	bne.w	100045dc <_vsnprintf+0x9c0>
1000429e:	4613      	mov	r3, r2
100042a0:	4611      	mov	r1, r2
100042a2:	aa12      	add	r2, sp, #72	@ 0x48
100042a4:	e9cd 750c 	strd	r7, r5, [sp, #48]	@ 0x30
100042a8:	2000      	movs	r0, #0
100042aa:	4615      	mov	r5, r2
100042ac:	e9cd 680e 	strd	r6, r8, [sp, #56]	@ 0x38
100042b0:	f8df e348 	ldr.w	lr, [pc, #840]	@ 100045fc <_vsnprintf+0x9e0>
100042b4:	920b      	str	r2, [sp, #44]	@ 0x2c
100042b6:	e001      	b.n	100042bc <_vsnprintf+0x6a0>
100042b8:	2820      	cmp	r0, #32
100042ba:	d02d      	beq.n	10004318 <_vsnprintf+0x6fc>
100042bc:	185a      	adds	r2, r3, r1
100042be:	f142 0200 	adc.w	r2, r2, #0
100042c2:	fbae 7802 	umull	r7, r8, lr, r2
100042c6:	f028 0703 	bic.w	r7, r8, #3
100042ca:	eb07 0798 	add.w	r7, r7, r8, lsr #2
100042ce:	1bd2      	subs	r2, r2, r7
100042d0:	461e      	mov	r6, r3
100042d2:	1a9b      	subs	r3, r3, r2
100042d4:	f161 0700 	sbc.w	r7, r1, #0
100042d8:	460c      	mov	r4, r1
100042da:	f04f 31cc 	mov.w	r1, #3435973836	@ 0xcccccccc
100042de:	fb01 f103 	mul.w	r1, r1, r3
100042e2:	fb0e 1107 	mla	r1, lr, r7, r1
100042e6:	fba3 730e 	umull	r7, r3, r3, lr
100042ea:	4419      	add	r1, r3
100042ec:	2305      	movs	r3, #5
100042ee:	f007 0801 	and.w	r8, r7, #1
100042f2:	fba8 3803 	umull	r3, r8, r8, r3
100042f6:	189b      	adds	r3, r3, r2
100042f8:	2e0a      	cmp	r6, #10
100042fa:	f103 0330 	add.w	r3, r3, #48	@ 0x30
100042fe:	ea4f 0757 	mov.w	r7, r7, lsr #1
10004302:	f174 0400 	sbcs.w	r4, r4, #0
10004306:	f805 3b01 	strb.w	r3, [r5], #1
1000430a:	f100 0001 	add.w	r0, r0, #1
1000430e:	ea47 73c1 	orr.w	r3, r7, r1, lsl #31
10004312:	ea4f 0151 	mov.w	r1, r1, lsr #1
10004316:	d2cf      	bcs.n	100042b8 <_vsnprintf+0x69c>
10004318:	e9dd 750c 	ldrd	r7, r5, [sp, #48]	@ 0x30
1000431c:	e9dd 680e 	ldrd	r6, r8, [sp, #56]	@ 0x38
10004320:	9b0b      	ldr	r3, [sp, #44]	@ 0x2c
10004322:	4642      	mov	r2, r8
10004324:	9300      	str	r3, [sp, #0]
10004326:	230a      	movs	r3, #10
10004328:	e9cd 5c05 	strd	r5, ip, [sp, #20]
1000432c:	e9cd 0701 	strd	r0, r7, [sp, #4]
10004330:	9604      	str	r6, [sp, #16]
10004332:	9303      	str	r3, [sp, #12]
10004334:	464b      	mov	r3, r9
10004336:	4651      	mov	r1, sl
10004338:	4658      	mov	r0, fp
1000433a:	f7fe fe5f 	bl	10002ffc <_ntoa_format>
1000433e:	4680      	mov	r8, r0
10004340:	e48a      	b.n	10003c58 <_vsnprintf+0x3c>
10004342:	7819      	ldrb	r1, [r3, #0]
10004344:	460f      	mov	r7, r1
10004346:	e764      	b.n	10004212 <_vsnprintf+0x5f6>
10004348:	2710      	movs	r7, #16
1000434a:	46bc      	mov	ip, r7
1000434c:	e6b3      	b.n	100040b6 <_vsnprintf+0x49a>
1000434e:	f023 0c10 	bic.w	ip, r3, #16
10004352:	e745      	b.n	100041e0 <_vsnprintf+0x5c4>
10004354:	061c      	lsls	r4, r3, #24
10004356:	bf4c      	ite	mi
10004358:	8812      	ldrhmi	r2, [r2, #0]
1000435a:	6812      	ldrpl	r2, [r2, #0]
1000435c:	e6c0      	b.n	100040e0 <_vsnprintf+0x4c4>
1000435e:	460a      	mov	r2, r1
10004360:	1e19      	subs	r1, r3, #0
10004362:	db01      	blt.n	10004368 <_vsnprintf+0x74c>
10004364:	4613      	mov	r3, r2
10004366:	e79c      	b.n	100042a2 <_vsnprintf+0x686>
10004368:	4252      	negs	r2, r2
1000436a:	4613      	mov	r3, r2
1000436c:	eb61 0141 	sbc.w	r1, r1, r1, lsl #1
10004370:	e797      	b.n	100042a2 <_vsnprintf+0x686>
10004372:	4613      	mov	r3, r2
10004374:	4651      	mov	r1, sl
10004376:	7818      	ldrb	r0, [r3, #0]
10004378:	4642      	mov	r2, r8
1000437a:	464b      	mov	r3, r9
1000437c:	47d8      	blx	fp
1000437e:	46b0      	mov	r8, r6
10004380:	e648      	b.n	10004014 <_vsnprintf+0x3f8>
10004382:	f013 0f20 	tst.w	r3, #32
10004386:	bf14      	ite	ne
10004388:	2041      	movne	r0, #65	@ 0x41
1000438a:	2061      	moveq	r0, #97	@ 0x61
1000438c:	ac12      	add	r4, sp, #72	@ 0x48
1000438e:	46a6      	mov	lr, r4
10004390:	940b      	str	r4, [sp, #44]	@ 0x2c
10004392:	930a      	str	r3, [sp, #40]	@ 0x28
10004394:	f1a0 040a 	sub.w	r4, r0, #10
10004398:	950c      	str	r5, [sp, #48]	@ 0x30
1000439a:	e002      	b.n	100043a2 <_vsnprintf+0x786>
1000439c:	2920      	cmp	r1, #32
1000439e:	d012      	beq.n	100043c6 <_vsnprintf+0x7aa>
100043a0:	462a      	mov	r2, r5
100043a2:	fbb2 f5fc 	udiv	r5, r2, ip
100043a6:	fb0c 2015 	mls	r0, ip, r5, r2
100043aa:	b2c3      	uxtb	r3, r0
100043ac:	2809      	cmp	r0, #9
100043ae:	f103 0030 	add.w	r0, r3, #48	@ 0x30
100043b2:	bf8a      	itet	hi
100043b4:	191b      	addhi	r3, r3, r4
100043b6:	b2c3      	uxtbls	r3, r0
100043b8:	b2db      	uxtbhi	r3, r3
100043ba:	4562      	cmp	r2, ip
100043bc:	f80e 3b01 	strb.w	r3, [lr], #1
100043c0:	f101 0101 	add.w	r1, r1, #1
100043c4:	d2ea      	bcs.n	1000439c <_vsnprintf+0x780>
100043c6:	9b0a      	ldr	r3, [sp, #40]	@ 0x28
100043c8:	9d0c      	ldr	r5, [sp, #48]	@ 0x30
100043ca:	e694      	b.n	100040f6 <_vsnprintf+0x4da>
100043cc:	9a0a      	ldr	r2, [sp, #40]	@ 0x28
100043ce:	3207      	adds	r2, #7
100043d0:	f022 0207 	bic.w	r2, r2, #7
100043d4:	6851      	ldr	r1, [r2, #4]
100043d6:	f852 4b08 	ldr.w	r4, [r2], #8
100043da:	468e      	mov	lr, r1
100043dc:	920a      	str	r2, [sp, #40]	@ 0x28
100043de:	ea54 0201 	orrs.w	r2, r4, r1
100043e2:	d176      	bne.n	100044d2 <_vsnprintf+0x8b6>
100043e4:	f023 0310 	bic.w	r3, r3, #16
100043e8:	2800      	cmp	r0, #0
100043ea:	d072      	beq.n	100044d2 <_vsnprintf+0x8b6>
100043ec:	2200      	movs	r2, #0
100043ee:	4611      	mov	r1, r2
100043f0:	aa12      	add	r2, sp, #72	@ 0x48
100043f2:	920b      	str	r2, [sp, #44]	@ 0x2c
100043f4:	e9cd 5305 	strd	r5, r3, [sp, #20]
100043f8:	9b0b      	ldr	r3, [sp, #44]	@ 0x2c
100043fa:	4642      	mov	r2, r8
100043fc:	9300      	str	r3, [sp, #0]
100043fe:	2300      	movs	r3, #0
10004400:	e9cd c603 	strd	ip, r6, [sp, #12]
10004404:	9101      	str	r1, [sp, #4]
10004406:	9302      	str	r3, [sp, #8]
10004408:	e794      	b.n	10004334 <_vsnprintf+0x718>
1000440a:	42a5      	cmp	r5, r4
1000440c:	bf98      	it	ls
1000440e:	3401      	addls	r4, #1
10004410:	f67f ad74 	bls.w	10003efc <_vsnprintf+0x2e0>
10004414:	f44f 6380 	mov.w	r3, #1024	@ 0x400
10004418:	e9cd 750a 	strd	r7, r5, [sp, #40]	@ 0x28
1000441c:	eb05 0208 	add.w	r2, r5, r8
10004420:	461f      	mov	r7, r3
10004422:	460d      	mov	r5, r1
10004424:	1b14      	subs	r4, r2, r4
10004426:	4642      	mov	r2, r8
10004428:	464b      	mov	r3, r9
1000442a:	4651      	mov	r1, sl
1000442c:	2020      	movs	r0, #32
1000442e:	f108 0801 	add.w	r8, r8, #1
10004432:	47d8      	blx	fp
10004434:	45a0      	cmp	r8, r4
10004436:	d1f6      	bne.n	10004426 <_vsnprintf+0x80a>
10004438:	463b      	mov	r3, r7
1000443a:	9f0a      	ldr	r7, [sp, #40]	@ 0x28
1000443c:	4629      	mov	r1, r5
1000443e:	7838      	ldrb	r0, [r7, #0]
10004440:	9d0b      	ldr	r5, [sp, #44]	@ 0x2c
10004442:	1c6c      	adds	r4, r5, #1
10004444:	2800      	cmp	r0, #0
10004446:	f43f ad70 	beq.w	10003f2a <_vsnprintf+0x30e>
1000444a:	2b00      	cmp	r3, #0
1000444c:	f43f ae75 	beq.w	1000413a <_vsnprintf+0x51e>
10004450:	2300      	movs	r3, #0
10004452:	e553      	b.n	10003efc <_vsnprintf+0x2e0>
10004454:	42a5      	cmp	r5, r4
10004456:	d8df      	bhi.n	10004418 <_vsnprintf+0x7fc>
10004458:	3401      	adds	r4, #1
1000445a:	e66e      	b.n	1000413a <_vsnprintf+0x51e>
1000445c:	6819      	ldr	r1, [r3, #0]
1000445e:	0fcb      	lsrs	r3, r1, #31
10004460:	2900      	cmp	r1, #0
10004462:	f000 80a8 	beq.w	100045b6 <_vsnprintf+0x99a>
10004466:	ea81 72e1 	eor.w	r2, r1, r1, asr #31
1000446a:	eba2 72e1 	sub.w	r2, r2, r1, asr #31
1000446e:	a912      	add	r1, sp, #72	@ 0x48
10004470:	4608      	mov	r0, r1
10004472:	f8df e188 	ldr.w	lr, [pc, #392]	@ 100045fc <_vsnprintf+0x9e0>
10004476:	910b      	str	r1, [sp, #44]	@ 0x2c
10004478:	930a      	str	r3, [sp, #40]	@ 0x28
1000447a:	950c      	str	r5, [sp, #48]	@ 0x30
1000447c:	e001      	b.n	10004482 <_vsnprintf+0x866>
1000447e:	2f20      	cmp	r7, #32
10004480:	d00f      	beq.n	100044a2 <_vsnprintf+0x886>
10004482:	4615      	mov	r5, r2
10004484:	fbae 1302 	umull	r1, r3, lr, r2
10004488:	08db      	lsrs	r3, r3, #3
1000448a:	eb03 0183 	add.w	r1, r3, r3, lsl #2
1000448e:	eba2 0141 	sub.w	r1, r2, r1, lsl #1
10004492:	3130      	adds	r1, #48	@ 0x30
10004494:	2d09      	cmp	r5, #9
10004496:	461a      	mov	r2, r3
10004498:	f107 0701 	add.w	r7, r7, #1
1000449c:	f800 1b01 	strb.w	r1, [r0], #1
100044a0:	d8ed      	bhi.n	1000447e <_vsnprintf+0x862>
100044a2:	9b0a      	ldr	r3, [sp, #40]	@ 0x28
100044a4:	9d0c      	ldr	r5, [sp, #48]	@ 0x30
100044a6:	e9cd 5c05 	strd	r5, ip, [sp, #20]
100044aa:	e9cd 7301 	strd	r7, r3, [sp, #4]
100044ae:	9604      	str	r6, [sp, #16]
100044b0:	e6d5      	b.n	1000425e <_vsnprintf+0x642>
100044b2:	2869      	cmp	r0, #105	@ 0x69
100044b4:	f023 0c10 	bic.w	ip, r3, #16
100044b8:	f040 808c 	bne.w	100045d4 <_vsnprintf+0x9b8>
100044bc:	f413 6280 	ands.w	r2, r3, #1024	@ 0x400
100044c0:	f43f ae8e 	beq.w	100041e0 <_vsnprintf+0x5c4>
100044c4:	e688      	b.n	100041d8 <_vsnprintf+0x5bc>
100044c6:	2a00      	cmp	r2, #0
100044c8:	f43f aea8 	beq.w	1000421c <_vsnprintf+0x600>
100044cc:	aa12      	add	r2, sp, #72	@ 0x48
100044ce:	920b      	str	r2, [sp, #44]	@ 0x2c
100044d0:	e6c0      	b.n	10004254 <_vsnprintf+0x638>
100044d2:	f013 0f20 	tst.w	r3, #32
100044d6:	bf14      	ite	ne
100044d8:	2241      	movne	r2, #65	@ 0x41
100044da:	2261      	moveq	r2, #97	@ 0x61
100044dc:	2000      	movs	r0, #0
100044de:	a912      	add	r1, sp, #72	@ 0x48
100044e0:	3a0a      	subs	r2, #10
100044e2:	e9cd 680e 	strd	r6, r8, [sp, #56]	@ 0x38
100044e6:	e9cd 350c 	strd	r3, r5, [sp, #48]	@ 0x30
100044ea:	f8cd b044 	str.w	fp, [sp, #68]	@ 0x44
100044ee:	4606      	mov	r6, r0
100044f0:	4688      	mov	r8, r1
100044f2:	4675      	mov	r5, lr
100044f4:	4693      	mov	fp, r2
100044f6:	910b      	str	r1, [sp, #44]	@ 0x2c
100044f8:	f8cd c040 	str.w	ip, [sp, #64]	@ 0x40
100044fc:	e003      	b.n	10004506 <_vsnprintf+0x8ea>
100044fe:	2e20      	cmp	r6, #32
10004500:	d017      	beq.n	10004532 <_vsnprintf+0x916>
10004502:	4604      	mov	r4, r0
10004504:	460d      	mov	r5, r1
10004506:	4629      	mov	r1, r5
10004508:	463a      	mov	r2, r7
1000450a:	2300      	movs	r3, #0
1000450c:	4620      	mov	r0, r4
1000450e:	f003 f84f 	bl	100075b0 <____aeabi_uldivmod_veneer>
10004512:	b2d2      	uxtb	r2, r2
10004514:	2a09      	cmp	r2, #9
10004516:	f102 0330 	add.w	r3, r2, #48	@ 0x30
1000451a:	bf88      	it	hi
1000451c:	eb02 030b 	addhi.w	r3, r2, fp
10004520:	42bc      	cmp	r4, r7
10004522:	b2db      	uxtb	r3, r3
10004524:	f175 0500 	sbcs.w	r5, r5, #0
10004528:	f808 3b01 	strb.w	r3, [r8], #1
1000452c:	f106 0601 	add.w	r6, r6, #1
10004530:	d2e5      	bcs.n	100044fe <_vsnprintf+0x8e2>
10004532:	4631      	mov	r1, r6
10004534:	e9dd 350c 	ldrd	r3, r5, [sp, #48]	@ 0x30
10004538:	e9dd cb10 	ldrd	ip, fp, [sp, #64]	@ 0x40
1000453c:	f8dd 803c 	ldr.w	r8, [sp, #60]	@ 0x3c
10004540:	9e0e      	ldr	r6, [sp, #56]	@ 0x38
10004542:	e757      	b.n	100043f4 <_vsnprintf+0x7d8>
10004544:	990a      	ldr	r1, [sp, #40]	@ 0x28
10004546:	6809      	ldr	r1, [r1, #0]
10004548:	b951      	cbnz	r1, 10004560 <_vsnprintf+0x944>
1000454a:	f023 0310 	bic.w	r3, r3, #16
1000454e:	b138      	cbz	r0, 10004560 <_vsnprintf+0x944>
10004550:	a912      	add	r1, sp, #72	@ 0x48
10004552:	910b      	str	r1, [sp, #44]	@ 0x2c
10004554:	e9cd 5305 	strd	r5, r3, [sp, #20]
10004558:	e9cd c603 	strd	ip, r6, [sp, #12]
1000455c:	9201      	str	r2, [sp, #4]
1000455e:	e5cf      	b.n	10004100 <_vsnprintf+0x4e4>
10004560:	f013 0f20 	tst.w	r3, #32
10004564:	bf14      	ite	ne
10004566:	2041      	movne	r0, #65	@ 0x41
10004568:	2061      	moveq	r0, #97	@ 0x61
1000456a:	ac12      	add	r4, sp, #72	@ 0x48
1000456c:	46a6      	mov	lr, r4
1000456e:	940b      	str	r4, [sp, #44]	@ 0x2c
10004570:	930a      	str	r3, [sp, #40]	@ 0x28
10004572:	f1a0 040a 	sub.w	r4, r0, #10
10004576:	950c      	str	r5, [sp, #48]	@ 0x30
10004578:	e002      	b.n	10004580 <_vsnprintf+0x964>
1000457a:	2a20      	cmp	r2, #32
1000457c:	d012      	beq.n	100045a4 <_vsnprintf+0x988>
1000457e:	4629      	mov	r1, r5
10004580:	fbb1 f5fc 	udiv	r5, r1, ip
10004584:	fb0c 1015 	mls	r0, ip, r5, r1
10004588:	b2c3      	uxtb	r3, r0
1000458a:	2809      	cmp	r0, #9
1000458c:	f103 0030 	add.w	r0, r3, #48	@ 0x30
10004590:	bf8a      	itet	hi
10004592:	191b      	addhi	r3, r3, r4
10004594:	b2c3      	uxtbls	r3, r0
10004596:	b2db      	uxtbhi	r3, r3
10004598:	4561      	cmp	r1, ip
1000459a:	f80e 3b01 	strb.w	r3, [lr], #1
1000459e:	f102 0201 	add.w	r2, r2, #1
100045a2:	d2ea      	bcs.n	1000457a <_vsnprintf+0x95e>
100045a4:	9b0a      	ldr	r3, [sp, #40]	@ 0x28
100045a6:	9d0c      	ldr	r5, [sp, #48]	@ 0x30
100045a8:	e7d4      	b.n	10004554 <_vsnprintf+0x938>
100045aa:	6819      	ldr	r1, [r3, #0]
100045ac:	ea81 77e1 	eor.w	r7, r1, r1, asr #31
100045b0:	eba7 77e1 	sub.w	r7, r7, r1, asr #31
100045b4:	e62d      	b.n	10004212 <_vsnprintf+0x5f6>
100045b6:	2a00      	cmp	r2, #0
100045b8:	f43f af59 	beq.w	1000446e <_vsnprintf+0x852>
100045bc:	aa12      	add	r2, sp, #72	@ 0x48
100045be:	920b      	str	r2, [sp, #44]	@ 0x2c
100045c0:	e771      	b.n	100044a6 <_vsnprintf+0x88a>
100045c2:	f413 6480 	ands.w	r4, r3, #1024	@ 0x400
100045c6:	d00d      	beq.n	100045e4 <_vsnprintf+0x9c8>
100045c8:	f013 0402 	ands.w	r4, r3, #2
100045cc:	d012      	beq.n	100045f4 <_vsnprintf+0x9d8>
100045ce:	4604      	mov	r4, r0
100045d0:	4646      	mov	r6, r8
100045d2:	e5ec      	b.n	100041ae <_vsnprintf+0x592>
100045d4:	270a      	movs	r7, #10
100045d6:	4663      	mov	r3, ip
100045d8:	46bc      	mov	ip, r7
100045da:	e56c      	b.n	100040b6 <_vsnprintf+0x49a>
100045dc:	ab12      	add	r3, sp, #72	@ 0x48
100045de:	2000      	movs	r0, #0
100045e0:	930b      	str	r3, [sp, #44]	@ 0x2c
100045e2:	e69d      	b.n	10004320 <_vsnprintf+0x704>
100045e4:	f013 0302 	ands.w	r3, r3, #2
100045e8:	f47f ade0 	bne.w	100041ac <_vsnprintf+0x590>
100045ec:	2d00      	cmp	r5, #0
100045ee:	f47f af13 	bne.w	10004418 <_vsnprintf+0x7fc>
100045f2:	e49a      	b.n	10003f2a <_vsnprintf+0x30e>
100045f4:	2d00      	cmp	r5, #0
100045f6:	f47f af0d 	bne.w	10004414 <_vsnprintf+0x7f8>
100045fa:	e496      	b.n	10003f2a <_vsnprintf+0x30e>
100045fc:	cccccccd 	.word	0xcccccccd

10004600 <__wrap_snprintf>:
10004600:	4684      	mov	ip, r0
10004602:	b40c      	push	{r2, r3}
10004604:	b510      	push	{r4, lr}
10004606:	b084      	sub	sp, #16
10004608:	ac06      	add	r4, sp, #24
1000460a:	f854 3b04 	ldr.w	r3, [r4], #4
1000460e:	460a      	mov	r2, r1
10004610:	9400      	str	r4, [sp, #0]
10004612:	4661      	mov	r1, ip
10004614:	4804      	ldr	r0, [pc, #16]	@ (10004628 <__wrap_snprintf+0x28>)
10004616:	9403      	str	r4, [sp, #12]
10004618:	f7ff fb00 	bl	10003c1c <_vsnprintf>
1000461c:	b004      	add	sp, #16
1000461e:	e8bd 4010 	ldmia.w	sp!, {r4, lr}
10004622:	b002      	add	sp, #8
10004624:	4770      	bx	lr
10004626:	bf00      	nop
10004628:	10002f55 	.word	0x10002f55

1000462c <vfctprintf>:
1000462c:	b570      	push	{r4, r5, r6, lr}
1000462e:	4694      	mov	ip, r2
10004630:	461e      	mov	r6, r3
10004632:	4605      	mov	r5, r0
10004634:	460c      	mov	r4, r1
10004636:	b084      	sub	sp, #16
10004638:	f04f 32ff 	mov.w	r2, #4294967295
1000463c:	4663      	mov	r3, ip
1000463e:	a902      	add	r1, sp, #8
10004640:	9600      	str	r6, [sp, #0]
10004642:	4803      	ldr	r0, [pc, #12]	@ (10004650 <vfctprintf+0x24>)
10004644:	e9cd 5402 	strd	r5, r4, [sp, #8]
10004648:	f7ff fae8 	bl	10003c1c <_vsnprintf>
1000464c:	b004      	add	sp, #16
1000464e:	bd70      	pop	{r4, r5, r6, pc}
10004650:	100031d9 	.word	0x100031d9

10004654 <weak_raw_vprintf>:
10004654:	b510      	push	{r4, lr}
10004656:	4b09      	ldr	r3, [pc, #36]	@ (1000467c <weak_raw_vprintf+0x28>)
10004658:	b084      	sub	sp, #16
1000465a:	681c      	ldr	r4, [r3, #0]
1000465c:	b14c      	cbz	r4, 10004672 <weak_raw_vprintf+0x1e>
1000465e:	4603      	mov	r3, r0
10004660:	9100      	str	r1, [sp, #0]
10004662:	f04f 32ff 	mov.w	r2, #4294967295
10004666:	a903      	add	r1, sp, #12
10004668:	4805      	ldr	r0, [pc, #20]	@ (10004680 <weak_raw_vprintf+0x2c>)
1000466a:	47a0      	blx	r4
1000466c:	2001      	movs	r0, #1
1000466e:	b004      	add	sp, #16
10004670:	bd10      	pop	{r4, pc}
10004672:	f000 f9f7 	bl	10004a64 <__wrap_puts>
10004676:	4620      	mov	r0, r4
10004678:	b004      	add	sp, #16
1000467a:	bd10      	pop	{r4, pc}
1000467c:	200024b4 	.word	0x200024b4
10004680:	100031d1 	.word	0x100031d1

10004684 <_exit>:
10004684:	be00      	bkpt	0x0000
10004686:	e7fd      	b.n	10004684 <_exit>

10004688 <exit>:
10004688:	b508      	push	{r3, lr}
1000468a:	f7ff fffb 	bl	10004684 <_exit>
1000468e:	bf00      	nop

10004690 <runtime_init>:
10004690:	b538      	push	{r3, r4, r5, lr}
10004692:	4c06      	ldr	r4, [pc, #24]	@ (100046ac <runtime_init+0x1c>)
10004694:	4d06      	ldr	r5, [pc, #24]	@ (100046b0 <runtime_init+0x20>)
10004696:	f7fe f901 	bl	1000289c <runtime_run_initializers>
1000469a:	42ac      	cmp	r4, r5
1000469c:	d204      	bcs.n	100046a8 <runtime_init+0x18>
1000469e:	f854 3b04 	ldr.w	r3, [r4], #4
100046a2:	4798      	blx	r3
100046a4:	42ac      	cmp	r4, r5
100046a6:	d3fa      	bcc.n	1000469e <runtime_init+0xe>
100046a8:	bd38      	pop	{r3, r4, r5, pc}
100046aa:	bf00      	nop
100046ac:	10007638 	.word	0x10007638
100046b0:	10007640 	.word	0x10007640

100046b4 <stdio_out_chars_no_crlf>:
100046b4:	6803      	ldr	r3, [r0, #0]
100046b6:	4608      	mov	r0, r1
100046b8:	4611      	mov	r1, r2
100046ba:	4718      	bx	r3

100046bc <stdio_out_chars_crlf>:
100046bc:	e92d 41f0 	stmdb	sp!, {r4, r5, r6, r7, r8, lr}
100046c0:	4615      	mov	r5, r2
100046c2:	7d42      	ldrb	r2, [r0, #21]
100046c4:	4607      	mov	r7, r0
100046c6:	4688      	mov	r8, r1
100046c8:	2a00      	cmp	r2, #0
100046ca:	d046      	beq.n	1000475a <stdio_out_chars_crlf+0x9e>
100046cc:	2d00      	cmp	r5, #0
100046ce:	dd1d      	ble.n	1000470c <stdio_out_chars_crlf+0x50>
100046d0:	780b      	ldrb	r3, [r1, #0]
100046d2:	2b0a      	cmp	r3, #10
100046d4:	d023      	beq.n	1000471e <stdio_out_chars_crlf+0x62>
100046d6:	2d01      	cmp	r5, #1
100046d8:	f04f 0c00 	mov.w	ip, #0
100046dc:	d018      	beq.n	10004710 <stdio_out_chars_crlf+0x54>
100046de:	4646      	mov	r6, r8
100046e0:	2401      	movs	r4, #1
100046e2:	f816 2f01 	ldrb.w	r2, [r6, #1]!
100046e6:	4621      	mov	r1, r4
100046e8:	2a0a      	cmp	r2, #10
100046ea:	f104 0401 	add.w	r4, r4, #1
100046ee:	d022      	beq.n	10004736 <stdio_out_chars_crlf+0x7a>
100046f0:	42a5      	cmp	r5, r4
100046f2:	d1f6      	bne.n	100046e2 <stdio_out_chars_crlf+0x26>
100046f4:	4565      	cmp	r5, ip
100046f6:	dc0b      	bgt.n	10004710 <stdio_out_chars_crlf+0x54>
100046f8:	eb08 0305 	add.w	r3, r8, r5
100046fc:	f813 3c01 	ldrb.w	r3, [r3, #-1]
10004700:	f1a3 030d 	sub.w	r3, r3, #13
10004704:	fab3 f383 	clz	r3, r3
10004708:	095b      	lsrs	r3, r3, #5
1000470a:	753b      	strb	r3, [r7, #20]
1000470c:	e8bd 81f0 	ldmia.w	sp!, {r4, r5, r6, r7, r8, pc}
10004710:	683b      	ldr	r3, [r7, #0]
10004712:	eba5 010c 	sub.w	r1, r5, ip
10004716:	eb08 000c 	add.w	r0, r8, ip
1000471a:	4798      	blx	r3
1000471c:	e7ec      	b.n	100046f8 <stdio_out_chars_crlf+0x3c>
1000471e:	7d03      	ldrb	r3, [r0, #20]
10004720:	2b00      	cmp	r3, #0
10004722:	d1d8      	bne.n	100046d6 <stdio_out_chars_crlf+0x1a>
10004724:	6803      	ldr	r3, [r0, #0]
10004726:	2102      	movs	r1, #2
10004728:	480f      	ldr	r0, [pc, #60]	@ (10004768 <stdio_out_chars_crlf+0xac>)
1000472a:	4798      	blx	r3
1000472c:	2d01      	cmp	r5, #1
1000472e:	d0e3      	beq.n	100046f8 <stdio_out_chars_crlf+0x3c>
10004730:	f04f 0c01 	mov.w	ip, #1
10004734:	e7d3      	b.n	100046de <stdio_out_chars_crlf+0x22>
10004736:	f816 3c01 	ldrb.w	r3, [r6, #-1]
1000473a:	2b0d      	cmp	r3, #13
1000473c:	d0d8      	beq.n	100046f0 <stdio_out_chars_crlf+0x34>
1000473e:	458c      	cmp	ip, r1
10004740:	eb08 000c 	add.w	r0, r8, ip
10004744:	eba1 010c 	sub.w	r1, r1, ip
10004748:	da01      	bge.n	1000474e <stdio_out_chars_crlf+0x92>
1000474a:	683b      	ldr	r3, [r7, #0]
1000474c:	4798      	blx	r3
1000474e:	2102      	movs	r1, #2
10004750:	4805      	ldr	r0, [pc, #20]	@ (10004768 <stdio_out_chars_crlf+0xac>)
10004752:	683b      	ldr	r3, [r7, #0]
10004754:	4798      	blx	r3
10004756:	46a4      	mov	ip, r4
10004758:	e7ca      	b.n	100046f0 <stdio_out_chars_crlf+0x34>
1000475a:	4629      	mov	r1, r5
1000475c:	4640      	mov	r0, r8
1000475e:	683b      	ldr	r3, [r7, #0]
10004760:	e8bd 41f0 	ldmia.w	sp!, {r4, r5, r6, r7, r8, lr}
10004764:	4718      	bx	r3
10004766:	bf00      	nop
10004768:	100080b0 	.word	0x100080b0

1000476c <stdio_buffered_printer>:
1000476c:	680b      	ldr	r3, [r1, #0]
1000476e:	e92d 41f0 	stmdb	sp!, {r4, r5, r6, r7, r8, lr}
10004772:	2b80      	cmp	r3, #128	@ 0x80
10004774:	460d      	mov	r5, r1
10004776:	4606      	mov	r6, r0
10004778:	d005      	beq.n	10004786 <stdio_buffered_printer+0x1a>
1000477a:	1c5a      	adds	r2, r3, #1
1000477c:	442b      	add	r3, r5
1000477e:	602a      	str	r2, [r5, #0]
10004780:	711e      	strb	r6, [r3, #4]
10004782:	e8bd 81f0 	ldmia.w	sp!, {r4, r5, r6, r7, r8, pc}
10004786:	4b0f      	ldr	r3, [pc, #60]	@ (100047c4 <stdio_buffered_printer+0x58>)
10004788:	681c      	ldr	r4, [r3, #0]
1000478a:	b1a4      	cbz	r4, 100047b6 <stdio_buffered_printer+0x4a>
1000478c:	4f0e      	ldr	r7, [pc, #56]	@ (100047c8 <stdio_buffered_printer+0x5c>)
1000478e:	f101 0804 	add.w	r8, r1, #4
10004792:	e001      	b.n	10004798 <stdio_buffered_printer+0x2c>
10004794:	6924      	ldr	r4, [r4, #16]
10004796:	b174      	cbz	r4, 100047b6 <stdio_buffered_printer+0x4a>
10004798:	6823      	ldr	r3, [r4, #0]
1000479a:	2b00      	cmp	r3, #0
1000479c:	d0fa      	beq.n	10004794 <stdio_buffered_printer+0x28>
1000479e:	683b      	ldr	r3, [r7, #0]
100047a0:	b10b      	cbz	r3, 100047a6 <stdio_buffered_printer+0x3a>
100047a2:	42a3      	cmp	r3, r4
100047a4:	d1f6      	bne.n	10004794 <stdio_buffered_printer+0x28>
100047a6:	4620      	mov	r0, r4
100047a8:	4641      	mov	r1, r8
100047aa:	682a      	ldr	r2, [r5, #0]
100047ac:	f7ff ff86 	bl	100046bc <stdio_out_chars_crlf>
100047b0:	6924      	ldr	r4, [r4, #16]
100047b2:	2c00      	cmp	r4, #0
100047b4:	d1f0      	bne.n	10004798 <stdio_buffered_printer+0x2c>
100047b6:	2300      	movs	r3, #0
100047b8:	2201      	movs	r2, #1
100047ba:	442b      	add	r3, r5
100047bc:	602a      	str	r2, [r5, #0]
100047be:	711e      	strb	r6, [r3, #4]
100047c0:	e8bd 81f0 	ldmia.w	sp!, {r4, r5, r6, r7, r8, pc}
100047c4:	200020a8 	.word	0x200020a8
100047c8:	200020b0 	.word	0x200020b0

100047cc <stdio_put_string>:
100047cc:	e92d 47f0 	stmdb	sp!, {r4, r5, r6, r7, r8, r9, sl, lr}
100047d0:	b082      	sub	sp, #8
100047d2:	460d      	mov	r5, r1
100047d4:	4691      	mov	r9, r2
100047d6:	461c      	mov	r4, r3
100047d8:	4606      	mov	r6, r0
100047da:	f7fd fe9d 	bl	10002518 <time_us_64>
100047de:	f04f 3cff 	mov.w	ip, #4294967295
100047e2:	f06f 4700 	mvn.w	r7, #2147483648	@ 0x80000000
100047e6:	4a2e      	ldr	r2, [pc, #184]	@ (100048a0 <stdio_put_string+0xd4>)
100047e8:	1882      	adds	r2, r0, r2
100047ea:	f141 0300 	adc.w	r3, r1, #0
100047ee:	4594      	cmp	ip, r2
100047f0:	eb77 0103 	sbcs.w	r1, r7, r3
100047f4:	bf3c      	itt	cc
100047f6:	4662      	movcc	r2, ip
100047f8:	463b      	movcc	r3, r7
100047fa:	482a      	ldr	r0, [pc, #168]	@ (100048a4 <stdio_put_string+0xd8>)
100047fc:	f002 fee8 	bl	100075d0 <__mutex_try_enter_block_until_veneer>
10004800:	1c6b      	adds	r3, r5, #1
10004802:	4680      	mov	r8, r0
10004804:	d040      	beq.n	10004888 <stdio_put_string+0xbc>
10004806:	b30c      	cbz	r4, 1000484c <stdio_put_string+0x80>
10004808:	4f27      	ldr	r7, [pc, #156]	@ (100048a8 <stdio_put_string+0xdc>)
1000480a:	4b28      	ldr	r3, [pc, #160]	@ (100048ac <stdio_put_string+0xe0>)
1000480c:	681c      	ldr	r4, [r3, #0]
1000480e:	b1b4      	cbz	r4, 1000483e <stdio_put_string+0x72>
10004810:	f1b9 0f00 	cmp.w	r9, #0
10004814:	d11c      	bne.n	10004850 <stdio_put_string+0x84>
10004816:	f8df 909c 	ldr.w	r9, [pc, #156]	@ 100048b4 <stdio_put_string+0xe8>
1000481a:	e001      	b.n	10004820 <stdio_put_string+0x54>
1000481c:	6924      	ldr	r4, [r4, #16]
1000481e:	b174      	cbz	r4, 1000483e <stdio_put_string+0x72>
10004820:	6823      	ldr	r3, [r4, #0]
10004822:	2b00      	cmp	r3, #0
10004824:	d0fa      	beq.n	1000481c <stdio_put_string+0x50>
10004826:	f8d9 3000 	ldr.w	r3, [r9]
1000482a:	b10b      	cbz	r3, 10004830 <stdio_put_string+0x64>
1000482c:	429c      	cmp	r4, r3
1000482e:	d1f5      	bne.n	1000481c <stdio_put_string+0x50>
10004830:	4620      	mov	r0, r4
10004832:	462a      	mov	r2, r5
10004834:	4631      	mov	r1, r6
10004836:	47b8      	blx	r7
10004838:	6924      	ldr	r4, [r4, #16]
1000483a:	2c00      	cmp	r4, #0
1000483c:	d1f0      	bne.n	10004820 <stdio_put_string+0x54>
1000483e:	f1b8 0f00 	cmp.w	r8, #0
10004842:	d126      	bne.n	10004892 <stdio_put_string+0xc6>
10004844:	4628      	mov	r0, r5
10004846:	b002      	add	sp, #8
10004848:	e8bd 87f0 	ldmia.w	sp!, {r4, r5, r6, r7, r8, r9, sl, pc}
1000484c:	4f18      	ldr	r7, [pc, #96]	@ (100048b0 <stdio_put_string+0xe4>)
1000484e:	e7dc      	b.n	1000480a <stdio_put_string+0x3e>
10004850:	f04f 0a0a 	mov.w	sl, #10
10004854:	f8df 905c 	ldr.w	r9, [pc, #92]	@ 100048b4 <stdio_put_string+0xe8>
10004858:	e002      	b.n	10004860 <stdio_put_string+0x94>
1000485a:	6924      	ldr	r4, [r4, #16]
1000485c:	2c00      	cmp	r4, #0
1000485e:	d0ee      	beq.n	1000483e <stdio_put_string+0x72>
10004860:	6823      	ldr	r3, [r4, #0]
10004862:	2b00      	cmp	r3, #0
10004864:	d0f9      	beq.n	1000485a <stdio_put_string+0x8e>
10004866:	f8d9 3000 	ldr.w	r3, [r9]
1000486a:	b10b      	cbz	r3, 10004870 <stdio_put_string+0xa4>
1000486c:	42a3      	cmp	r3, r4
1000486e:	d1f4      	bne.n	1000485a <stdio_put_string+0x8e>
10004870:	462a      	mov	r2, r5
10004872:	4631      	mov	r1, r6
10004874:	4620      	mov	r0, r4
10004876:	47b8      	blx	r7
10004878:	2201      	movs	r2, #1
1000487a:	4620      	mov	r0, r4
1000487c:	f10d 0107 	add.w	r1, sp, #7
10004880:	f88d a007 	strb.w	sl, [sp, #7]
10004884:	47b8      	blx	r7
10004886:	e7e8      	b.n	1000485a <stdio_put_string+0x8e>
10004888:	4630      	mov	r0, r6
1000488a:	f002 fe51 	bl	10007530 <strlen>
1000488e:	4605      	mov	r5, r0
10004890:	e7b9      	b.n	10004806 <stdio_put_string+0x3a>
10004892:	4804      	ldr	r0, [pc, #16]	@ (100048a4 <stdio_put_string+0xd8>)
10004894:	f002 fe90 	bl	100075b8 <__mutex_exit_veneer>
10004898:	4628      	mov	r0, r5
1000489a:	b002      	add	sp, #8
1000489c:	e8bd 87f0 	ldmia.w	sp!, {r4, r5, r6, r7, r8, r9, sl, pc}
100048a0:	000f4240 	.word	0x000f4240
100048a4:	200017c8 	.word	0x200017c8
100048a8:	100046bd 	.word	0x100046bd
100048ac:	200020a8 	.word	0x200020a8
100048b0:	100046b5 	.word	0x100046b5
100048b4:	200020b0 	.word	0x200020b0

100048b8 <stdio_set_driver_enabled>:
100048b8:	4a08      	ldr	r2, [pc, #32]	@ (100048dc <stdio_set_driver_enabled+0x24>)
100048ba:	6813      	ldr	r3, [r2, #0]
100048bc:	b923      	cbnz	r3, 100048c8 <stdio_set_driver_enabled+0x10>
100048be:	e00a      	b.n	100048d6 <stdio_set_driver_enabled+0x1e>
100048c0:	f103 0210 	add.w	r2, r3, #16
100048c4:	691b      	ldr	r3, [r3, #16]
100048c6:	b133      	cbz	r3, 100048d6 <stdio_set_driver_enabled+0x1e>
100048c8:	4283      	cmp	r3, r0
100048ca:	d1f9      	bne.n	100048c0 <stdio_set_driver_enabled+0x8>
100048cc:	b929      	cbnz	r1, 100048da <stdio_set_driver_enabled+0x22>
100048ce:	6918      	ldr	r0, [r3, #16]
100048d0:	6010      	str	r0, [r2, #0]
100048d2:	6119      	str	r1, [r3, #16]
100048d4:	4770      	bx	lr
100048d6:	b101      	cbz	r1, 100048da <stdio_set_driver_enabled+0x22>
100048d8:	6010      	str	r0, [r2, #0]
100048da:	4770      	bx	lr
100048dc:	200020a8 	.word	0x200020a8

100048e0 <stdio_init_all>:
100048e0:	f000 bb5c 	b.w	10004f9c <stdio_usb_init>

100048e4 <stdio_getchar_timeout_us>:
100048e4:	e92d 41f0 	stmdb	sp!, {r4, r5, r6, r7, r8, lr}
100048e8:	b082      	sub	sp, #8
100048ea:	4606      	mov	r6, r0
100048ec:	f7fd fe14 	bl	10002518 <time_us_64>
100048f0:	f04f 32ff 	mov.w	r2, #4294967295
100048f4:	f06f 4300 	mvn.w	r3, #2147483648	@ 0x80000000
100048f8:	1836      	adds	r6, r6, r0
100048fa:	f141 0700 	adc.w	r7, r1, #0
100048fe:	42b2      	cmp	r2, r6
10004900:	eb73 0107 	sbcs.w	r1, r3, r7
10004904:	bf3c      	itt	cc
10004906:	4616      	movcc	r6, r2
10004908:	461f      	movcc	r7, r3
1000490a:	f8df 8060 	ldr.w	r8, [pc, #96]	@ 1000496c <stdio_getchar_timeout_us+0x88>
1000490e:	4d15      	ldr	r5, [pc, #84]	@ (10004964 <stdio_getchar_timeout_us+0x80>)
10004910:	f8d8 4000 	ldr.w	r4, [r8]
10004914:	b914      	cbnz	r4, 1000491c <stdio_getchar_timeout_us+0x38>
10004916:	e012      	b.n	1000493e <stdio_getchar_timeout_us+0x5a>
10004918:	6924      	ldr	r4, [r4, #16]
1000491a:	b184      	cbz	r4, 1000493e <stdio_getchar_timeout_us+0x5a>
1000491c:	682b      	ldr	r3, [r5, #0]
1000491e:	b10b      	cbz	r3, 10004924 <stdio_getchar_timeout_us+0x40>
10004920:	429c      	cmp	r4, r3
10004922:	d1f9      	bne.n	10004918 <stdio_getchar_timeout_us+0x34>
10004924:	68a3      	ldr	r3, [r4, #8]
10004926:	2b00      	cmp	r3, #0
10004928:	d0f6      	beq.n	10004918 <stdio_getchar_timeout_us+0x34>
1000492a:	2101      	movs	r1, #1
1000492c:	a801      	add	r0, sp, #4
1000492e:	4798      	blx	r3
10004930:	2800      	cmp	r0, #0
10004932:	ddf1      	ble.n	10004918 <stdio_getchar_timeout_us+0x34>
10004934:	f89d 0004 	ldrb.w	r0, [sp, #4]
10004938:	b002      	add	sp, #8
1000493a:	e8bd 81f0 	ldmia.w	sp!, {r4, r5, r6, r7, r8, pc}
1000493e:	4b0a      	ldr	r3, [pc, #40]	@ (10004968 <stdio_getchar_timeout_us+0x84>)
10004940:	6a5a      	ldr	r2, [r3, #36]	@ 0x24
10004942:	4297      	cmp	r7, r2
10004944:	d809      	bhi.n	1000495a <stdio_getchar_timeout_us+0x76>
10004946:	6a9b      	ldr	r3, [r3, #40]	@ 0x28
10004948:	42b3      	cmp	r3, r6
1000494a:	d304      	bcc.n	10004956 <stdio_getchar_timeout_us+0x72>
1000494c:	f06f 0001 	mvn.w	r0, #1
10004950:	b002      	add	sp, #8
10004952:	e8bd 81f0 	ldmia.w	sp!, {r4, r5, r6, r7, r8, pc}
10004956:	4297      	cmp	r7, r2
10004958:	d1f8      	bne.n	1000494c <stdio_getchar_timeout_us+0x68>
1000495a:	2001      	movs	r0, #1
1000495c:	2100      	movs	r1, #0
1000495e:	f7fd fde5 	bl	1000252c <busy_wait_us>
10004962:	e7d5      	b.n	10004910 <stdio_getchar_timeout_us+0x2c>
10004964:	200020b0 	.word	0x200020b0
10004968:	400b0000 	.word	0x400b0000
1000496c:	200020a8 	.word	0x200020a8

10004970 <__wrap_getchar>:
10004970:	b5f0      	push	{r4, r5, r6, r7, lr}
10004972:	4b17      	ldr	r3, [pc, #92]	@ (100049d0 <__wrap_getchar+0x60>)
10004974:	b085      	sub	sp, #20
10004976:	681a      	ldr	r2, [r3, #0]
10004978:	4e16      	ldr	r6, [pc, #88]	@ (100049d4 <__wrap_getchar+0x64>)
1000497a:	685f      	ldr	r7, [r3, #4]
1000497c:	4d16      	ldr	r5, [pc, #88]	@ (100049d8 <__wrap_getchar+0x68>)
1000497e:	9201      	str	r2, [sp, #4]
10004980:	6834      	ldr	r4, [r6, #0]
10004982:	b914      	cbnz	r4, 1000498a <__wrap_getchar+0x1a>
10004984:	e011      	b.n	100049aa <__wrap_getchar+0x3a>
10004986:	6924      	ldr	r4, [r4, #16]
10004988:	b17c      	cbz	r4, 100049aa <__wrap_getchar+0x3a>
1000498a:	682b      	ldr	r3, [r5, #0]
1000498c:	b10b      	cbz	r3, 10004992 <__wrap_getchar+0x22>
1000498e:	429c      	cmp	r4, r3
10004990:	d1f9      	bne.n	10004986 <__wrap_getchar+0x16>
10004992:	68a3      	ldr	r3, [r4, #8]
10004994:	2b00      	cmp	r3, #0
10004996:	d0f6      	beq.n	10004986 <__wrap_getchar+0x16>
10004998:	2101      	movs	r1, #1
1000499a:	a803      	add	r0, sp, #12
1000499c:	4798      	blx	r3
1000499e:	2800      	cmp	r0, #0
100049a0:	ddf1      	ble.n	10004986 <__wrap_getchar+0x16>
100049a2:	f89d 000c 	ldrb.w	r0, [sp, #12]
100049a6:	b005      	add	sp, #20
100049a8:	bdf0      	pop	{r4, r5, r6, r7, pc}
100049aa:	4b0c      	ldr	r3, [pc, #48]	@ (100049dc <__wrap_getchar+0x6c>)
100049ac:	6a5a      	ldr	r2, [r3, #36]	@ 0x24
100049ae:	4297      	cmp	r7, r2
100049b0:	d809      	bhi.n	100049c6 <__wrap_getchar+0x56>
100049b2:	6a9b      	ldr	r3, [r3, #40]	@ 0x28
100049b4:	9901      	ldr	r1, [sp, #4]
100049b6:	428b      	cmp	r3, r1
100049b8:	d303      	bcc.n	100049c2 <__wrap_getchar+0x52>
100049ba:	f06f 0001 	mvn.w	r0, #1
100049be:	b005      	add	sp, #20
100049c0:	bdf0      	pop	{r4, r5, r6, r7, pc}
100049c2:	4297      	cmp	r7, r2
100049c4:	d1f9      	bne.n	100049ba <__wrap_getchar+0x4a>
100049c6:	2001      	movs	r0, #1
100049c8:	2100      	movs	r1, #0
100049ca:	f7fd fdaf 	bl	1000252c <busy_wait_us>
100049ce:	e7d7      	b.n	10004980 <__wrap_getchar+0x10>
100049d0:	10008000 	.word	0x10008000
100049d4:	200020a8 	.word	0x200020a8
100049d8:	200020b0 	.word	0x200020b0
100049dc:	400b0000 	.word	0x400b0000

100049e0 <__wrap_putchar>:
100049e0:	b5f0      	push	{r4, r5, r6, r7, lr}
100049e2:	b083      	sub	sp, #12
100049e4:	4606      	mov	r6, r0
100049e6:	f88d 0007 	strb.w	r0, [sp, #7]
100049ea:	f7fd fd95 	bl	10002518 <time_us_64>
100049ee:	f04f 35ff 	mov.w	r5, #4294967295
100049f2:	f06f 4400 	mvn.w	r4, #2147483648	@ 0x80000000
100049f6:	4a17      	ldr	r2, [pc, #92]	@ (10004a54 <__wrap_putchar+0x74>)
100049f8:	1882      	adds	r2, r0, r2
100049fa:	f141 0300 	adc.w	r3, r1, #0
100049fe:	4295      	cmp	r5, r2
10004a00:	eb74 0103 	sbcs.w	r1, r4, r3
10004a04:	bf3c      	itt	cc
10004a06:	4623      	movcc	r3, r4
10004a08:	462a      	movcc	r2, r5
10004a0a:	4813      	ldr	r0, [pc, #76]	@ (10004a58 <__wrap_putchar+0x78>)
10004a0c:	f002 fde0 	bl	100075d0 <__mutex_try_enter_block_until_veneer>
10004a10:	4b12      	ldr	r3, [pc, #72]	@ (10004a5c <__wrap_putchar+0x7c>)
10004a12:	4607      	mov	r7, r0
10004a14:	681c      	ldr	r4, [r3, #0]
10004a16:	b19c      	cbz	r4, 10004a40 <__wrap_putchar+0x60>
10004a18:	4d11      	ldr	r5, [pc, #68]	@ (10004a60 <__wrap_putchar+0x80>)
10004a1a:	e001      	b.n	10004a20 <__wrap_putchar+0x40>
10004a1c:	6924      	ldr	r4, [r4, #16]
10004a1e:	b17c      	cbz	r4, 10004a40 <__wrap_putchar+0x60>
10004a20:	6823      	ldr	r3, [r4, #0]
10004a22:	2b00      	cmp	r3, #0
10004a24:	d0fa      	beq.n	10004a1c <__wrap_putchar+0x3c>
10004a26:	682b      	ldr	r3, [r5, #0]
10004a28:	b10b      	cbz	r3, 10004a2e <__wrap_putchar+0x4e>
10004a2a:	429c      	cmp	r4, r3
10004a2c:	d1f6      	bne.n	10004a1c <__wrap_putchar+0x3c>
10004a2e:	4620      	mov	r0, r4
10004a30:	2201      	movs	r2, #1
10004a32:	f10d 0107 	add.w	r1, sp, #7
10004a36:	f7ff fe41 	bl	100046bc <stdio_out_chars_crlf>
10004a3a:	6924      	ldr	r4, [r4, #16]
10004a3c:	2c00      	cmp	r4, #0
10004a3e:	d1ef      	bne.n	10004a20 <__wrap_putchar+0x40>
10004a40:	b917      	cbnz	r7, 10004a48 <__wrap_putchar+0x68>
10004a42:	4630      	mov	r0, r6
10004a44:	b003      	add	sp, #12
10004a46:	bdf0      	pop	{r4, r5, r6, r7, pc}
10004a48:	4803      	ldr	r0, [pc, #12]	@ (10004a58 <__wrap_putchar+0x78>)
10004a4a:	f002 fdb5 	bl	100075b8 <__mutex_exit_veneer>
10004a4e:	4630      	mov	r0, r6
10004a50:	b003      	add	sp, #12
10004a52:	bdf0      	pop	{r4, r5, r6, r7, pc}
10004a54:	000f4240 	.word	0x000f4240
10004a58:	200017c8 	.word	0x200017c8
10004a5c:	200020a8 	.word	0x200020a8
10004a60:	200020b0 	.word	0x200020b0

10004a64 <__wrap_puts>:
10004a64:	b538      	push	{r3, r4, r5, lr}
10004a66:	4604      	mov	r4, r0
10004a68:	f002 fd62 	bl	10007530 <strlen>
10004a6c:	2301      	movs	r3, #1
10004a6e:	4605      	mov	r5, r0
10004a70:	461a      	mov	r2, r3
10004a72:	4620      	mov	r0, r4
10004a74:	4629      	mov	r1, r5
10004a76:	f7ff fea9 	bl	100047cc <stdio_put_string>
10004a7a:	4b08      	ldr	r3, [pc, #32]	@ (10004a9c <__wrap_puts+0x38>)
10004a7c:	681c      	ldr	r4, [r3, #0]
10004a7e:	b12c      	cbz	r4, 10004a8c <__wrap_puts+0x28>
10004a80:	6863      	ldr	r3, [r4, #4]
10004a82:	b12b      	cbz	r3, 10004a90 <__wrap_puts+0x2c>
10004a84:	4798      	blx	r3
10004a86:	6924      	ldr	r4, [r4, #16]
10004a88:	2c00      	cmp	r4, #0
10004a8a:	d1f9      	bne.n	10004a80 <__wrap_puts+0x1c>
10004a8c:	4628      	mov	r0, r5
10004a8e:	bd38      	pop	{r3, r4, r5, pc}
10004a90:	6924      	ldr	r4, [r4, #16]
10004a92:	2c00      	cmp	r4, #0
10004a94:	d1f4      	bne.n	10004a80 <__wrap_puts+0x1c>
10004a96:	4628      	mov	r0, r5
10004a98:	bd38      	pop	{r3, r4, r5, pc}
10004a9a:	bf00      	nop
10004a9c:	200020a8 	.word	0x200020a8

10004aa0 <__wrap_vprintf>:
10004aa0:	e92d 41f0 	stmdb	sp!, {r4, r5, r6, r7, r8, lr}
10004aa4:	b0a2      	sub	sp, #136	@ 0x88
10004aa6:	4604      	mov	r4, r0
10004aa8:	460d      	mov	r5, r1
10004aaa:	f7fd fd35 	bl	10002518 <time_us_64>
10004aae:	f04f 37ff 	mov.w	r7, #4294967295
10004ab2:	f06f 4600 	mvn.w	r6, #2147483648	@ 0x80000000
10004ab6:	4a26      	ldr	r2, [pc, #152]	@ (10004b50 <__wrap_vprintf+0xb0>)
10004ab8:	f8df 80a4 	ldr.w	r8, [pc, #164]	@ 10004b60 <__wrap_vprintf+0xc0>
10004abc:	1882      	adds	r2, r0, r2
10004abe:	f141 0300 	adc.w	r3, r1, #0
10004ac2:	4297      	cmp	r7, r2
10004ac4:	eb76 0103 	sbcs.w	r1, r6, r3
10004ac8:	bf3c      	itt	cc
10004aca:	463a      	movcc	r2, r7
10004acc:	4633      	movcc	r3, r6
10004ace:	4821      	ldr	r0, [pc, #132]	@ (10004b54 <__wrap_vprintf+0xb4>)
10004ad0:	f002 fd7e 	bl	100075d0 <__mutex_try_enter_block_until_veneer>
10004ad4:	2700      	movs	r7, #0
10004ad6:	462b      	mov	r3, r5
10004ad8:	4622      	mov	r2, r4
10004ada:	4606      	mov	r6, r0
10004adc:	a901      	add	r1, sp, #4
10004ade:	481e      	ldr	r0, [pc, #120]	@ (10004b58 <__wrap_vprintf+0xb8>)
10004ae0:	9701      	str	r7, [sp, #4]
10004ae2:	f7ff fda3 	bl	1000462c <vfctprintf>
10004ae6:	9b01      	ldr	r3, [sp, #4]
10004ae8:	4605      	mov	r5, r0
10004aea:	f8d8 4000 	ldr.w	r4, [r8]
10004aee:	b1c3      	cbz	r3, 10004b22 <__wrap_vprintf+0x82>
10004af0:	2c00      	cmp	r4, #0
10004af2:	d02b      	beq.n	10004b4c <__wrap_vprintf+0xac>
10004af4:	4f19      	ldr	r7, [pc, #100]	@ (10004b5c <__wrap_vprintf+0xbc>)
10004af6:	e001      	b.n	10004afc <__wrap_vprintf+0x5c>
10004af8:	6924      	ldr	r4, [r4, #16]
10004afa:	b174      	cbz	r4, 10004b1a <__wrap_vprintf+0x7a>
10004afc:	6823      	ldr	r3, [r4, #0]
10004afe:	2b00      	cmp	r3, #0
10004b00:	d0fa      	beq.n	10004af8 <__wrap_vprintf+0x58>
10004b02:	683b      	ldr	r3, [r7, #0]
10004b04:	b10b      	cbz	r3, 10004b0a <__wrap_vprintf+0x6a>
10004b06:	42a3      	cmp	r3, r4
10004b08:	d1f6      	bne.n	10004af8 <__wrap_vprintf+0x58>
10004b0a:	4620      	mov	r0, r4
10004b0c:	9a01      	ldr	r2, [sp, #4]
10004b0e:	a902      	add	r1, sp, #8
10004b10:	f7ff fdd4 	bl	100046bc <stdio_out_chars_crlf>
10004b14:	6924      	ldr	r4, [r4, #16]
10004b16:	2c00      	cmp	r4, #0
10004b18:	d1f0      	bne.n	10004afc <__wrap_vprintf+0x5c>
10004b1a:	2300      	movs	r3, #0
10004b1c:	f8d8 4000 	ldr.w	r4, [r8]
10004b20:	9301      	str	r3, [sp, #4]
10004b22:	b12c      	cbz	r4, 10004b30 <__wrap_vprintf+0x90>
10004b24:	6863      	ldr	r3, [r4, #4]
10004b26:	b143      	cbz	r3, 10004b3a <__wrap_vprintf+0x9a>
10004b28:	4798      	blx	r3
10004b2a:	6924      	ldr	r4, [r4, #16]
10004b2c:	2c00      	cmp	r4, #0
10004b2e:	d1f9      	bne.n	10004b24 <__wrap_vprintf+0x84>
10004b30:	b92e      	cbnz	r6, 10004b3e <__wrap_vprintf+0x9e>
10004b32:	4628      	mov	r0, r5
10004b34:	b022      	add	sp, #136	@ 0x88
10004b36:	e8bd 81f0 	ldmia.w	sp!, {r4, r5, r6, r7, r8, pc}
10004b3a:	6924      	ldr	r4, [r4, #16]
10004b3c:	e7f1      	b.n	10004b22 <__wrap_vprintf+0x82>
10004b3e:	4805      	ldr	r0, [pc, #20]	@ (10004b54 <__wrap_vprintf+0xb4>)
10004b40:	f002 fd3a 	bl	100075b8 <__mutex_exit_veneer>
10004b44:	4628      	mov	r0, r5
10004b46:	b022      	add	sp, #136	@ 0x88
10004b48:	e8bd 81f0 	ldmia.w	sp!, {r4, r5, r6, r7, r8, pc}
10004b4c:	9401      	str	r4, [sp, #4]
10004b4e:	e7ef      	b.n	10004b30 <__wrap_vprintf+0x90>
10004b50:	000f4240 	.word	0x000f4240
10004b54:	200017c8 	.word	0x200017c8
10004b58:	1000476d 	.word	0x1000476d
10004b5c:	200020b0 	.word	0x200020b0
10004b60:	200020a8 	.word	0x200020a8

10004b64 <__wrap_printf>:
10004b64:	b40f      	push	{r0, r1, r2, r3}
10004b66:	b500      	push	{lr}
10004b68:	b083      	sub	sp, #12
10004b6a:	a904      	add	r1, sp, #16
10004b6c:	f851 0b04 	ldr.w	r0, [r1], #4
10004b70:	9101      	str	r1, [sp, #4]
10004b72:	f7ff ff95 	bl	10004aa0 <__wrap_vprintf>
10004b76:	b003      	add	sp, #12
10004b78:	f85d eb04 	ldr.w	lr, [sp], #4
10004b7c:	b004      	add	sp, #16
10004b7e:	4770      	bx	lr

10004b80 <resetd_init>:
10004b80:	4770      	bx	lr
10004b82:	bf00      	nop

10004b84 <resetd_reset>:
10004b84:	2200      	movs	r2, #0
10004b86:	4b01      	ldr	r3, [pc, #4]	@ (10004b8c <resetd_reset+0x8>)
10004b88:	701a      	strb	r2, [r3, #0]
10004b8a:	4770      	bx	lr
10004b8c:	20002529 	.word	0x20002529

10004b90 <resetd_open>:
10004b90:	794b      	ldrb	r3, [r1, #5]
10004b92:	2bff      	cmp	r3, #255	@ 0xff
10004b94:	d10b      	bne.n	10004bae <resetd_open+0x1e>
10004b96:	7988      	ldrb	r0, [r1, #6]
10004b98:	b948      	cbnz	r0, 10004bae <resetd_open+0x1e>
10004b9a:	79cb      	ldrb	r3, [r1, #7]
10004b9c:	2b01      	cmp	r3, #1
10004b9e:	d107      	bne.n	10004bb0 <resetd_open+0x20>
10004ba0:	2a08      	cmp	r2, #8
10004ba2:	d905      	bls.n	10004bb0 <resetd_open+0x20>
10004ba4:	4b03      	ldr	r3, [pc, #12]	@ (10004bb4 <resetd_open+0x24>)
10004ba6:	788a      	ldrb	r2, [r1, #2]
10004ba8:	2009      	movs	r0, #9
10004baa:	701a      	strb	r2, [r3, #0]
10004bac:	4770      	bx	lr
10004bae:	2000      	movs	r0, #0
10004bb0:	4770      	bx	lr
10004bb2:	bf00      	nop
10004bb4:	20002529 	.word	0x20002529

10004bb8 <resetd_xfer_cb>:
10004bb8:	2001      	movs	r0, #1
10004bba:	4770      	bx	lr

10004bbc <resetd_control_xfer_cb>:
10004bbc:	2901      	cmp	r1, #1
10004bbe:	d001      	beq.n	10004bc4 <resetd_control_xfer_cb+0x8>
10004bc0:	2001      	movs	r0, #1
10004bc2:	4770      	bx	lr
10004bc4:	b508      	push	{r3, lr}
10004bc6:	4b10      	ldr	r3, [pc, #64]	@ (10004c08 <resetd_control_xfer_cb+0x4c>)
10004bc8:	8891      	ldrh	r1, [r2, #4]
10004bca:	781b      	ldrb	r3, [r3, #0]
10004bcc:	4299      	cmp	r1, r3
10004bce:	d001      	beq.n	10004bd4 <resetd_control_xfer_cb+0x18>
10004bd0:	2000      	movs	r0, #0
10004bd2:	bd08      	pop	{r3, pc}
10004bd4:	7853      	ldrb	r3, [r2, #1]
10004bd6:	2b01      	cmp	r3, #1
10004bd8:	d008      	beq.n	10004bec <resetd_control_xfer_cb+0x30>
10004bda:	2b02      	cmp	r3, #2
10004bdc:	d1f8      	bne.n	10004bd0 <resetd_control_xfer_cb+0x14>
10004bde:	2100      	movs	r1, #0
10004be0:	2264      	movs	r2, #100	@ 0x64
10004be2:	4608      	mov	r0, r1
10004be4:	f7fd fd96 	bl	10002714 <watchdog_reboot>
10004be8:	2001      	movs	r0, #1
10004bea:	bd08      	pop	{r3, pc}
10004bec:	8851      	ldrh	r1, [r2, #2]
10004bee:	05cb      	lsls	r3, r1, #23
10004bf0:	bf48      	it	mi
10004bf2:	0a48      	lsrmi	r0, r1, #9
10004bf4:	f3c1 2240 	ubfx	r2, r1, #9, #1
10004bf8:	bf58      	it	pl
10004bfa:	f04f 30ff 	movpl.w	r0, #4294967295
10004bfe:	f001 017f 	and.w	r1, r1, #127	@ 0x7f
10004c02:	f7fd fe05 	bl	10002810 <rom_reset_usb_boot_extra>
10004c06:	bf00      	nop
10004c08:	20002529 	.word	0x20002529

10004c0c <tud_descriptor_bos_cb>:
10004c0c:	4800      	ldr	r0, [pc, #0]	@ (10004c10 <tud_descriptor_bos_cb+0x4>)
10004c0e:	4770      	bx	lr
10004c10:	1000817c 	.word	0x1000817c

10004c14 <tud_vendor_control_xfer_cb>:
10004c14:	2901      	cmp	r1, #1
10004c16:	d107      	bne.n	10004c28 <tud_vendor_control_xfer_cb+0x14>
10004c18:	7853      	ldrb	r3, [r2, #1]
10004c1a:	2b01      	cmp	r3, #1
10004c1c:	d102      	bne.n	10004c24 <tud_vendor_control_xfer_cb+0x10>
10004c1e:	8893      	ldrh	r3, [r2, #4]
10004c20:	2b07      	cmp	r3, #7
10004c22:	d003      	beq.n	10004c2c <tud_vendor_control_xfer_cb+0x18>
10004c24:	2000      	movs	r0, #0
10004c26:	4770      	bx	lr
10004c28:	2001      	movs	r0, #1
10004c2a:	4770      	bx	lr
10004c2c:	4611      	mov	r1, r2
10004c2e:	23a6      	movs	r3, #166	@ 0xa6
10004c30:	4a01      	ldr	r2, [pc, #4]	@ (10004c38 <tud_vendor_control_xfer_cb+0x24>)
10004c32:	f001 ba3d 	b.w	100060b0 <tud_control_xfer>
10004c36:	bf00      	nop
10004c38:	100080d4 	.word	0x100080d4

10004c3c <usbd_app_driver_get_cb>:
10004c3c:	4603      	mov	r3, r0
10004c3e:	2201      	movs	r2, #1
10004c40:	4801      	ldr	r0, [pc, #4]	@ (10004c48 <usbd_app_driver_get_cb+0xc>)
10004c42:	701a      	strb	r2, [r3, #0]
10004c44:	4770      	bx	lr
10004c46:	bf00      	nop
10004c48:	100080b4 	.word	0x100080b4

10004c4c <tud_cdc_line_coding_cb>:
10004c4c:	b508      	push	{r3, lr}
10004c4e:	680b      	ldr	r3, [r1, #0]
10004c50:	f5b3 6f96 	cmp.w	r3, #1200	@ 0x4b0
10004c54:	d000      	beq.n	10004c58 <tud_cdc_line_coding_cb+0xc>
10004c56:	bd08      	pop	{r3, pc}
10004c58:	2200      	movs	r2, #0
10004c5a:	f04f 30ff 	mov.w	r0, #4294967295
10004c5e:	4611      	mov	r1, r2
10004c60:	f7fd fdd6 	bl	10002810 <rom_reset_usb_boot_extra>

10004c64 <stdio_usb_set_chars_available_callback>:
10004c64:	4a02      	ldr	r2, [pc, #8]	@ (10004c70 <stdio_usb_set_chars_available_callback+0xc>)
10004c66:	4b03      	ldr	r3, [pc, #12]	@ (10004c74 <stdio_usb_set_chars_available_callback+0x10>)
10004c68:	6010      	str	r0, [r2, #0]
10004c6a:	6019      	str	r1, [r3, #0]
10004c6c:	4770      	bx	lr
10004c6e:	bf00      	nop
10004c70:	20002048 	.word	0x20002048
10004c74:	2000204c 	.word	0x2000204c

10004c78 <timer_task>:
10004c78:	4b18      	ldr	r3, [pc, #96]	@ (10004cdc <timer_task+0x64>)
10004c7a:	b570      	push	{r4, r5, r6, lr}
10004c7c:	681a      	ldr	r2, [r3, #0]
10004c7e:	2a00      	cmp	r2, #0
10004c80:	d028      	beq.n	10004cd4 <timer_task+0x5c>
10004c82:	f3ef 8110 	mrs	r1, PRIMASK
10004c86:	b672      	cpsid	i
10004c88:	e8d2 4fcf 	ldaexb	r4, [r2]
10004c8c:	2001      	movs	r0, #1
10004c8e:	2c00      	cmp	r4, #0
10004c90:	d1fa      	bne.n	10004c88 <timer_task+0x10>
10004c92:	e8c2 0f44 	strexb	r4, r0, [r2]
10004c96:	2c00      	cmp	r4, #0
10004c98:	d1f6      	bne.n	10004c88 <timer_task+0x10>
10004c9a:	f3bf 8f5f 	dmb	sy
10004c9e:	2200      	movs	r2, #0
10004ca0:	4c0f      	ldr	r4, [pc, #60]	@ (10004ce0 <timer_task+0x68>)
10004ca2:	6818      	ldr	r0, [r3, #0]
10004ca4:	6059      	str	r1, [r3, #4]
10004ca6:	7022      	strb	r2, [r4, #0]
10004ca8:	e8c0 2f8f 	stlb	r2, [r0]
10004cac:	f381 8810 	msr	PRIMASK, r1
10004cb0:	2400      	movs	r4, #0
10004cb2:	2500      	movs	r5, #0
10004cb4:	4e0b      	ldr	r6, [pc, #44]	@ (10004ce4 <timer_task+0x6c>)
10004cb6:	7830      	ldrb	r0, [r6, #0]
10004cb8:	f7fc fd9e 	bl	100017f8 <irq_is_enabled>
10004cbc:	b920      	cbnz	r0, 10004cc8 <timer_task+0x50>
10004cbe:	2400      	movs	r4, #0
10004cc0:	2500      	movs	r5, #0
10004cc2:	4620      	mov	r0, r4
10004cc4:	4629      	mov	r1, r5
10004cc6:	bd70      	pop	{r4, r5, r6, pc}
10004cc8:	7830      	ldrb	r0, [r6, #0]
10004cca:	f7fc fda5 	bl	10001818 <irq_set_pending>
10004cce:	4620      	mov	r0, r4
10004cd0:	4629      	mov	r1, r5
10004cd2:	bd70      	pop	{r4, r5, r6, pc}
10004cd4:	f44f 747a 	mov.w	r4, #1000	@ 0x3e8
10004cd8:	2500      	movs	r5, #0
10004cda:	e7eb      	b.n	10004cb4 <timer_task+0x3c>
10004cdc:	200024d8 	.word	0x200024d8
10004ce0:	2000252d 	.word	0x2000252d
10004ce4:	2000252c 	.word	0x2000252c

10004ce8 <usb_irq>:
10004ce8:	4b01      	ldr	r3, [pc, #4]	@ (10004cf0 <usb_irq+0x8>)
10004cea:	7818      	ldrb	r0, [r3, #0]
10004cec:	f7fc bd94 	b.w	10001818 <irq_set_pending>
10004cf0:	2000252c 	.word	0x2000252c

10004cf4 <stdio_usb_in_chars>:
10004cf4:	b538      	push	{r3, r4, r5, lr}
10004cf6:	4604      	mov	r4, r0
10004cf8:	2000      	movs	r0, #0
10004cfa:	460d      	mov	r5, r1
10004cfc:	f001 fb08 	bl	10006310 <tud_cdc_n_connected>
10004d00:	b3a8      	cbz	r0, 10004d6e <stdio_usb_in_chars+0x7a>
10004d02:	2000      	movs	r0, #0
10004d04:	f001 fb1a 	bl	1000633c <tud_cdc_n_available>
10004d08:	b388      	cbz	r0, 10004d6e <stdio_usb_in_chars+0x7a>
10004d0a:	f7fd fc05 	bl	10002518 <time_us_64>
10004d0e:	f04f 3eff 	mov.w	lr, #4294967295
10004d12:	f06f 4c00 	mvn.w	ip, #2147483648	@ 0x80000000
10004d16:	4a17      	ldr	r2, [pc, #92]	@ (10004d74 <stdio_usb_in_chars+0x80>)
10004d18:	1882      	adds	r2, r0, r2
10004d1a:	f141 0300 	adc.w	r3, r1, #0
10004d1e:	4596      	cmp	lr, r2
10004d20:	eb7c 0103 	sbcs.w	r1, ip, r3
10004d24:	bf3c      	itt	cc
10004d26:	4672      	movcc	r2, lr
10004d28:	4663      	movcc	r3, ip
10004d2a:	4813      	ldr	r0, [pc, #76]	@ (10004d78 <stdio_usb_in_chars+0x84>)
10004d2c:	f002 fc50 	bl	100075d0 <__mutex_try_enter_block_until_veneer>
10004d30:	b1e8      	cbz	r0, 10004d6e <stdio_usb_in_chars+0x7a>
10004d32:	2000      	movs	r0, #0
10004d34:	f001 faec 	bl	10006310 <tud_cdc_n_connected>
10004d38:	b958      	cbnz	r0, 10004d52 <stdio_usb_in_chars+0x5e>
10004d3a:	2100      	movs	r1, #0
10004d3c:	f04f 30ff 	mov.w	r0, #4294967295
10004d40:	f000 fd0e 	bl	10005760 <tud_task_ext>
10004d44:	f06f 0402 	mvn.w	r4, #2
10004d48:	480b      	ldr	r0, [pc, #44]	@ (10004d78 <stdio_usb_in_chars+0x84>)
10004d4a:	f002 fc35 	bl	100075b8 <__mutex_exit_veneer>
10004d4e:	4620      	mov	r0, r4
10004d50:	bd38      	pop	{r3, r4, r5, pc}
10004d52:	2000      	movs	r0, #0
10004d54:	f001 faf2 	bl	1000633c <tud_cdc_n_available>
10004d58:	2800      	cmp	r0, #0
10004d5a:	d0ee      	beq.n	10004d3a <stdio_usb_in_chars+0x46>
10004d5c:	4621      	mov	r1, r4
10004d5e:	462a      	mov	r2, r5
10004d60:	2000      	movs	r0, #0
10004d62:	f001 faf5 	bl	10006350 <tud_cdc_n_read>
10004d66:	4604      	mov	r4, r0
10004d68:	2800      	cmp	r0, #0
10004d6a:	d1ed      	bne.n	10004d48 <stdio_usb_in_chars+0x54>
10004d6c:	e7ea      	b.n	10004d44 <stdio_usb_in_chars+0x50>
10004d6e:	f06f 0402 	mvn.w	r4, #2
10004d72:	e7ec      	b.n	10004d4e <stdio_usb_in_chars+0x5a>
10004d74:	000f4240 	.word	0x000f4240
10004d78:	2000250c 	.word	0x2000250c

10004d7c <stdio_usb_out_flush>:
10004d7c:	b508      	push	{r3, lr}
10004d7e:	f7fd fbcb 	bl	10002518 <time_us_64>
10004d82:	f04f 3eff 	mov.w	lr, #4294967295
10004d86:	f06f 4c00 	mvn.w	ip, #2147483648	@ 0x80000000
10004d8a:	4a0f      	ldr	r2, [pc, #60]	@ (10004dc8 <stdio_usb_out_flush+0x4c>)
10004d8c:	1882      	adds	r2, r0, r2
10004d8e:	f141 0300 	adc.w	r3, r1, #0
10004d92:	4596      	cmp	lr, r2
10004d94:	eb7c 0103 	sbcs.w	r1, ip, r3
10004d98:	bf3c      	itt	cc
10004d9a:	4672      	movcc	r2, lr
10004d9c:	4663      	movcc	r3, ip
10004d9e:	480b      	ldr	r0, [pc, #44]	@ (10004dcc <stdio_usb_out_flush+0x50>)
10004da0:	f002 fc16 	bl	100075d0 <__mutex_try_enter_block_until_veneer>
10004da4:	b170      	cbz	r0, 10004dc4 <stdio_usb_out_flush+0x48>
10004da6:	f04f 30ff 	mov.w	r0, #4294967295
10004daa:	2100      	movs	r1, #0
10004dac:	f000 fcd8 	bl	10005760 <tud_task_ext>
10004db0:	2000      	movs	r0, #0
10004db2:	f001 fb15 	bl	100063e0 <tud_cdc_n_write_flush>
10004db6:	2800      	cmp	r0, #0
10004db8:	d1f5      	bne.n	10004da6 <stdio_usb_out_flush+0x2a>
10004dba:	e8bd 4008 	ldmia.w	sp!, {r3, lr}
10004dbe:	4803      	ldr	r0, [pc, #12]	@ (10004dcc <stdio_usb_out_flush+0x50>)
10004dc0:	f002 bbfa 	b.w	100075b8 <__mutex_exit_veneer>
10004dc4:	bd08      	pop	{r3, pc}
10004dc6:	bf00      	nop
10004dc8:	000f4240 	.word	0x000f4240
10004dcc:	2000250c 	.word	0x2000250c

10004dd0 <stdio_usb_out_chars>:
10004dd0:	e92d 43f8 	stmdb	sp!, {r3, r4, r5, r6, r7, r8, r9, lr}
10004dd4:	4680      	mov	r8, r0
10004dd6:	460f      	mov	r7, r1
10004dd8:	f7fd fb9e 	bl	10002518 <time_us_64>
10004ddc:	f04f 35ff 	mov.w	r5, #4294967295
10004de0:	f06f 4400 	mvn.w	r4, #2147483648	@ 0x80000000
10004de4:	4a33      	ldr	r2, [pc, #204]	@ (10004eb4 <stdio_usb_out_chars+0xe4>)
10004de6:	1882      	adds	r2, r0, r2
10004de8:	f141 0300 	adc.w	r3, r1, #0
10004dec:	4295      	cmp	r5, r2
10004dee:	eb74 0103 	sbcs.w	r1, r4, r3
10004df2:	bf3c      	itt	cc
10004df4:	462a      	movcc	r2, r5
10004df6:	4623      	movcc	r3, r4
10004df8:	482f      	ldr	r0, [pc, #188]	@ (10004eb8 <stdio_usb_out_chars+0xe8>)
10004dfa:	f002 fbe9 	bl	100075d0 <__mutex_try_enter_block_until_veneer>
10004dfe:	b908      	cbnz	r0, 10004e04 <stdio_usb_out_chars+0x34>
10004e00:	e8bd 83f8 	ldmia.w	sp!, {r3, r4, r5, r6, r7, r8, r9, pc}
10004e04:	2000      	movs	r0, #0
10004e06:	f001 fa83 	bl	10006310 <tud_cdc_n_connected>
10004e0a:	2800      	cmp	r0, #0
10004e0c:	d047      	beq.n	10004e9e <stdio_usb_out_chars+0xce>
10004e0e:	2f00      	cmp	r7, #0
10004e10:	dd40      	ble.n	10004e94 <stdio_usb_out_chars+0xc4>
10004e12:	2500      	movs	r5, #0
10004e14:	f8df 90a8 	ldr.w	r9, [pc, #168]	@ 10004ec0 <stdio_usb_out_chars+0xf0>
10004e18:	4e28      	ldr	r6, [pc, #160]	@ (10004ebc <stdio_usb_out_chars+0xec>)
10004e1a:	e013      	b.n	10004e44 <stdio_usb_out_chars+0x74>
10004e1c:	4622      	mov	r2, r4
10004e1e:	2000      	movs	r0, #0
10004e20:	f001 fb24 	bl	1000646c <tud_cdc_n_write>
10004e24:	2100      	movs	r1, #0
10004e26:	4604      	mov	r4, r0
10004e28:	f04f 30ff 	mov.w	r0, #4294967295
10004e2c:	f000 fc98 	bl	10005760 <tud_task_ext>
10004e30:	2000      	movs	r0, #0
10004e32:	f001 fad5 	bl	100063e0 <tud_cdc_n_write_flush>
10004e36:	f7fd fb6f 	bl	10002518 <time_us_64>
10004e3a:	e9c9 0100 	strd	r0, r1, [r9]
10004e3e:	4425      	add	r5, r4
10004e40:	42af      	cmp	r7, r5
10004e42:	dd27      	ble.n	10004e94 <stdio_usb_out_chars+0xc4>
10004e44:	2000      	movs	r0, #0
10004e46:	f001 fb31 	bl	100064ac <tud_cdc_n_write_available>
10004e4a:	1b7c      	subs	r4, r7, r5
10004e4c:	4284      	cmp	r4, r0
10004e4e:	bfa8      	it	ge
10004e50:	4604      	movge	r4, r0
10004e52:	eb08 0105 	add.w	r1, r8, r5
10004e56:	2c00      	cmp	r4, #0
10004e58:	d1e0      	bne.n	10004e1c <stdio_usb_out_chars+0x4c>
10004e5a:	4621      	mov	r1, r4
10004e5c:	f04f 30ff 	mov.w	r0, #4294967295
10004e60:	f000 fc7e 	bl	10005760 <tud_task_ext>
10004e64:	4620      	mov	r0, r4
10004e66:	f001 fabb 	bl	100063e0 <tud_cdc_n_write_flush>
10004e6a:	4620      	mov	r0, r4
10004e6c:	f001 fa50 	bl	10006310 <tud_cdc_n_connected>
10004e70:	b180      	cbz	r0, 10004e94 <stdio_usb_out_chars+0xc4>
10004e72:	4620      	mov	r0, r4
10004e74:	f001 fb1a 	bl	100064ac <tud_cdc_n_write_available>
10004e78:	2800      	cmp	r0, #0
10004e7a:	d1e1      	bne.n	10004e40 <stdio_usb_out_chars+0x70>
10004e7c:	f7fd fb4c 	bl	10002518 <time_us_64>
10004e80:	f8d9 3000 	ldr.w	r3, [r9]
10004e84:	f8d9 2004 	ldr.w	r2, [r9, #4]
10004e88:	199b      	adds	r3, r3, r6
10004e8a:	f142 0200 	adc.w	r2, r2, #0
10004e8e:	4283      	cmp	r3, r0
10004e90:	418a      	sbcs	r2, r1
10004e92:	d2d5      	bcs.n	10004e40 <stdio_usb_out_chars+0x70>
10004e94:	4808      	ldr	r0, [pc, #32]	@ (10004eb8 <stdio_usb_out_chars+0xe8>)
10004e96:	e8bd 43f8 	ldmia.w	sp!, {r3, r4, r5, r6, r7, r8, r9, lr}
10004e9a:	f002 bb8d 	b.w	100075b8 <__mutex_exit_veneer>
10004e9e:	2000      	movs	r0, #0
10004ea0:	2100      	movs	r1, #0
10004ea2:	4b07      	ldr	r3, [pc, #28]	@ (10004ec0 <stdio_usb_out_chars+0xf0>)
10004ea4:	e9c3 0100 	strd	r0, r1, [r3]
10004ea8:	e8bd 43f8 	ldmia.w	sp!, {r3, r4, r5, r6, r7, r8, r9, lr}
10004eac:	4802      	ldr	r0, [pc, #8]	@ (10004eb8 <stdio_usb_out_chars+0xe8>)
10004eae:	f002 bb83 	b.w	100075b8 <__mutex_exit_veneer>
10004eb2:	bf00      	nop
10004eb4:	000f4240 	.word	0x000f4240
10004eb8:	2000250c 	.word	0x2000250c
10004ebc:	0007a120 	.word	0x0007a120
10004ec0:	20001950 	.word	0x20001950

10004ec4 <low_priority_worker_irq>:
10004ec4:	b530      	push	{r4, r5, lr}
10004ec6:	2100      	movs	r1, #0
10004ec8:	b085      	sub	sp, #20
10004eca:	482e      	ldr	r0, [pc, #184]	@ (10004f84 <low_priority_worker_irq+0xc0>)
10004ecc:	f002 fb8c 	bl	100075e8 <__mutex_try_enter_veneer>
10004ed0:	b9f0      	cbnz	r0, 10004f10 <low_priority_worker_irq+0x4c>
10004ed2:	4b2d      	ldr	r3, [pc, #180]	@ (10004f88 <low_priority_worker_irq+0xc4>)
10004ed4:	681a      	ldr	r2, [r3, #0]
10004ed6:	b1ca      	cbz	r2, 10004f0c <low_priority_worker_irq+0x48>
10004ed8:	f3ef 8110 	mrs	r1, PRIMASK
10004edc:	b672      	cpsid	i
10004ede:	e8d2 5fcf 	ldaexb	r5, [r2]
10004ee2:	2401      	movs	r4, #1
10004ee4:	2d00      	cmp	r5, #0
10004ee6:	d1fa      	bne.n	10004ede <low_priority_worker_irq+0x1a>
10004ee8:	e8c2 4f45 	strexb	r5, r4, [r2]
10004eec:	2d00      	cmp	r5, #0
10004eee:	d1f6      	bne.n	10004ede <low_priority_worker_irq+0x1a>
10004ef0:	f3bf 8f5f 	dmb	sy
10004ef4:	4c25      	ldr	r4, [pc, #148]	@ (10004f8c <low_priority_worker_irq+0xc8>)
10004ef6:	681d      	ldr	r5, [r3, #0]
10004ef8:	7822      	ldrb	r2, [r4, #0]
10004efa:	6059      	str	r1, [r3, #4]
10004efc:	b2d3      	uxtb	r3, r2
10004efe:	2201      	movs	r2, #1
10004f00:	7022      	strb	r2, [r4, #0]
10004f02:	e8c5 0f8f 	stlb	r0, [r5]
10004f06:	f381 8810 	msr	PRIMASK, r1
10004f0a:	b1cb      	cbz	r3, 10004f40 <low_priority_worker_irq+0x7c>
10004f0c:	b005      	add	sp, #20
10004f0e:	bd30      	pop	{r4, r5, pc}
10004f10:	2100      	movs	r1, #0
10004f12:	f04f 30ff 	mov.w	r0, #4294967295
10004f16:	f000 fc23 	bl	10005760 <tud_task_ext>
10004f1a:	2000      	movs	r0, #0
10004f1c:	f001 fa0e 	bl	1000633c <tud_cdc_n_available>
10004f20:	4604      	mov	r4, r0
10004f22:	4818      	ldr	r0, [pc, #96]	@ (10004f84 <low_priority_worker_irq+0xc0>)
10004f24:	f002 fb48 	bl	100075b8 <__mutex_exit_veneer>
10004f28:	2c00      	cmp	r4, #0
10004f2a:	d0ef      	beq.n	10004f0c <low_priority_worker_irq+0x48>
10004f2c:	4b18      	ldr	r3, [pc, #96]	@ (10004f90 <low_priority_worker_irq+0xcc>)
10004f2e:	681b      	ldr	r3, [r3, #0]
10004f30:	2b00      	cmp	r3, #0
10004f32:	d0eb      	beq.n	10004f0c <low_priority_worker_irq+0x48>
10004f34:	4a17      	ldr	r2, [pc, #92]	@ (10004f94 <low_priority_worker_irq+0xd0>)
10004f36:	6810      	ldr	r0, [r2, #0]
10004f38:	b005      	add	sp, #20
10004f3a:	e8bd 4030 	ldmia.w	sp!, {r4, r5, lr}
10004f3e:	4718      	bx	r3
10004f40:	f7fd f882 	bl	10002048 <alarm_pool_get_default>
10004f44:	4604      	mov	r4, r0
10004f46:	f7fd fae7 	bl	10002518 <time_us_64>
10004f4a:	f04f 3cff 	mov.w	ip, #4294967295
10004f4e:	f06f 4500 	mvn.w	r5, #2147483648	@ 0x80000000
10004f52:	f510 727a 	adds.w	r2, r0, #1000	@ 0x3e8
10004f56:	f141 0300 	adc.w	r3, r1, #0
10004f5a:	4594      	cmp	ip, r2
10004f5c:	eb75 0103 	sbcs.w	r1, r5, r3
10004f60:	bf38      	it	cc
10004f62:	462b      	movcc	r3, r5
10004f64:	f04f 0100 	mov.w	r1, #0
10004f68:	f04f 0501 	mov.w	r5, #1
10004f6c:	4620      	mov	r0, r4
10004f6e:	4c0a      	ldr	r4, [pc, #40]	@ (10004f98 <low_priority_worker_irq+0xd4>)
10004f70:	bf38      	it	cc
10004f72:	4662      	movcc	r2, ip
10004f74:	e9cd 1501 	strd	r1, r5, [sp, #4]
10004f78:	9400      	str	r4, [sp, #0]
10004f7a:	f7fd f869 	bl	10002050 <alarm_pool_add_alarm_at>
10004f7e:	b005      	add	sp, #20
10004f80:	bd30      	pop	{r4, r5, pc}
10004f82:	bf00      	nop
10004f84:	2000250c 	.word	0x2000250c
10004f88:	200024d8 	.word	0x200024d8
10004f8c:	2000252d 	.word	0x2000252d
10004f90:	20002048 	.word	0x20002048
10004f94:	2000204c 	.word	0x2000204c
10004f98:	10004c79 	.word	0x10004c79

10004f9c <stdio_usb_init>:
10004f9c:	f04f 4350 	mov.w	r3, #3489660928	@ 0xd0000000
10004fa0:	b530      	push	{r4, r5, lr}
10004fa2:	b085      	sub	sp, #20
10004fa4:	681c      	ldr	r4, [r3, #0]
10004fa6:	f7fd f84f 	bl	10002048 <alarm_pool_get_default>
10004faa:	f7fd f963 	bl	10002274 <alarm_pool_core_num>
10004fae:	42a0      	cmp	r0, r4
10004fb0:	d002      	beq.n	10004fb8 <stdio_usb_init+0x1c>
10004fb2:	2000      	movs	r0, #0
10004fb4:	b005      	add	sp, #20
10004fb6:	bd30      	pop	{r4, r5, pc}
10004fb8:	2100      	movs	r1, #0
10004fba:	4b2a      	ldr	r3, [pc, #168]	@ (10005064 <stdio_usb_init+0xc8>)
10004fbc:	4608      	mov	r0, r1
10004fbe:	781b      	ldrb	r3, [r3, #0]
10004fc0:	f001 fd3c 	bl	10006a3c <tusb_rhport_init>
10004fc4:	4828      	ldr	r0, [pc, #160]	@ (10005068 <stdio_usb_init+0xcc>)
10004fc6:	6803      	ldr	r3, [r0, #0]
10004fc8:	2b00      	cmp	r3, #0
10004fca:	d047      	beq.n	1000505c <stdio_usb_init+0xc0>
10004fcc:	2001      	movs	r0, #1
10004fce:	f7fc fdc1 	bl	10001b54 <user_irq_claim_unused>
10004fd2:	4603      	mov	r3, r0
10004fd4:	4c25      	ldr	r4, [pc, #148]	@ (1000506c <stdio_usb_init+0xd0>)
10004fd6:	4926      	ldr	r1, [pc, #152]	@ (10005070 <stdio_usb_init+0xd4>)
10004fd8:	b2c0      	uxtb	r0, r0
10004fda:	7023      	strb	r3, [r4, #0]
10004fdc:	f7fc fc38 	bl	10001850 <irq_set_exclusive_handler>
10004fe0:	7820      	ldrb	r0, [r4, #0]
10004fe2:	2101      	movs	r1, #1
10004fe4:	f7fc fbf2 	bl	100017cc <irq_set_enabled>
10004fe8:	200e      	movs	r0, #14
10004fea:	f7fc fc21 	bl	10001830 <irq_has_shared_handler>
10004fee:	bb40      	cbnz	r0, 10005042 <stdio_usb_init+0xa6>
10004ff0:	4b20      	ldr	r3, [pc, #128]	@ (10005074 <stdio_usb_init+0xd8>)
10004ff2:	2501      	movs	r5, #1
10004ff4:	e9c3 0000 	strd	r0, r0, [r3]
10004ff8:	f7fd f826 	bl	10002048 <alarm_pool_get_default>
10004ffc:	4604      	mov	r4, r0
10004ffe:	f7fd fa8b 	bl	10002518 <time_us_64>
10005002:	f04f 3eff 	mov.w	lr, #4294967295
10005006:	f06f 4c00 	mvn.w	ip, #2147483648	@ 0x80000000
1000500a:	f510 727a 	adds.w	r2, r0, #1000	@ 0x3e8
1000500e:	f141 0300 	adc.w	r3, r1, #0
10005012:	4596      	cmp	lr, r2
10005014:	eb7c 0103 	sbcs.w	r1, ip, r3
10005018:	f04f 0100 	mov.w	r1, #0
1000501c:	4620      	mov	r0, r4
1000501e:	4c16      	ldr	r4, [pc, #88]	@ (10005078 <stdio_usb_init+0xdc>)
10005020:	bf3c      	itt	cc
10005022:	4672      	movcc	r2, lr
10005024:	4663      	movcc	r3, ip
10005026:	e9cd 1501 	strd	r1, r5, [sp, #4]
1000502a:	9400      	str	r4, [sp, #0]
1000502c:	f7fd f810 	bl	10002050 <alarm_pool_add_alarm_at>
10005030:	2800      	cmp	r0, #0
10005032:	dbbe      	blt.n	10004fb2 <stdio_usb_init+0x16>
10005034:	2101      	movs	r1, #1
10005036:	4811      	ldr	r0, [pc, #68]	@ (1000507c <stdio_usb_init+0xe0>)
10005038:	f7ff fc3e 	bl	100048b8 <stdio_set_driver_enabled>
1000503c:	2001      	movs	r0, #1
1000503e:	b005      	add	sp, #20
10005040:	bd30      	pop	{r4, r5, pc}
10005042:	2001      	movs	r0, #1
10005044:	f7fc fb7e 	bl	10001744 <spin_lock_claim_unused>
10005048:	4601      	mov	r1, r0
1000504a:	480a      	ldr	r0, [pc, #40]	@ (10005074 <stdio_usb_init+0xd8>)
1000504c:	f7fc fdde 	bl	10001c0c <critical_section_init_with_lock_num>
10005050:	2200      	movs	r2, #0
10005052:	200e      	movs	r0, #14
10005054:	490a      	ldr	r1, [pc, #40]	@ (10005080 <stdio_usb_init+0xe4>)
10005056:	f7fc fc2b 	bl	100018b0 <irq_add_shared_handler>
1000505a:	e7eb      	b.n	10005034 <stdio_usb_init+0x98>
1000505c:	f7fc fdba 	bl	10001bd4 <mutex_init>
10005060:	e7b4      	b.n	10004fcc <stdio_usb_init+0x30>
10005062:	bf00      	nop
10005064:	10008290 	.word	0x10008290
10005068:	2000250c 	.word	0x2000250c
1000506c:	2000252c 	.word	0x2000252c
10005070:	10004ec5 	.word	0x10004ec5
10005074:	200024d8 	.word	0x200024d8
10005078:	10004c79 	.word	0x10004c79
1000507c:	2000164c 	.word	0x2000164c
10005080:	10004ce9 	.word	0x10004ce9

10005084 <stdio_usb_connected>:
10005084:	2000      	movs	r0, #0
10005086:	f001 b943 	b.w	10006310 <tud_cdc_n_connected>
1000508a:	bf00      	nop

1000508c <tud_descriptor_device_cb>:
1000508c:	4800      	ldr	r0, [pc, #0]	@ (10005090 <tud_descriptor_device_cb+0x4>)
1000508e:	4770      	bx	lr
10005090:	10008218 	.word	0x10008218

10005094 <tud_descriptor_configuration_cb>:
10005094:	4800      	ldr	r0, [pc, #0]	@ (10005098 <tud_descriptor_configuration_cb+0x4>)
10005096:	4770      	bx	lr
10005098:	100081c4 	.word	0x100081c4

1000509c <tud_descriptor_string_cb>:
1000509c:	b538      	push	{r3, r4, r5, lr}
1000509e:	4b18      	ldr	r3, [pc, #96]	@ (10005100 <tud_descriptor_string_cb+0x64>)
100050a0:	4604      	mov	r4, r0
100050a2:	781a      	ldrb	r2, [r3, #0]
100050a4:	b30a      	cbz	r2, 100050ea <tud_descriptor_string_cb+0x4e>
100050a6:	b944      	cbnz	r4, 100050ba <tud_descriptor_string_cb+0x1e>
100050a8:	f240 4209 	movw	r2, #1033	@ 0x409
100050ac:	f44f 7341 	mov.w	r3, #772	@ 0x304
100050b0:	4d14      	ldr	r5, [pc, #80]	@ (10005104 <tud_descriptor_string_cb+0x68>)
100050b2:	806a      	strh	r2, [r5, #2]
100050b4:	4813      	ldr	r0, [pc, #76]	@ (10005104 <tud_descriptor_string_cb+0x68>)
100050b6:	802b      	strh	r3, [r5, #0]
100050b8:	bd38      	pop	{r3, r4, r5, pc}
100050ba:	2c05      	cmp	r4, #5
100050bc:	d81d      	bhi.n	100050fa <tud_descriptor_string_cb+0x5e>
100050be:	4b12      	ldr	r3, [pc, #72]	@ (10005108 <tud_descriptor_string_cb+0x6c>)
100050c0:	4d10      	ldr	r5, [pc, #64]	@ (10005104 <tud_descriptor_string_cb+0x68>)
100050c2:	f853 1024 	ldr.w	r1, [r3, r4, lsl #2]
100050c6:	4628      	mov	r0, r5
100050c8:	2300      	movs	r3, #0
100050ca:	3901      	subs	r1, #1
100050cc:	e003      	b.n	100050d6 <tud_descriptor_string_cb+0x3a>
100050ce:	2b13      	cmp	r3, #19
100050d0:	f820 2f02 	strh.w	r2, [r0, #2]!
100050d4:	d00e      	beq.n	100050f4 <tud_descriptor_string_cb+0x58>
100050d6:	f811 2f01 	ldrb.w	r2, [r1, #1]!
100050da:	3301      	adds	r3, #1
100050dc:	b2db      	uxtb	r3, r3
100050de:	2a00      	cmp	r2, #0
100050e0:	d1f5      	bne.n	100050ce <tud_descriptor_string_cb+0x32>
100050e2:	005b      	lsls	r3, r3, #1
100050e4:	f443 7340 	orr.w	r3, r3, #768	@ 0x300
100050e8:	e7e4      	b.n	100050b4 <tud_descriptor_string_cb+0x18>
100050ea:	2111      	movs	r1, #17
100050ec:	4618      	mov	r0, r3
100050ee:	f000 f825 	bl	1000513c <pico_get_unique_board_id_string>
100050f2:	e7d8      	b.n	100050a6 <tud_descriptor_string_cb+0xa>
100050f4:	f44f 734a 	mov.w	r3, #808	@ 0x328
100050f8:	e7dc      	b.n	100050b4 <tud_descriptor_string_cb+0x18>
100050fa:	2000      	movs	r0, #0
100050fc:	bd38      	pop	{r3, r4, r5, pc}
100050fe:	bf00      	nop
10005100:	20002514 	.word	0x20002514
10005104:	20002080 	.word	0x20002080
10005108:	100081ac 	.word	0x100081ac

1000510c <_retrieve_unique_id_on_boot>:
1000510c:	b500      	push	{lr}
1000510e:	f245 3047 	movw	r0, #21319	@ 0x5347
10005112:	b08b      	sub	sp, #44	@ 0x2c
10005114:	f7fd fb70 	bl	100027f8 <rom_func_lookup>
10005118:	2201      	movs	r2, #1
1000511a:	4603      	mov	r3, r0
1000511c:	2109      	movs	r1, #9
1000511e:	a801      	add	r0, sp, #4
10005120:	4798      	blx	r3
10005122:	e9dd 3203 	ldrd	r3, r2, [sp, #12]
10005126:	4904      	ldr	r1, [pc, #16]	@ (10005138 <_retrieve_unique_id_on_boot+0x2c>)
10005128:	ba12      	rev	r2, r2
1000512a:	ba1b      	rev	r3, r3
1000512c:	e9c1 2300 	strd	r2, r3, [r1]
10005130:	b00b      	add	sp, #44	@ 0x2c
10005132:	f85d fb04 	ldr.w	pc, [sp], #4
10005136:	bf00      	nop
10005138:	20002500 	.word	0x20002500

1000513c <pico_get_unique_board_id_string>:
1000513c:	2901      	cmp	r1, #1
1000513e:	f101 33ff 	add.w	r3, r1, #4294967295
10005142:	f000 80b3 	beq.w	100052ac <pico_get_unique_board_id_string+0x170>
10005146:	495d      	ldr	r1, [pc, #372]	@ (100052bc <pico_get_unique_board_id_string+0x180>)
10005148:	780a      	ldrb	r2, [r1, #0]
1000514a:	ea4f 1c12 	mov.w	ip, r2, lsr #4
1000514e:	2a9f      	cmp	r2, #159	@ 0x9f
10005150:	bf8c      	ite	hi
10005152:	f10c 0c37 	addhi.w	ip, ip, #55	@ 0x37
10005156:	f10c 0c30 	addls.w	ip, ip, #48	@ 0x30
1000515a:	2b01      	cmp	r3, #1
1000515c:	f880 c000 	strb.w	ip, [r0]
10005160:	f000 80a7 	beq.w	100052b2 <pico_get_unique_board_id_string+0x176>
10005164:	f002 020f 	and.w	r2, r2, #15
10005168:	2a09      	cmp	r2, #9
1000516a:	bf8c      	ite	hi
1000516c:	3237      	addhi	r2, #55	@ 0x37
1000516e:	3230      	addls	r2, #48	@ 0x30
10005170:	2b02      	cmp	r3, #2
10005172:	7042      	strb	r2, [r0, #1]
10005174:	f000 809d 	beq.w	100052b2 <pico_get_unique_board_id_string+0x176>
10005178:	784a      	ldrb	r2, [r1, #1]
1000517a:	ea4f 1c12 	mov.w	ip, r2, lsr #4
1000517e:	2a9f      	cmp	r2, #159	@ 0x9f
10005180:	bf8c      	ite	hi
10005182:	f10c 0c37 	addhi.w	ip, ip, #55	@ 0x37
10005186:	f10c 0c30 	addls.w	ip, ip, #48	@ 0x30
1000518a:	2b03      	cmp	r3, #3
1000518c:	f880 c002 	strb.w	ip, [r0, #2]
10005190:	f000 808f 	beq.w	100052b2 <pico_get_unique_board_id_string+0x176>
10005194:	f002 020f 	and.w	r2, r2, #15
10005198:	2a09      	cmp	r2, #9
1000519a:	bf8c      	ite	hi
1000519c:	3237      	addhi	r2, #55	@ 0x37
1000519e:	3230      	addls	r2, #48	@ 0x30
100051a0:	2b04      	cmp	r3, #4
100051a2:	70c2      	strb	r2, [r0, #3]
100051a4:	f000 8085 	beq.w	100052b2 <pico_get_unique_board_id_string+0x176>
100051a8:	788a      	ldrb	r2, [r1, #2]
100051aa:	ea4f 1c12 	mov.w	ip, r2, lsr #4
100051ae:	2a9f      	cmp	r2, #159	@ 0x9f
100051b0:	bf8c      	ite	hi
100051b2:	f10c 0c37 	addhi.w	ip, ip, #55	@ 0x37
100051b6:	f10c 0c30 	addls.w	ip, ip, #48	@ 0x30
100051ba:	2b05      	cmp	r3, #5
100051bc:	f880 c004 	strb.w	ip, [r0, #4]
100051c0:	d077      	beq.n	100052b2 <pico_get_unique_board_id_string+0x176>
100051c2:	f002 020f 	and.w	r2, r2, #15
100051c6:	2a09      	cmp	r2, #9
100051c8:	bf8c      	ite	hi
100051ca:	3237      	addhi	r2, #55	@ 0x37
100051cc:	3230      	addls	r2, #48	@ 0x30
100051ce:	2b06      	cmp	r3, #6
100051d0:	7142      	strb	r2, [r0, #5]
100051d2:	d06e      	beq.n	100052b2 <pico_get_unique_board_id_string+0x176>
100051d4:	78ca      	ldrb	r2, [r1, #3]
100051d6:	ea4f 1c12 	mov.w	ip, r2, lsr #4
100051da:	2a9f      	cmp	r2, #159	@ 0x9f
100051dc:	bf8c      	ite	hi
100051de:	f10c 0c37 	addhi.w	ip, ip, #55	@ 0x37
100051e2:	f10c 0c30 	addls.w	ip, ip, #48	@ 0x30
100051e6:	2b07      	cmp	r3, #7
100051e8:	f880 c006 	strb.w	ip, [r0, #6]
100051ec:	d061      	beq.n	100052b2 <pico_get_unique_board_id_string+0x176>
100051ee:	f002 020f 	and.w	r2, r2, #15
100051f2:	2a09      	cmp	r2, #9
100051f4:	bf8c      	ite	hi
100051f6:	3237      	addhi	r2, #55	@ 0x37
100051f8:	3230      	addls	r2, #48	@ 0x30
100051fa:	2b08      	cmp	r3, #8
100051fc:	71c2      	strb	r2, [r0, #7]
100051fe:	d058      	beq.n	100052b2 <pico_get_unique_board_id_string+0x176>
10005200:	790a      	ldrb	r2, [r1, #4]
10005202:	ea4f 1c12 	mov.w	ip, r2, lsr #4
10005206:	2a9f      	cmp	r2, #159	@ 0x9f
10005208:	bf8c      	ite	hi
1000520a:	f10c 0c37 	addhi.w	ip, ip, #55	@ 0x37
1000520e:	f10c 0c30 	addls.w	ip, ip, #48	@ 0x30
10005212:	2b09      	cmp	r3, #9
10005214:	f880 c008 	strb.w	ip, [r0, #8]
10005218:	d04b      	beq.n	100052b2 <pico_get_unique_board_id_string+0x176>
1000521a:	f002 020f 	and.w	r2, r2, #15
1000521e:	2a09      	cmp	r2, #9
10005220:	bf8c      	ite	hi
10005222:	3237      	addhi	r2, #55	@ 0x37
10005224:	3230      	addls	r2, #48	@ 0x30
10005226:	2b0a      	cmp	r3, #10
10005228:	7242      	strb	r2, [r0, #9]
1000522a:	d042      	beq.n	100052b2 <pico_get_unique_board_id_string+0x176>
1000522c:	794a      	ldrb	r2, [r1, #5]
1000522e:	ea4f 1c12 	mov.w	ip, r2, lsr #4
10005232:	2a9f      	cmp	r2, #159	@ 0x9f
10005234:	bf8c      	ite	hi
10005236:	f10c 0c37 	addhi.w	ip, ip, #55	@ 0x37
1000523a:	f10c 0c30 	addls.w	ip, ip, #48	@ 0x30
1000523e:	2b0b      	cmp	r3, #11
10005240:	f880 c00a 	strb.w	ip, [r0, #10]
10005244:	d035      	beq.n	100052b2 <pico_get_unique_board_id_string+0x176>
10005246:	f002 020f 	and.w	r2, r2, #15
1000524a:	2a09      	cmp	r2, #9
1000524c:	bf8c      	ite	hi
1000524e:	3237      	addhi	r2, #55	@ 0x37
10005250:	3230      	addls	r2, #48	@ 0x30
10005252:	2b0c      	cmp	r3, #12
10005254:	72c2      	strb	r2, [r0, #11]
10005256:	d02c      	beq.n	100052b2 <pico_get_unique_board_id_string+0x176>
10005258:	798a      	ldrb	r2, [r1, #6]
1000525a:	ea4f 1c12 	mov.w	ip, r2, lsr #4
1000525e:	2a9f      	cmp	r2, #159	@ 0x9f
10005260:	bf8c      	ite	hi
10005262:	f10c 0c37 	addhi.w	ip, ip, #55	@ 0x37
10005266:	f10c 0c30 	addls.w	ip, ip, #48	@ 0x30
1000526a:	2b0d      	cmp	r3, #13
1000526c:	f880 c00c 	strb.w	ip, [r0, #12]
10005270:	d01f      	beq.n	100052b2 <pico_get_unique_board_id_string+0x176>
10005272:	f002 020f 	and.w	r2, r2, #15
10005276:	2a09      	cmp	r2, #9
10005278:	bf8c      	ite	hi
1000527a:	3237      	addhi	r2, #55	@ 0x37
1000527c:	3230      	addls	r2, #48	@ 0x30
1000527e:	2b0e      	cmp	r3, #14
10005280:	7342      	strb	r2, [r0, #13]
10005282:	d016      	beq.n	100052b2 <pico_get_unique_board_id_string+0x176>
10005284:	79ca      	ldrb	r2, [r1, #7]
10005286:	0911      	lsrs	r1, r2, #4
10005288:	2a9f      	cmp	r2, #159	@ 0x9f
1000528a:	bf8c      	ite	hi
1000528c:	3137      	addhi	r1, #55	@ 0x37
1000528e:	3130      	addls	r1, #48	@ 0x30
10005290:	2b0f      	cmp	r3, #15
10005292:	7381      	strb	r1, [r0, #14]
10005294:	d00d      	beq.n	100052b2 <pico_get_unique_board_id_string+0x176>
10005296:	f002 020f 	and.w	r2, r2, #15
1000529a:	2a09      	cmp	r2, #9
1000529c:	bf94      	ite	ls
1000529e:	3230      	addls	r2, #48	@ 0x30
100052a0:	3237      	addhi	r2, #55	@ 0x37
100052a2:	2b10      	cmp	r3, #16
100052a4:	73c2      	strb	r2, [r0, #15]
100052a6:	bf18      	it	ne
100052a8:	3010      	addne	r0, #16
100052aa:	d002      	beq.n	100052b2 <pico_get_unique_board_id_string+0x176>
100052ac:	2300      	movs	r3, #0
100052ae:	7003      	strb	r3, [r0, #0]
100052b0:	4770      	bx	lr
100052b2:	4418      	add	r0, r3
100052b4:	2300      	movs	r3, #0
100052b6:	7003      	strb	r3, [r0, #0]
100052b8:	4770      	bx	lr
100052ba:	bf00      	nop
100052bc:	20002500 	.word	0x20002500

100052c0 <dcd_init>:
100052c0:	b570      	push	{r4, r5, r6, lr}
100052c2:	f000 f92d 	bl	10005520 <rp2040_usb_init>
100052c6:	230c      	movs	r3, #12
100052c8:	2640      	movs	r6, #64	@ 0x40
100052ca:	4c19      	ldr	r4, [pc, #100]	@ (10005330 <dcd_init+0x70>)
100052cc:	22ff      	movs	r2, #255	@ 0xff
100052ce:	67a3      	str	r3, [r4, #120]	@ 0x78
100052d0:	200e      	movs	r0, #14
100052d2:	4918      	ldr	r1, [pc, #96]	@ (10005334 <dcd_init+0x74>)
100052d4:	f7fc faec 	bl	100018b0 <irq_add_shared_handler>
100052d8:	4632      	mov	r2, r6
100052da:	2100      	movs	r1, #0
100052dc:	4816      	ldr	r0, [pc, #88]	@ (10005338 <dcd_init+0x78>)
100052de:	f002 f85d 	bl	1000739c <memset>
100052e2:	2501      	movs	r5, #1
100052e4:	2300      	movs	r3, #0
100052e6:	2180      	movs	r1, #128	@ 0x80
100052e8:	4813      	ldr	r0, [pc, #76]	@ (10005338 <dcd_init+0x78>)
100052ea:	4a14      	ldr	r2, [pc, #80]	@ (1000533c <dcd_init+0x7c>)
100052ec:	8441      	strh	r1, [r0, #34]	@ 0x22
100052ee:	7045      	strb	r5, [r0, #1]
100052f0:	8306      	strh	r6, [r0, #24]
100052f2:	8706      	strh	r6, [r0, #56]	@ 0x38
100052f4:	6082      	str	r2, [r0, #8]
100052f6:	6043      	str	r3, [r0, #4]
100052f8:	6013      	str	r3, [r2, #0]
100052fa:	f842 3c04 	str.w	r3, [r2, #-4]
100052fe:	f880 3021 	strb.w	r3, [r0, #33]	@ 0x21
10005302:	f880 303b 	strb.w	r3, [r0, #59]	@ 0x3b
10005306:	6243      	str	r3, [r0, #36]	@ 0x24
10005308:	4b0d      	ldr	r3, [pc, #52]	@ (10005340 <dcd_init+0x80>)
1000530a:	f04f 5600 	mov.w	r6, #536870912	@ 0x20000000
1000530e:	60c3      	str	r3, [r0, #12]
10005310:	62c3      	str	r3, [r0, #44]	@ 0x2c
10005312:	3b80      	subs	r3, #128	@ 0x80
10005314:	6283      	str	r3, [r0, #40]	@ 0x28
10005316:	f002 f963 	bl	100075e0 <__reset_non_control_endpoints_veneer>
1000531a:	f44f 3280 	mov.w	r2, #65536	@ 0x10000
1000531e:	4909      	ldr	r1, [pc, #36]	@ (10005344 <dcd_init+0x84>)
10005320:	4b09      	ldr	r3, [pc, #36]	@ (10005348 <dcd_init+0x88>)
10005322:	6425      	str	r5, [r4, #64]	@ 0x40
10005324:	4628      	mov	r0, r5
10005326:	64e6      	str	r6, [r4, #76]	@ 0x4c
10005328:	f8c4 1090 	str.w	r1, [r4, #144]	@ 0x90
1000532c:	64da      	str	r2, [r3, #76]	@ 0x4c
1000532e:	bd70      	pop	{r4, r5, r6, pc}
10005330:	50110000 	.word	0x50110000
10005334:	2000039d 	.word	0x2000039d
10005338:	200020b4 	.word	0x200020b4
1000533c:	50100084 	.word	0x50100084
10005340:	50100100 	.word	0x50100100
10005344:	0001d010 	.word	0x0001d010
10005348:	50112000 	.word	0x50112000

1000534c <dcd_int_enable>:
1000534c:	2101      	movs	r1, #1
1000534e:	200e      	movs	r0, #14
10005350:	f7fc ba3c 	b.w	100017cc <irq_set_enabled>

10005354 <dcd_set_address>:
10005354:	2200      	movs	r2, #0
10005356:	4802      	ldr	r0, [pc, #8]	@ (10005360 <dcd_set_address+0xc>)
10005358:	4611      	mov	r1, r2
1000535a:	f000 b901 	b.w	10005560 <hw_endpoint_xfer_start>
1000535e:	bf00      	nop
10005360:	200020d4 	.word	0x200020d4

10005364 <dcd_sof_enable>:
10005364:	4b04      	ldr	r3, [pc, #16]	@ (10005378 <dcd_sof_enable+0x14>)
10005366:	7019      	strb	r1, [r3, #0]
10005368:	b121      	cbz	r1, 10005374 <dcd_sof_enable+0x10>
1000536a:	f44f 3200 	mov.w	r2, #131072	@ 0x20000
1000536e:	4b03      	ldr	r3, [pc, #12]	@ (1000537c <dcd_sof_enable+0x18>)
10005370:	f8c3 2090 	str.w	r2, [r3, #144]	@ 0x90
10005374:	4770      	bx	lr
10005376:	bf00      	nop
10005378:	20002526 	.word	0x20002526
1000537c:	50112000 	.word	0x50112000

10005380 <dcd_edpt0_status_complete>:
10005380:	780b      	ldrb	r3, [r1, #0]
10005382:	065b      	lsls	r3, r3, #25
10005384:	d102      	bne.n	1000538c <dcd_edpt0_status_complete+0xc>
10005386:	784b      	ldrb	r3, [r1, #1]
10005388:	2b05      	cmp	r3, #5
1000538a:	d000      	beq.n	1000538e <dcd_edpt0_status_complete+0xe>
1000538c:	4770      	bx	lr
1000538e:	884b      	ldrh	r3, [r1, #2]
10005390:	4a01      	ldr	r2, [pc, #4]	@ (10005398 <dcd_edpt0_status_complete+0x18>)
10005392:	b2db      	uxtb	r3, r3
10005394:	6013      	str	r3, [r2, #0]
10005396:	4770      	bx	lr
10005398:	50110000 	.word	0x50110000

1000539c <dcd_edpt_open>:
1000539c:	78cb      	ldrb	r3, [r1, #3]
1000539e:	e92d 41f0 	stmdb	sp!, {r4, r5, r6, r7, r8, lr}
100053a2:	f003 0e03 	and.w	lr, r3, #3
100053a6:	f1be 0f01 	cmp.w	lr, #1
100053aa:	f3c3 0001 	ubfx	r0, r3, #0, #2
100053ae:	d05b      	beq.n	10005468 <dcd_edpt_open+0xcc>
100053b0:	2700      	movs	r7, #0
100053b2:	f891 c002 	ldrb.w	ip, [r1, #2]
100053b6:	4c34      	ldr	r4, [pc, #208]	@ (10005488 <dcd_edpt_open+0xec>)
100053b8:	f00c 027f 	and.w	r2, ip, #127	@ 0x7f
100053bc:	0056      	lsls	r6, r2, #1
100053be:	8889      	ldrh	r1, [r1, #4]
100053c0:	eb06 13dc 	add.w	r3, r6, ip, lsr #7
100053c4:	eb04 1343 	add.w	r3, r4, r3, lsl #5
100053c8:	ea4f 15dc 	mov.w	r5, ip, lsr #7
100053cc:	76d8      	strb	r0, [r3, #27]
100053ce:	f3c1 010a 	ubfx	r1, r1, #0, #11
100053d2:	f085 0001 	eor.w	r0, r5, #1
100053d6:	f883 c002 	strb.w	ip, [r3, #2]
100053da:	8319      	strh	r1, [r3, #24]
100053dc:	7058      	strb	r0, [r3, #1]
100053de:	70df      	strb	r7, [r3, #3]
100053e0:	00d3      	lsls	r3, r2, #3
100053e2:	bb8d      	cbnz	r5, 10005448 <dcd_edpt_open+0xac>
100053e4:	4829      	ldr	r0, [pc, #164]	@ (1000548c <dcd_edpt_open+0xf0>)
100053e6:	3304      	adds	r3, #4
100053e8:	eb04 1c82 	add.w	ip, r4, r2, lsl #6
100053ec:	eb03 0800 	add.w	r8, r3, r0
100053f0:	f8cc 8008 	str.w	r8, [ip, #8]
100053f4:	501f      	str	r7, [r3, r0]
100053f6:	b382      	cbz	r2, 1000545a <dcd_edpt_open+0xbe>
100053f8:	4b25      	ldr	r3, [pc, #148]	@ (10005490 <dcd_edpt_open+0xf4>)
100053fa:	00d2      	lsls	r2, r2, #3
100053fc:	4413      	add	r3, r2
100053fe:	f8cc 3004 	str.w	r3, [ip, #4]
10005402:	4b24      	ldr	r3, [pc, #144]	@ (10005494 <dcd_edpt_open+0xf8>)
10005404:	313f      	adds	r1, #63	@ 0x3f
10005406:	681a      	ldr	r2, [r3, #0]
10005408:	f021 013f 	bic.w	r1, r1, #63	@ 0x3f
1000540c:	f1be 0f02 	cmp.w	lr, #2
10005410:	bf08      	it	eq
10005412:	0049      	lsleq	r1, r1, #1
10005414:	4411      	add	r1, r2
10005416:	6019      	str	r1, [r3, #0]
10005418:	4b1f      	ldr	r3, [pc, #124]	@ (10005498 <dcd_edpt_open+0xfc>)
1000541a:	1977      	adds	r7, r6, r5
1000541c:	eb04 1747 	add.w	r7, r4, r7, lsl #5
10005420:	4299      	cmp	r1, r3
10005422:	60fa      	str	r2, [r7, #12]
10005424:	d82b      	bhi.n	1000547e <dcd_edpt_open+0xe2>
10005426:	442e      	add	r6, r5
10005428:	eb04 1346 	add.w	r3, r4, r6, lsl #5
1000542c:	7ed9      	ldrb	r1, [r3, #27]
1000542e:	f082 42a0 	eor.w	r2, r2, #1342177280	@ 0x50000000
10005432:	f482 1280 	eor.w	r2, r2, #1048576	@ 0x100000
10005436:	685b      	ldr	r3, [r3, #4]
10005438:	ea42 6281 	orr.w	r2, r2, r1, lsl #26
1000543c:	f042 4200 	orr.w	r2, r2, #2147483648	@ 0x80000000
10005440:	601a      	str	r2, [r3, #0]
10005442:	2001      	movs	r0, #1
10005444:	e8bd 81f0 	ldmia.w	sp!, {r4, r5, r6, r7, r8, pc}
10005448:	4810      	ldr	r0, [pc, #64]	@ (1000548c <dcd_edpt_open+0xf0>)
1000544a:	eb04 1c82 	add.w	ip, r4, r2, lsl #6
1000544e:	4403      	add	r3, r0
10005450:	f8cc 3028 	str.w	r3, [ip, #40]	@ 0x28
10005454:	f840 7032 	str.w	r7, [r0, r2, lsl #3]
10005458:	b94a      	cbnz	r2, 1000546e <dcd_edpt_open+0xd2>
1000545a:	2200      	movs	r2, #0
1000545c:	490f      	ldr	r1, [pc, #60]	@ (1000549c <dcd_edpt_open+0x100>)
1000545e:	eb04 1345 	add.w	r3, r4, r5, lsl #5
10005462:	60d9      	str	r1, [r3, #12]
10005464:	605a      	str	r2, [r3, #4]
10005466:	e7ec      	b.n	10005442 <dcd_edpt_open+0xa6>
10005468:	2000      	movs	r0, #0
1000546a:	e8bd 81f0 	ldmia.w	sp!, {r4, r5, r6, r7, r8, pc}
1000546e:	00d2      	lsls	r2, r2, #3
10005470:	f102 42a0 	add.w	r2, r2, #1342177280	@ 0x50000000
10005474:	f502 1280 	add.w	r2, r2, #1048576	@ 0x100000
10005478:	f8cc 2024 	str.w	r2, [ip, #36]	@ 0x24
1000547c:	e7c1      	b.n	10005402 <dcd_edpt_open+0x66>
1000547e:	f7fd fa07 	bl	10002890 <hard_assertion_failure>
10005482:	68fa      	ldr	r2, [r7, #12]
10005484:	e7cf      	b.n	10005426 <dcd_edpt_open+0x8a>
10005486:	bf00      	nop
10005488:	200020b4 	.word	0x200020b4
1000548c:	50100080 	.word	0x50100080
10005490:	50100004 	.word	0x50100004
10005494:	200024bc 	.word	0x200024bc
10005498:	50100fff 	.word	0x50100fff
1000549c:	50100100 	.word	0x50100100

100054a0 <dcd_edpt_close_all>:
100054a0:	f002 b89e 	b.w	100075e0 <__reset_non_control_endpoints_veneer>

100054a4 <dcd_edpt_xfer>:
100054a4:	468c      	mov	ip, r1
100054a6:	b508      	push	{r3, lr}
100054a8:	4611      	mov	r1, r2
100054aa:	4807      	ldr	r0, [pc, #28]	@ (100054c8 <dcd_edpt_xfer+0x24>)
100054ac:	461a      	mov	r2, r3
100054ae:	f00c 037f 	and.w	r3, ip, #127	@ 0x7f
100054b2:	ea4f 1cdc 	mov.w	ip, ip, lsr #7
100054b6:	eb0c 0c43 	add.w	ip, ip, r3, lsl #1
100054ba:	eb00 104c 	add.w	r0, r0, ip, lsl #5
100054be:	f000 f84f 	bl	10005560 <hw_endpoint_xfer_start>
100054c2:	2001      	movs	r0, #1
100054c4:	bd08      	pop	{r3, pc}
100054c6:	bf00      	nop
100054c8:	200020b4 	.word	0x200020b4

100054cc <dcd_edpt_stall>:
100054cc:	f011 027f 	ands.w	r2, r1, #127	@ 0x7f
100054d0:	d105      	bne.n	100054de <dcd_edpt_stall+0x12>
100054d2:	2900      	cmp	r1, #0
100054d4:	bf0c      	ite	eq
100054d6:	2002      	moveq	r0, #2
100054d8:	2001      	movne	r0, #1
100054da:	4b06      	ldr	r3, [pc, #24]	@ (100054f4 <dcd_edpt_stall+0x28>)
100054dc:	6698      	str	r0, [r3, #104]	@ 0x68
100054de:	09c9      	lsrs	r1, r1, #7
100054e0:	4b05      	ldr	r3, [pc, #20]	@ (100054f8 <dcd_edpt_stall+0x2c>)
100054e2:	eb01 0042 	add.w	r0, r1, r2, lsl #1
100054e6:	eb03 1040 	add.w	r0, r3, r0, lsl #5
100054ea:	f44f 6200 	mov.w	r2, #2048	@ 0x800
100054ee:	2100      	movs	r1, #0
100054f0:	f002 b86a 	b.w	100075c8 <___hw_endpoint_buffer_control_update32_veneer>
100054f4:	50112000 	.word	0x50112000
100054f8:	200020b4 	.word	0x200020b4

100054fc <dcd_edpt_clear_stall>:
100054fc:	f011 037f 	ands.w	r3, r1, #127	@ 0x7f
10005500:	d100      	bne.n	10005504 <dcd_edpt_clear_stall+0x8>
10005502:	4770      	bx	lr
10005504:	2200      	movs	r2, #0
10005506:	4805      	ldr	r0, [pc, #20]	@ (1000551c <dcd_edpt_clear_stall+0x20>)
10005508:	005b      	lsls	r3, r3, #1
1000550a:	eb03 13d1 	add.w	r3, r3, r1, lsr #7
1000550e:	eb00 1043 	add.w	r0, r0, r3, lsl #5
10005512:	f46f 6100 	mvn.w	r1, #2048	@ 0x800
10005516:	70c2      	strb	r2, [r0, #3]
10005518:	f002 b856 	b.w	100075c8 <___hw_endpoint_buffer_control_update32_veneer>
1000551c:	200020b4 	.word	0x200020b4

10005520 <rp2040_usb_init>:
10005520:	f04f 5280 	mov.w	r2, #268435456	@ 0x10000000
10005524:	4809      	ldr	r0, [pc, #36]	@ (1000554c <rp2040_usb_init+0x2c>)
10005526:	490a      	ldr	r1, [pc, #40]	@ (10005550 <rp2040_usb_init+0x30>)
10005528:	b508      	push	{r3, lr}
1000552a:	4b0a      	ldr	r3, [pc, #40]	@ (10005554 <rp2040_usb_init+0x34>)
1000552c:	6002      	str	r2, [r0, #0]
1000552e:	600a      	str	r2, [r1, #0]
10005530:	6899      	ldr	r1, [r3, #8]
10005532:	43c9      	mvns	r1, r1
10005534:	f011 5180 	ands.w	r1, r1, #268435456	@ 0x10000000
10005538:	d1fa      	bne.n	10005530 <rp2040_usb_init+0x10>
1000553a:	f44f 5280 	mov.w	r2, #4096	@ 0x1000
1000553e:	4806      	ldr	r0, [pc, #24]	@ (10005558 <rp2040_usb_init+0x38>)
10005540:	f001 ff2c 	bl	1000739c <memset>
10005544:	2209      	movs	r2, #9
10005546:	4b05      	ldr	r3, [pc, #20]	@ (1000555c <rp2040_usb_init+0x3c>)
10005548:	675a      	str	r2, [r3, #116]	@ 0x74
1000554a:	bd08      	pop	{r3, pc}
1000554c:	40022000 	.word	0x40022000
10005550:	40023000 	.word	0x40023000
10005554:	40020000 	.word	0x40020000
10005558:	50100000 	.word	0x50100000
1000555c:	50110000 	.word	0x50110000

10005560 <hw_endpoint_xfer_start>:
10005560:	2300      	movs	r3, #0
10005562:	f04f 0c01 	mov.w	ip, #1
10005566:	b510      	push	{r4, lr}
10005568:	f880 c01a 	strb.w	ip, [r0, #26]
1000556c:	8282      	strh	r2, [r0, #20]
1000556e:	82c3      	strh	r3, [r0, #22]
10005570:	6101      	str	r1, [r0, #16]
10005572:	4604      	mov	r4, r0
10005574:	f002 f824 	bl	100075c0 <__e15_is_bulkin_ep_veneer>
10005578:	b120      	cbz	r0, 10005584 <hw_endpoint_xfer_start+0x24>
1000557a:	f44f 3200 	mov.w	r2, #131072	@ 0x20000
1000557e:	4b07      	ldr	r3, [pc, #28]	@ (1000559c <hw_endpoint_xfer_start+0x3c>)
10005580:	f8c3 2090 	str.w	r2, [r3, #144]	@ 0x90
10005584:	4620      	mov	r0, r4
10005586:	f002 f80f 	bl	100075a8 <__e15_is_critical_frame_period_veneer>
1000558a:	b110      	cbz	r0, 10005592 <hw_endpoint_xfer_start+0x32>
1000558c:	2301      	movs	r3, #1
1000558e:	7723      	strb	r3, [r4, #28]
10005590:	bd10      	pop	{r4, pc}
10005592:	4620      	mov	r0, r4
10005594:	e8bd 4010 	ldmia.w	sp!, {r4, lr}
10005598:	f001 bffe 	b.w	10007598 <__hw_endpoint_start_next_buffer_veneer>
1000559c:	50112000 	.word	0x50112000

100055a0 <configuration_reset>:
100055a0:	e92d 41f0 	stmdb	sp!, {r4, r5, r6, r7, r8, lr}
100055a4:	2400      	movs	r4, #0
100055a6:	4e1d      	ldr	r6, [pc, #116]	@ (1000561c <configuration_reset+0x7c>)
100055a8:	4605      	mov	r5, r0
100055aa:	4623      	mov	r3, r4
100055ac:	7832      	ldrb	r2, [r6, #0]
100055ae:	f8df 8078 	ldr.w	r8, [pc, #120]	@ 10005628 <configuration_reset+0x88>
100055b2:	4f1b      	ldr	r7, [pc, #108]	@ (10005620 <configuration_reset+0x80>)
100055b4:	e00d      	b.n	100055d2 <configuration_reset+0x32>
100055b6:	683b      	ldr	r3, [r7, #0]
100055b8:	eb13 1344 	adds.w	r3, r3, r4, lsl #5
100055bc:	d024      	beq.n	10005608 <configuration_reset+0x68>
100055be:	68db      	ldr	r3, [r3, #12]
100055c0:	4628      	mov	r0, r5
100055c2:	4798      	blx	r3
100055c4:	7832      	ldrb	r2, [r6, #0]
100055c6:	3401      	adds	r4, #1
100055c8:	b2e4      	uxtb	r4, r4
100055ca:	1c51      	adds	r1, r2, #1
100055cc:	42a1      	cmp	r1, r4
100055ce:	4623      	mov	r3, r4
100055d0:	db06      	blt.n	100055e0 <configuration_reset+0x40>
100055d2:	42a2      	cmp	r2, r4
100055d4:	eba3 0302 	sub.w	r3, r3, r2
100055d8:	d8ed      	bhi.n	100055b6 <configuration_reset+0x16>
100055da:	eb08 1343 	add.w	r3, r8, r3, lsl #5
100055de:	e7ee      	b.n	100055be <configuration_reset+0x1e>
100055e0:	2254      	movs	r2, #84	@ 0x54
100055e2:	2100      	movs	r1, #0
100055e4:	480f      	ldr	r0, [pc, #60]	@ (10005624 <configuration_reset+0x84>)
100055e6:	f001 fed9 	bl	1000739c <memset>
100055ea:	f04f 33ff 	mov.w	r3, #4294967295
100055ee:	480d      	ldr	r0, [pc, #52]	@ (10005624 <configuration_reset+0x84>)
100055f0:	2220      	movs	r2, #32
100055f2:	1d04      	adds	r4, r0, #4
100055f4:	6043      	str	r3, [r0, #4]
100055f6:	e9c4 3301 	strd	r3, r3, [r4, #4]
100055fa:	60e3      	str	r3, [r4, #12]
100055fc:	21ff      	movs	r1, #255	@ 0xff
100055fe:	e8bd 41f0 	ldmia.w	sp!, {r4, r5, r6, r7, r8, lr}
10005602:	3014      	adds	r0, #20
10005604:	f001 beca 	b.w	1000739c <memset>
10005608:	f04f 23e0 	mov.w	r3, #3758153728	@ 0xe000e000
1000560c:	f8d3 3df0 	ldr.w	r3, [r3, #3568]	@ 0xdf0
10005610:	07db      	lsls	r3, r3, #31
10005612:	d500      	bpl.n	10005616 <configuration_reset+0x76>
10005614:	be00      	bkpt	0x0000
10005616:	e8bd 81f0 	ldmia.w	sp!, {r4, r5, r6, r7, r8, pc}
1000561a:	bf00      	nop
1000561c:	20002525 	.word	0x20002525
10005620:	20001a90 	.word	0x20001a90
10005624:	20001c60 	.word	0x20001c60
10005628:	1000822c 	.word	0x1000822c

1000562c <tud_event_hook_cb>:
1000562c:	4770      	bx	lr
1000562e:	bf00      	nop

10005630 <tud_sof_cb>:
10005630:	4770      	bx	lr
10005632:	bf00      	nop

10005634 <tud_descriptor_device_qualifier_cb>:
10005634:	2000      	movs	r0, #0
10005636:	4770      	bx	lr

10005638 <tud_descriptor_other_speed_configuration_cb>:
10005638:	2000      	movs	r0, #0
1000563a:	4770      	bx	lr

1000563c <tud_mount_cb>:
1000563c:	4770      	bx	lr
1000563e:	bf00      	nop

10005640 <tud_umount_cb>:
10005640:	4770      	bx	lr
10005642:	bf00      	nop

10005644 <tud_suspend_cb>:
10005644:	4770      	bx	lr
10005646:	bf00      	nop

10005648 <tud_resume_cb>:
10005648:	4770      	bx	lr
1000564a:	bf00      	nop

1000564c <tud_mounted>:
1000564c:	4b02      	ldr	r3, [pc, #8]	@ (10005658 <tud_mounted+0xc>)
1000564e:	7858      	ldrb	r0, [r3, #1]
10005650:	3800      	subs	r0, #0
10005652:	bf18      	it	ne
10005654:	2001      	movne	r0, #1
10005656:	4770      	bx	lr
10005658:	20001c60 	.word	0x20001c60

1000565c <tud_suspended>:
1000565c:	4b02      	ldr	r3, [pc, #8]	@ (10005668 <tud_suspended+0xc>)
1000565e:	7818      	ldrb	r0, [r3, #0]
10005660:	f3c0 0080 	ubfx	r0, r0, #2, #1
10005664:	4770      	bx	lr
10005666:	bf00      	nop
10005668:	20001c60 	.word	0x20001c60

1000566c <tud_rhport_init>:
1000566c:	e92d 47f0 	stmdb	sp!, {r4, r5, r6, r7, r8, r9, sl, lr}
10005670:	f8df a0e4 	ldr.w	sl, [pc, #228]	@ 10005758 <tud_rhport_init+0xec>
10005674:	f89a 3000 	ldrb.w	r3, [sl]
10005678:	2bff      	cmp	r3, #255	@ 0xff
1000567a:	d156      	bne.n	1000572a <tud_rhport_init+0xbe>
1000567c:	460e      	mov	r6, r1
1000567e:	2900      	cmp	r1, #0
10005680:	d03e      	beq.n	10005700 <tud_rhport_init+0x94>
10005682:	2100      	movs	r1, #0
10005684:	2254      	movs	r2, #84	@ 0x54
10005686:	4607      	mov	r7, r0
10005688:	4829      	ldr	r0, [pc, #164]	@ (10005730 <tud_rhport_init+0xc4>)
1000568a:	f001 fe87 	bl	1000739c <memset>
1000568e:	2200      	movs	r2, #0
10005690:	4c28      	ldr	r4, [pc, #160]	@ (10005734 <tud_rhport_init+0xc8>)
10005692:	4b29      	ldr	r3, [pc, #164]	@ (10005738 <tud_rhport_init+0xcc>)
10005694:	4620      	mov	r0, r4
10005696:	701a      	strb	r2, [r3, #0]
10005698:	f7fc fa9c 	bl	10001bd4 <mutex_init>
1000569c:	4b27      	ldr	r3, [pc, #156]	@ (1000573c <tud_rhport_init+0xd0>)
1000569e:	4828      	ldr	r0, [pc, #160]	@ (10005740 <tud_rhport_init+0xd4>)
100056a0:	601c      	str	r4, [r3, #0]
100056a2:	4c28      	ldr	r4, [pc, #160]	@ (10005744 <tud_rhport_init+0xd8>)
100056a4:	f7fc faa4 	bl	10001bf0 <critical_section_init>
100056a8:	4620      	mov	r0, r4
100056aa:	f001 fdab 	bl	10007204 <tu_fifo_clear>
100056ae:	4a26      	ldr	r2, [pc, #152]	@ (10005748 <tud_rhport_init+0xdc>)
100056b0:	4b26      	ldr	r3, [pc, #152]	@ (1000574c <tud_rhport_init+0xe0>)
100056b2:	6014      	str	r4, [r2, #0]
100056b4:	b123      	cbz	r3, 100056c0 <tud_rhport_init+0x54>
100056b6:	4826      	ldr	r0, [pc, #152]	@ (10005750 <tud_rhport_init+0xe4>)
100056b8:	f7ff fac0 	bl	10004c3c <usbd_app_driver_get_cb>
100056bc:	4b25      	ldr	r3, [pc, #148]	@ (10005754 <tud_rhport_init+0xe8>)
100056be:	6018      	str	r0, [r3, #0]
100056c0:	2400      	movs	r4, #0
100056c2:	4d23      	ldr	r5, [pc, #140]	@ (10005750 <tud_rhport_init+0xe4>)
100056c4:	4623      	mov	r3, r4
100056c6:	782a      	ldrb	r2, [r5, #0]
100056c8:	f8df 9090 	ldr.w	r9, [pc, #144]	@ 1000575c <tud_rhport_init+0xf0>
100056cc:	f8df 8084 	ldr.w	r8, [pc, #132]	@ 10005754 <tud_rhport_init+0xe8>
100056d0:	e00e      	b.n	100056f0 <tud_rhport_init+0x84>
100056d2:	f8d8 3000 	ldr.w	r3, [r8]
100056d6:	eb13 1344 	adds.w	r3, r3, r4, lsl #5
100056da:	d011      	beq.n	10005700 <tud_rhport_init+0x94>
100056dc:	685b      	ldr	r3, [r3, #4]
100056de:	b17b      	cbz	r3, 10005700 <tud_rhport_init+0x94>
100056e0:	4798      	blx	r3
100056e2:	782a      	ldrb	r2, [r5, #0]
100056e4:	3401      	adds	r4, #1
100056e6:	b2e4      	uxtb	r4, r4
100056e8:	1c51      	adds	r1, r2, #1
100056ea:	42a1      	cmp	r1, r4
100056ec:	4623      	mov	r3, r4
100056ee:	db11      	blt.n	10005714 <tud_rhport_init+0xa8>
100056f0:	42a2      	cmp	r2, r4
100056f2:	d8ee      	bhi.n	100056d2 <tud_rhport_init+0x66>
100056f4:	1a9b      	subs	r3, r3, r2
100056f6:	eb09 1343 	add.w	r3, r9, r3, lsl #5
100056fa:	685b      	ldr	r3, [r3, #4]
100056fc:	2b00      	cmp	r3, #0
100056fe:	d1ef      	bne.n	100056e0 <tud_rhport_init+0x74>
10005700:	f04f 23e0 	mov.w	r3, #3758153728	@ 0xe000e000
10005704:	f8d3 3df0 	ldr.w	r3, [r3, #3568]	@ 0xdf0
10005708:	07db      	lsls	r3, r3, #31
1000570a:	d500      	bpl.n	1000570e <tud_rhport_init+0xa2>
1000570c:	be00      	bkpt	0x0000
1000570e:	2000      	movs	r0, #0
10005710:	e8bd 87f0 	ldmia.w	sp!, {r4, r5, r6, r7, r8, r9, sl, pc}
10005714:	4631      	mov	r1, r6
10005716:	4638      	mov	r0, r7
10005718:	f88a 7000 	strb.w	r7, [sl]
1000571c:	f7ff fdd0 	bl	100052c0 <dcd_init>
10005720:	2800      	cmp	r0, #0
10005722:	d0ed      	beq.n	10005700 <tud_rhport_init+0x94>
10005724:	4638      	mov	r0, r7
10005726:	f7ff fe11 	bl	1000534c <dcd_int_enable>
1000572a:	2001      	movs	r0, #1
1000572c:	e8bd 87f0 	ldmia.w	sp!, {r4, r5, r6, r7, r8, r9, sl, pc}
10005730:	20001c60 	.word	0x20001c60
10005734:	20001c58 	.word	0x20001c58
10005738:	20002527 	.word	0x20002527
1000573c:	20001cb4 	.word	0x20001cb4
10005740:	20001678 	.word	0x20001678
10005744:	20001664 	.word	0x20001664
10005748:	20001cb8 	.word	0x20001cb8
1000574c:	10004c3d 	.word	0x10004c3d
10005750:	20002525 	.word	0x20002525
10005754:	20001a90 	.word	0x20001a90
10005758:	20001680 	.word	0x20001680
1000575c:	1000822c 	.word	0x1000822c

10005760 <tud_task_ext>:
10005760:	e92d 4ff0 	stmdb	sp!, {r4, r5, r6, r7, r8, r9, sl, fp, lr}
10005764:	f8df 92c8 	ldr.w	r9, [pc, #712]	@ 10005a30 <tud_task_ext+0x2d0>
10005768:	b08b      	sub	sp, #44	@ 0x2c
1000576a:	f899 3000 	ldrb.w	r3, [r9]
1000576e:	2bff      	cmp	r3, #255	@ 0xff
10005770:	f000 80f1 	beq.w	10005956 <tud_task_ext+0x1f6>
10005774:	4ca8      	ldr	r4, [pc, #672]	@ (10005a18 <tud_task_ext+0x2b8>)
10005776:	4da9      	ldr	r5, [pc, #676]	@ (10005a1c <tud_task_ext+0x2bc>)
10005778:	f8df a2b0 	ldr.w	sl, [pc, #688]	@ 10005a2c <tud_task_ext+0x2cc>
1000577c:	f8df b2b4 	ldr.w	fp, [pc, #692]	@ 10005a34 <tud_task_ext+0x2d4>
10005780:	6826      	ldr	r6, [r4, #0]
10005782:	6973      	ldr	r3, [r6, #20]
10005784:	f3ef 8210 	mrs	r2, PRIMASK
10005788:	b672      	cpsid	i
1000578a:	e8d3 0fcf 	ldaexb	r0, [r3]
1000578e:	2101      	movs	r1, #1
10005790:	2800      	cmp	r0, #0
10005792:	d1fa      	bne.n	1000578a <tud_task_ext+0x2a>
10005794:	e8c3 1f40 	strexb	r0, r1, [r3]
10005798:	2800      	cmp	r0, #0
1000579a:	d1f6      	bne.n	1000578a <tud_task_ext+0x2a>
1000579c:	f3bf 8f5f 	dmb	sy
100057a0:	61b2      	str	r2, [r6, #24]
100057a2:	4630      	mov	r0, r6
100057a4:	a907      	add	r1, sp, #28
100057a6:	f001 fb77 	bl	10006e98 <tu_fifo_read>
100057aa:	2300      	movs	r3, #0
100057ac:	6972      	ldr	r2, [r6, #20]
100057ae:	e8c2 3f8f 	stlb	r3, [r2]
100057b2:	69b3      	ldr	r3, [r6, #24]
100057b4:	f383 8810 	msr	PRIMASK, r3
100057b8:	2800      	cmp	r0, #0
100057ba:	f000 80cc 	beq.w	10005956 <tud_task_ext+0x1f6>
100057be:	f89d 301d 	ldrb.w	r3, [sp, #29]
100057c2:	3b01      	subs	r3, #1
100057c4:	2b07      	cmp	r3, #7
100057c6:	f200 837d 	bhi.w	10005ec4 <tud_task_ext+0x764>
100057ca:	e8df f003 	tbb	[pc, r3]
100057ce:	b1a7      	.short	0xb1a7
100057d0:	358e9d95 	.word	0x358e9d95
100057d4:	040a      	.short	0x040a
100057d6:	9b08      	ldr	r3, [sp, #32]
100057d8:	2b00      	cmp	r3, #0
100057da:	d0d1      	beq.n	10005780 <tud_task_ext+0x20>
100057dc:	9809      	ldr	r0, [sp, #36]	@ 0x24
100057de:	4798      	blx	r3
100057e0:	e7ce      	b.n	10005780 <tud_task_ext+0x20>
100057e2:	f89d 1020 	ldrb.w	r1, [sp, #32]
100057e6:	f001 067f 	and.w	r6, r1, #127	@ 0x7f
100057ea:	eb05 0046 	add.w	r0, r5, r6, lsl #1
100057ee:	eb00 10d1 	add.w	r0, r0, r1, lsr #7
100057f2:	f890 3034 	ldrb.w	r3, [r0, #52]	@ 0x34
100057f6:	f023 0301 	bic.w	r3, r3, #1
100057fa:	f880 3034 	strb.w	r3, [r0, #52]	@ 0x34
100057fe:	f890 3034 	ldrb.w	r3, [r0, #52]	@ 0x34
10005802:	f023 0304 	bic.w	r3, r3, #4
10005806:	f880 3034 	strb.w	r3, [r0, #52]	@ 0x34
1000580a:	2e00      	cmp	r6, #0
1000580c:	f000 80a6 	beq.w	1000595c <tud_task_ext+0x1fc>
10005810:	7d03      	ldrb	r3, [r0, #20]
10005812:	f89a 2000 	ldrb.w	r2, [sl]
10005816:	4293      	cmp	r3, r2
10005818:	f080 8093 	bcs.w	10005942 <tud_task_ext+0x1e2>
1000581c:	4a80      	ldr	r2, [pc, #512]	@ (10005a20 <tud_task_ext+0x2c0>)
1000581e:	6812      	ldr	r2, [r2, #0]
10005820:	eb12 1343 	adds.w	r3, r2, r3, lsl #5
10005824:	f000 8090 	beq.w	10005948 <tud_task_ext+0x1e8>
10005828:	699e      	ldr	r6, [r3, #24]
1000582a:	f89d 2021 	ldrb.w	r2, [sp, #33]	@ 0x21
1000582e:	9b09      	ldr	r3, [sp, #36]	@ 0x24
10005830:	f89d 001c 	ldrb.w	r0, [sp, #28]
10005834:	47b0      	blx	r6
10005836:	e7a3      	b.n	10005780 <tud_task_ext+0x20>
10005838:	f89b 3000 	ldrb.w	r3, [fp]
1000583c:	2b00      	cmp	r3, #0
1000583e:	f000 8083 	beq.w	10005948 <tud_task_ext+0x1e8>
10005842:	f89b 3000 	ldrb.w	r3, [fp]
10005846:	3b01      	subs	r3, #1
10005848:	b2db      	uxtb	r3, r3
1000584a:	f88b 3000 	strb.w	r3, [fp]
1000584e:	f89b 3000 	ldrb.w	r3, [fp]
10005852:	f003 00ff 	and.w	r0, r3, #255	@ 0xff
10005856:	2b00      	cmp	r3, #0
10005858:	d192      	bne.n	10005780 <tud_task_ext+0x20>
1000585a:	4f70      	ldr	r7, [pc, #448]	@ (10005a1c <tud_task_ext+0x2bc>)
1000585c:	f89d 801c 	ldrb.w	r8, [sp, #28]
10005860:	783b      	ldrb	r3, [r7, #0]
10005862:	f043 0301 	orr.w	r3, r3, #1
10005866:	703b      	strb	r3, [r7, #0]
10005868:	f897 3034 	ldrb.w	r3, [r7, #52]	@ 0x34
1000586c:	f360 0300 	bfi	r3, r0, #0, #1
10005870:	f887 3034 	strb.w	r3, [r7, #52]	@ 0x34
10005874:	f897 3034 	ldrb.w	r3, [r7, #52]	@ 0x34
10005878:	f360 0382 	bfi	r3, r0, #2, #1
1000587c:	f887 3034 	strb.w	r3, [r7, #52]	@ 0x34
10005880:	f897 3035 	ldrb.w	r3, [r7, #53]	@ 0x35
10005884:	f360 0300 	bfi	r3, r0, #0, #1
10005888:	f887 3035 	strb.w	r3, [r7, #53]	@ 0x35
1000588c:	f897 3035 	ldrb.w	r3, [r7, #53]	@ 0x35
10005890:	f360 0382 	bfi	r3, r0, #2, #1
10005894:	f887 3035 	strb.w	r3, [r7, #53]	@ 0x35
10005898:	f000 fc6c 	bl	10006174 <usbd_control_set_complete_callback>
1000589c:	f89d 3020 	ldrb.w	r3, [sp, #32]
100058a0:	f003 0260 	and.w	r2, r3, #96	@ 0x60
100058a4:	2a60      	cmp	r2, #96	@ 0x60
100058a6:	d06c      	beq.n	10005982 <tud_task_ext+0x222>
100058a8:	2a40      	cmp	r2, #64	@ 0x40
100058aa:	d07c      	beq.n	100059a6 <tud_task_ext+0x246>
100058ac:	f003 031f 	and.w	r3, r3, #31
100058b0:	2b01      	cmp	r3, #1
100058b2:	f000 80c1 	beq.w	10005a38 <tud_task_ext+0x2d8>
100058b6:	2b02      	cmp	r3, #2
100058b8:	f000 8081 	beq.w	100059be <tud_task_ext+0x25e>
100058bc:	2b00      	cmp	r3, #0
100058be:	d160      	bne.n	10005982 <tud_task_ext+0x222>
100058c0:	2a20      	cmp	r2, #32
100058c2:	f000 81e9 	beq.w	10005c98 <tud_task_ext+0x538>
100058c6:	2a00      	cmp	r2, #0
100058c8:	d15b      	bne.n	10005982 <tud_task_ext+0x222>
100058ca:	f89d 3021 	ldrb.w	r3, [sp, #33]	@ 0x21
100058ce:	2b09      	cmp	r3, #9
100058d0:	d857      	bhi.n	10005982 <tud_task_ext+0x222>
100058d2:	e8df f013 	tbh	[pc, r3, lsl #1]
100058d6:	01b0      	.short	0x01b0
100058d8:	005601a2 	.word	0x005601a2
100058dc:	005601c1 	.word	0x005601c1
100058e0:	016b0195 	.word	0x016b0195
100058e4:	01600056 	.word	0x01600056
100058e8:	00f4      	.short	0x00f4
100058ea:	782b      	ldrb	r3, [r5, #0]
100058ec:	07d9      	lsls	r1, r3, #31
100058ee:	f57f af47 	bpl.w	10005780 <tud_task_ext+0x20>
100058f2:	f7ff fea9 	bl	10005648 <tud_resume_cb>
100058f6:	e743      	b.n	10005780 <tud_task_ext+0x20>
100058f8:	78eb      	ldrb	r3, [r5, #3]
100058fa:	07da      	lsls	r2, r3, #31
100058fc:	f57f af40 	bpl.w	10005780 <tud_task_ext+0x20>
10005900:	9808      	ldr	r0, [sp, #32]
10005902:	f7ff fe95 	bl	10005630 <tud_sof_cb>
10005906:	e73b      	b.n	10005780 <tud_task_ext+0x20>
10005908:	782b      	ldrb	r3, [r5, #0]
1000590a:	07d8      	lsls	r0, r3, #31
1000590c:	f57f af38 	bpl.w	10005780 <tud_task_ext+0x20>
10005910:	7828      	ldrb	r0, [r5, #0]
10005912:	f3c0 00c0 	ubfx	r0, r0, #3, #1
10005916:	f7ff fe95 	bl	10005644 <tud_suspend_cb>
1000591a:	e731      	b.n	10005780 <tud_task_ext+0x20>
1000591c:	f89d 001c 	ldrb.w	r0, [sp, #28]
10005920:	f7ff fe3e 	bl	100055a0 <configuration_reset>
10005924:	f000 fc1c 	bl	10006160 <usbd_control_reset>
10005928:	f89d 3020 	ldrb.w	r3, [sp, #32]
1000592c:	70ab      	strb	r3, [r5, #2]
1000592e:	e727      	b.n	10005780 <tud_task_ext+0x20>
10005930:	f89d 001c 	ldrb.w	r0, [sp, #28]
10005934:	f7ff fe34 	bl	100055a0 <configuration_reset>
10005938:	f000 fc12 	bl	10006160 <usbd_control_reset>
1000593c:	f7ff fe80 	bl	10005640 <tud_umount_cb>
10005940:	e71e      	b.n	10005780 <tud_task_ext+0x20>
10005942:	1c50      	adds	r0, r2, #1
10005944:	4298      	cmp	r0, r3
10005946:	da11      	bge.n	1000596c <tud_task_ext+0x20c>
10005948:	f04f 23e0 	mov.w	r3, #3758153728	@ 0xe000e000
1000594c:	f8d3 3df0 	ldr.w	r3, [r3, #3568]	@ 0xdf0
10005950:	07dc      	lsls	r4, r3, #31
10005952:	d500      	bpl.n	10005956 <tud_task_ext+0x1f6>
10005954:	be00      	bkpt	0x0000
10005956:	b00b      	add	sp, #44	@ 0x2c
10005958:	e8bd 8ff0 	ldmia.w	sp!, {r4, r5, r6, r7, r8, r9, sl, fp, pc}
1000595c:	9b09      	ldr	r3, [sp, #36]	@ 0x24
1000595e:	f89d 2021 	ldrb.w	r2, [sp, #33]	@ 0x21
10005962:	f89d 001c 	ldrb.w	r0, [sp, #28]
10005966:	f000 fc19 	bl	1000619c <usbd_control_xfer_cb>
1000596a:	e709      	b.n	10005780 <tud_task_ext+0x20>
1000596c:	1a9b      	subs	r3, r3, r2
1000596e:	4a2d      	ldr	r2, [pc, #180]	@ (10005a24 <tud_task_ext+0x2c4>)
10005970:	eb02 1343 	add.w	r3, r2, r3, lsl #5
10005974:	e758      	b.n	10005828 <tud_task_ext+0xc8>
10005976:	f7ff fb8d 	bl	10005094 <tud_descriptor_configuration_cb>
1000597a:	4602      	mov	r2, r0
1000597c:	2800      	cmp	r0, #0
1000597e:	f040 8182 	bne.w	10005c86 <tud_task_ext+0x526>
10005982:	f04f 23e0 	mov.w	r3, #3758153728	@ 0xe000e000
10005986:	f8d3 3df0 	ldr.w	r3, [r3, #3568]	@ 0xdf0
1000598a:	07de      	lsls	r6, r3, #31
1000598c:	d500      	bpl.n	10005990 <tud_task_ext+0x230>
1000598e:	be00      	bkpt	0x0000
10005990:	f89d 001c 	ldrb.w	r0, [sp, #28]
10005994:	2100      	movs	r1, #0
10005996:	f7ff fd99 	bl	100054cc <dcd_edpt_stall>
1000599a:	2180      	movs	r1, #128	@ 0x80
1000599c:	f89d 001c 	ldrb.w	r0, [sp, #28]
100059a0:	f7ff fd94 	bl	100054cc <dcd_edpt_stall>
100059a4:	e6ec      	b.n	10005780 <tud_task_ext+0x20>
100059a6:	4820      	ldr	r0, [pc, #128]	@ (10005a28 <tud_task_ext+0x2c8>)
100059a8:	f000 fbe4 	bl	10006174 <usbd_control_set_complete_callback>
100059ac:	2101      	movs	r1, #1
100059ae:	4640      	mov	r0, r8
100059b0:	aa08      	add	r2, sp, #32
100059b2:	f7ff f92f 	bl	10004c14 <tud_vendor_control_xfer_cb>
100059b6:	2800      	cmp	r0, #0
100059b8:	f47f aee2 	bne.w	10005780 <tud_task_ext+0x20>
100059bc:	e7e8      	b.n	10005990 <tud_task_ext+0x230>
100059be:	f89d 1024 	ldrb.w	r1, [sp, #36]	@ 0x24
100059c2:	f011 0f70 	tst.w	r1, #112	@ 0x70
100059c6:	d1dc      	bne.n	10005982 <tud_task_ext+0x222>
100059c8:	f001 067f 	and.w	r6, r1, #127	@ 0x7f
100059cc:	eb07 0046 	add.w	r0, r7, r6, lsl #1
100059d0:	4b16      	ldr	r3, [pc, #88]	@ (10005a2c <tud_task_ext+0x2cc>)
100059d2:	eb00 10d1 	add.w	r0, r0, r1, lsr #7
100059d6:	781b      	ldrb	r3, [r3, #0]
100059d8:	7d00      	ldrb	r0, [r0, #20]
100059da:	0076      	lsls	r6, r6, #1
100059dc:	9601      	str	r6, [sp, #4]
100059de:	4298      	cmp	r0, r3
100059e0:	ea4f 16d1 	mov.w	r6, r1, lsr #7
100059e4:	9600      	str	r6, [sp, #0]
100059e6:	d359      	bcc.n	10005a9c <tud_task_ext+0x33c>
100059e8:	1c5e      	adds	r6, r3, #1
100059ea:	4286      	cmp	r6, r0
100059ec:	f2c0 8166 	blt.w	10005cbc <tud_task_ext+0x55c>
100059f0:	1ac0      	subs	r0, r0, r3
100059f2:	4b0c      	ldr	r3, [pc, #48]	@ (10005a24 <tud_task_ext+0x2c4>)
100059f4:	eb03 1640 	add.w	r6, r3, r0, lsl #5
100059f8:	2a00      	cmp	r2, #0
100059fa:	f000 8163 	beq.w	10005cc4 <tud_task_ext+0x564>
100059fe:	6970      	ldr	r0, [r6, #20]
10005a00:	f000 fbb8 	bl	10006174 <usbd_control_set_complete_callback>
10005a04:	2101      	movs	r1, #1
10005a06:	4640      	mov	r0, r8
10005a08:	6973      	ldr	r3, [r6, #20]
10005a0a:	aa08      	add	r2, sp, #32
10005a0c:	4798      	blx	r3
10005a0e:	2800      	cmp	r0, #0
10005a10:	f47f aeb6 	bne.w	10005780 <tud_task_ext+0x20>
10005a14:	e7bc      	b.n	10005990 <tud_task_ext+0x230>
10005a16:	bf00      	nop
10005a18:	20001cb8 	.word	0x20001cb8
10005a1c:	20001c60 	.word	0x20001c60
10005a20:	20001a90 	.word	0x20001a90
10005a24:	1000822c 	.word	0x1000822c
10005a28:	10004c15 	.word	0x10004c15
10005a2c:	20002525 	.word	0x20002525
10005a30:	20001680 	.word	0x20001680
10005a34:	20002527 	.word	0x20002527
10005a38:	f89d 3024 	ldrb.w	r3, [sp, #36]	@ 0x24
10005a3c:	2b0f      	cmp	r3, #15
10005a3e:	d8a7      	bhi.n	10005990 <tud_task_ext+0x230>
10005a40:	4aae      	ldr	r2, [pc, #696]	@ (10005cfc <tud_task_ext+0x59c>)
10005a42:	443b      	add	r3, r7
10005a44:	791b      	ldrb	r3, [r3, #4]
10005a46:	7812      	ldrb	r2, [r2, #0]
10005a48:	4293      	cmp	r3, r2
10005a4a:	d332      	bcc.n	10005ab2 <tud_task_ext+0x352>
10005a4c:	1c51      	adds	r1, r2, #1
10005a4e:	4299      	cmp	r1, r3
10005a50:	db9e      	blt.n	10005990 <tud_task_ext+0x230>
10005a52:	4eab      	ldr	r6, [pc, #684]	@ (10005d00 <tud_task_ext+0x5a0>)
10005a54:	1a9b      	subs	r3, r3, r2
10005a56:	eb06 1643 	add.w	r6, r6, r3, lsl #5
10005a5a:	6970      	ldr	r0, [r6, #20]
10005a5c:	f000 fb8a 	bl	10006174 <usbd_control_set_complete_callback>
10005a60:	2101      	movs	r1, #1
10005a62:	4640      	mov	r0, r8
10005a64:	6973      	ldr	r3, [r6, #20]
10005a66:	aa08      	add	r2, sp, #32
10005a68:	4798      	blx	r3
10005a6a:	2800      	cmp	r0, #0
10005a6c:	f47f ae88 	bne.w	10005780 <tud_task_ext+0x20>
10005a70:	f89d 3020 	ldrb.w	r3, [sp, #32]
10005a74:	f013 0660 	ands.w	r6, r3, #96	@ 0x60
10005a78:	d18a      	bne.n	10005990 <tud_task_ext+0x230>
10005a7a:	f89d 3021 	ldrb.w	r3, [sp, #33]	@ 0x21
10005a7e:	3b0a      	subs	r3, #10
10005a80:	2b01      	cmp	r3, #1
10005a82:	d885      	bhi.n	10005990 <tud_task_ext+0x230>
10005a84:	f000 fb76 	bl	10006174 <usbd_control_set_complete_callback>
10005a88:	f89d 3021 	ldrb.w	r3, [sp, #33]	@ 0x21
10005a8c:	2b0a      	cmp	r3, #10
10005a8e:	f000 81f2 	beq.w	10005e76 <tud_task_ext+0x716>
10005a92:	4640      	mov	r0, r8
10005a94:	a908      	add	r1, sp, #32
10005a96:	f000 faf1 	bl	1000607c <tud_control_status>
10005a9a:	e671      	b.n	10005780 <tud_task_ext+0x20>
10005a9c:	4b99      	ldr	r3, [pc, #612]	@ (10005d04 <tud_task_ext+0x5a4>)
10005a9e:	681b      	ldr	r3, [r3, #0]
10005aa0:	eb03 1640 	add.w	r6, r3, r0, lsl #5
10005aa4:	2a00      	cmp	r2, #0
10005aa6:	f000 810d 	beq.w	10005cc4 <tud_task_ext+0x564>
10005aaa:	2e00      	cmp	r6, #0
10005aac:	f43f af70 	beq.w	10005990 <tud_task_ext+0x230>
10005ab0:	e7a5      	b.n	100059fe <tud_task_ext+0x29e>
10005ab2:	4a94      	ldr	r2, [pc, #592]	@ (10005d04 <tud_task_ext+0x5a4>)
10005ab4:	6816      	ldr	r6, [r2, #0]
10005ab6:	eb16 1643 	adds.w	r6, r6, r3, lsl #5
10005aba:	d1ce      	bne.n	10005a5a <tud_task_ext+0x2fa>
10005abc:	e768      	b.n	10005990 <tud_task_ext+0x230>
10005abe:	787b      	ldrb	r3, [r7, #1]
10005ac0:	f89d 6022 	ldrb.w	r6, [sp, #34]	@ 0x22
10005ac4:	429e      	cmp	r6, r3
10005ac6:	f000 814f 	beq.w	10005d68 <tud_task_ext+0x608>
10005aca:	787b      	ldrb	r3, [r7, #1]
10005acc:	2b00      	cmp	r3, #0
10005ace:	f040 81be 	bne.w	10005e4e <tud_task_ext+0x6ee>
10005ad2:	707e      	strb	r6, [r7, #1]
10005ad4:	2e00      	cmp	r6, #0
10005ad6:	f000 8145 	beq.w	10005d64 <tud_task_ext+0x604>
10005ada:	1e70      	subs	r0, r6, #1
10005adc:	b2c0      	uxtb	r0, r0
10005ade:	f7ff fad9 	bl	10005094 <tud_descriptor_configuration_cb>
10005ae2:	4603      	mov	r3, r0
10005ae4:	2800      	cmp	r0, #0
10005ae6:	f000 815f 	beq.w	10005da8 <tud_task_ext+0x648>
10005aea:	7842      	ldrb	r2, [r0, #1]
10005aec:	2a02      	cmp	r2, #2
10005aee:	f040 815b 	bne.w	10005da8 <tud_task_ext+0x648>
10005af2:	79c1      	ldrb	r1, [r0, #7]
10005af4:	f103 0609 	add.w	r6, r3, #9
10005af8:	f3c1 1240 	ubfx	r2, r1, #5, #1
10005afc:	0112      	lsls	r2, r2, #4
10005afe:	f3c1 1180 	ubfx	r1, r1, #6, #1
10005b02:	ea42 1241 	orr.w	r2, r2, r1, lsl #5
10005b06:	4631      	mov	r1, r6
10005b08:	7838      	ldrb	r0, [r7, #0]
10005b0a:	f020 0030 	bic.w	r0, r0, #48	@ 0x30
10005b0e:	4302      	orrs	r2, r0
10005b10:	703a      	strb	r2, [r7, #0]
10005b12:	885a      	ldrh	r2, [r3, #2]
10005b14:	f8cd 800c 	str.w	r8, [sp, #12]
10005b18:	189a      	adds	r2, r3, r2
10005b1a:	9201      	str	r2, [sp, #4]
10005b1c:	9b01      	ldr	r3, [sp, #4]
10005b1e:	428b      	cmp	r3, r1
10005b20:	f240 81a4 	bls.w	10005e6c <tud_task_ext+0x70c>
10005b24:	784a      	ldrb	r2, [r1, #1]
10005b26:	2a0b      	cmp	r2, #11
10005b28:	f000 81af 	beq.w	10005e8a <tud_task_ext+0x72a>
10005b2c:	2301      	movs	r3, #1
10005b2e:	2a04      	cmp	r2, #4
10005b30:	f040 813a 	bne.w	10005da8 <tud_task_ext+0x648>
10005b34:	2600      	movs	r6, #0
10005b36:	9a01      	ldr	r2, [sp, #4]
10005b38:	9600      	str	r6, [sp, #0]
10005b3a:	1a52      	subs	r2, r2, r1
10005b3c:	b292      	uxth	r2, r2
10005b3e:	9202      	str	r2, [sp, #8]
10005b40:	4a6e      	ldr	r2, [pc, #440]	@ (10005cfc <tud_task_ext+0x59c>)
10005b42:	9304      	str	r3, [sp, #16]
10005b44:	7812      	ldrb	r2, [r2, #0]
10005b46:	e01d      	b.n	10005b84 <tud_task_ext+0x424>
10005b48:	4b6e      	ldr	r3, [pc, #440]	@ (10005d04 <tud_task_ext+0x5a4>)
10005b4a:	681b      	ldr	r3, [r3, #0]
10005b4c:	eb13 1846 	adds.w	r8, r3, r6, lsl #5
10005b50:	f000 812a 	beq.w	10005da8 <tud_task_ext+0x648>
10005b54:	9a02      	ldr	r2, [sp, #8]
10005b56:	f8d8 3010 	ldr.w	r3, [r8, #16]
10005b5a:	9803      	ldr	r0, [sp, #12]
10005b5c:	9105      	str	r1, [sp, #20]
10005b5e:	4798      	blx	r3
10005b60:	2808      	cmp	r0, #8
10005b62:	4602      	mov	r2, r0
10005b64:	9905      	ldr	r1, [sp, #20]
10005b66:	f106 0301 	add.w	r3, r6, #1
10005b6a:	d903      	bls.n	10005b74 <tud_task_ext+0x414>
10005b6c:	9802      	ldr	r0, [sp, #8]
10005b6e:	4290      	cmp	r0, r2
10005b70:	f080 80ff 	bcs.w	10005d72 <tud_task_ext+0x612>
10005b74:	b2de      	uxtb	r6, r3
10005b76:	4b61      	ldr	r3, [pc, #388]	@ (10005cfc <tud_task_ext+0x59c>)
10005b78:	9600      	str	r6, [sp, #0]
10005b7a:	781a      	ldrb	r2, [r3, #0]
10005b7c:	1c53      	adds	r3, r2, #1
10005b7e:	429e      	cmp	r6, r3
10005b80:	f300 8112 	bgt.w	10005da8 <tud_task_ext+0x648>
10005b84:	9b00      	ldr	r3, [sp, #0]
10005b86:	42b2      	cmp	r2, r6
10005b88:	eba3 0202 	sub.w	r2, r3, r2
10005b8c:	d8dc      	bhi.n	10005b48 <tud_task_ext+0x3e8>
10005b8e:	4b5c      	ldr	r3, [pc, #368]	@ (10005d00 <tud_task_ext+0x5a0>)
10005b90:	eb03 1842 	add.w	r8, r3, r2, lsl #5
10005b94:	e7de      	b.n	10005b54 <tud_task_ext+0x3f4>
10005b96:	787b      	ldrb	r3, [r7, #1]
10005b98:	4640      	mov	r0, r8
10005b9a:	f88d 301a 	strb.w	r3, [sp, #26]
10005b9e:	f10d 021a 	add.w	r2, sp, #26
10005ba2:	2301      	movs	r3, #1
10005ba4:	a908      	add	r1, sp, #32
10005ba6:	f000 fa83 	bl	100060b0 <tud_control_xfer>
10005baa:	e5e9      	b.n	10005780 <tud_task_ext+0x20>
10005bac:	f8bd 0022 	ldrh.w	r0, [sp, #34]	@ 0x22
10005bb0:	0a03      	lsrs	r3, r0, #8
10005bb2:	3b01      	subs	r3, #1
10005bb4:	0a02      	lsrs	r2, r0, #8
10005bb6:	b2c0      	uxtb	r0, r0
10005bb8:	2b0e      	cmp	r3, #14
10005bba:	f63f aee9 	bhi.w	10005990 <tud_task_ext+0x230>
10005bbe:	a101      	add	r1, pc, #4	@ (adr r1, 10005bc4 <tud_task_ext+0x464>)
10005bc0:	f851 f023 	ldr.w	pc, [r1, r3, lsl #2]
10005bc4:	10005dd9 	.word	0x10005dd9
10005bc8:	10005c75 	.word	0x10005c75
10005bcc:	10005e15 	.word	0x10005e15
10005bd0:	10005991 	.word	0x10005991
10005bd4:	10005991 	.word	0x10005991
10005bd8:	10005df7 	.word	0x10005df7
10005bdc:	10005c75 	.word	0x10005c75
10005be0:	10005991 	.word	0x10005991
10005be4:	10005991 	.word	0x10005991
10005be8:	10005991 	.word	0x10005991
10005bec:	10005991 	.word	0x10005991
10005bf0:	10005991 	.word	0x10005991
10005bf4:	10005991 	.word	0x10005991
10005bf8:	10005991 	.word	0x10005991
10005bfc:	10005dcb 	.word	0x10005dcb
10005c00:	a808      	add	r0, sp, #32
10005c02:	f000 fabd 	bl	10006180 <usbd_control_set_request>
10005c06:	4640      	mov	r0, r8
10005c08:	f89d 1022 	ldrb.w	r1, [sp, #34]	@ 0x22
10005c0c:	f7ff fba2 	bl	10005354 <dcd_set_address>
10005c10:	783b      	ldrb	r3, [r7, #0]
10005c12:	f043 0302 	orr.w	r3, r3, #2
10005c16:	703b      	strb	r3, [r7, #0]
10005c18:	e5b2      	b.n	10005780 <tud_task_ext+0x20>
10005c1a:	f8bd 3022 	ldrh.w	r3, [sp, #34]	@ 0x22
10005c1e:	2b01      	cmp	r3, #1
10005c20:	f47f aeb6 	bne.w	10005990 <tud_task_ext+0x230>
10005c24:	783b      	ldrb	r3, [r7, #0]
10005c26:	4640      	mov	r0, r8
10005c28:	f023 0308 	bic.w	r3, r3, #8
10005c2c:	a908      	add	r1, sp, #32
10005c2e:	703b      	strb	r3, [r7, #0]
10005c30:	f000 fa24 	bl	1000607c <tud_control_status>
10005c34:	e5a4      	b.n	10005780 <tud_task_ext+0x20>
10005c36:	4640      	mov	r0, r8
10005c38:	783b      	ldrb	r3, [r7, #0]
10005c3a:	089a      	lsrs	r2, r3, #2
10005c3c:	f002 0202 	and.w	r2, r2, #2
10005c40:	f3c3 1340 	ubfx	r3, r3, #5, #1
10005c44:	4313      	orrs	r3, r2
10005c46:	f8ad 301a 	strh.w	r3, [sp, #26]
10005c4a:	f10d 021a 	add.w	r2, sp, #26
10005c4e:	2302      	movs	r3, #2
10005c50:	a908      	add	r1, sp, #32
10005c52:	f000 fa2d 	bl	100060b0 <tud_control_xfer>
10005c56:	e593      	b.n	10005780 <tud_task_ext+0x20>
10005c58:	f8bd 3022 	ldrh.w	r3, [sp, #34]	@ 0x22
10005c5c:	2b01      	cmp	r3, #1
10005c5e:	f47f ae97 	bne.w	10005990 <tud_task_ext+0x230>
10005c62:	783b      	ldrb	r3, [r7, #0]
10005c64:	4640      	mov	r0, r8
10005c66:	f043 0308 	orr.w	r3, r3, #8
10005c6a:	a908      	add	r1, sp, #32
10005c6c:	703b      	strb	r3, [r7, #0]
10005c6e:	f000 fa05 	bl	1000607c <tud_control_status>
10005c72:	e585      	b.n	10005780 <tud_task_ext+0x20>
10005c74:	2a02      	cmp	r2, #2
10005c76:	f43f ae7e 	beq.w	10005976 <tud_task_ext+0x216>
10005c7a:	f7ff fcdd 	bl	10005638 <tud_descriptor_other_speed_configuration_cb>
10005c7e:	4602      	mov	r2, r0
10005c80:	2800      	cmp	r0, #0
10005c82:	f43f ae85 	beq.w	10005990 <tud_task_ext+0x230>
10005c86:	4640      	mov	r0, r8
10005c88:	8853      	ldrh	r3, [r2, #2]
10005c8a:	a908      	add	r1, sp, #32
10005c8c:	f000 fa10 	bl	100060b0 <tud_control_xfer>
10005c90:	2800      	cmp	r0, #0
10005c92:	f47f ad75 	bne.w	10005780 <tud_task_ext+0x20>
10005c96:	e67b      	b.n	10005990 <tud_task_ext+0x230>
10005c98:	f89d 3024 	ldrb.w	r3, [sp, #36]	@ 0x24
10005c9c:	2b0f      	cmp	r3, #15
10005c9e:	f63f ae77 	bhi.w	10005990 <tud_task_ext+0x230>
10005ca2:	4a16      	ldr	r2, [pc, #88]	@ (10005cfc <tud_task_ext+0x59c>)
10005ca4:	443b      	add	r3, r7
10005ca6:	791b      	ldrb	r3, [r3, #4]
10005ca8:	7812      	ldrb	r2, [r2, #0]
10005caa:	4293      	cmp	r3, r2
10005cac:	d21d      	bcs.n	10005cea <tud_task_ext+0x58a>
10005cae:	4a15      	ldr	r2, [pc, #84]	@ (10005d04 <tud_task_ext+0x5a4>)
10005cb0:	6816      	ldr	r6, [r2, #0]
10005cb2:	eb16 1643 	adds.w	r6, r6, r3, lsl #5
10005cb6:	f47f aea2 	bne.w	100059fe <tud_task_ext+0x29e>
10005cba:	e669      	b.n	10005990 <tud_task_ext+0x230>
10005cbc:	2a00      	cmp	r2, #0
10005cbe:	f47f ae67 	bne.w	10005990 <tud_task_ext+0x230>
10005cc2:	2600      	movs	r6, #0
10005cc4:	f89d 2021 	ldrb.w	r2, [sp, #33]	@ 0x21
10005cc8:	f002 03fd 	and.w	r3, r2, #253	@ 0xfd
10005ccc:	2b01      	cmp	r3, #1
10005cce:	d01b      	beq.n	10005d08 <tud_task_ext+0x5a8>
10005cd0:	2a00      	cmp	r2, #0
10005cd2:	f47f ae56 	bne.w	10005982 <tud_task_ext+0x222>
10005cd6:	9b01      	ldr	r3, [sp, #4]
10005cd8:	9a00      	ldr	r2, [sp, #0]
10005cda:	443b      	add	r3, r7
10005cdc:	4413      	add	r3, r2
10005cde:	f893 3034 	ldrb.w	r3, [r3, #52]	@ 0x34
10005ce2:	4640      	mov	r0, r8
10005ce4:	f3c3 0340 	ubfx	r3, r3, #1, #1
10005ce8:	e7ad      	b.n	10005c46 <tud_task_ext+0x4e6>
10005cea:	1c51      	adds	r1, r2, #1
10005cec:	4299      	cmp	r1, r3
10005cee:	f6ff ae4f 	blt.w	10005990 <tud_task_ext+0x230>
10005cf2:	4e03      	ldr	r6, [pc, #12]	@ (10005d00 <tud_task_ext+0x5a0>)
10005cf4:	1a9b      	subs	r3, r3, r2
10005cf6:	eb06 1643 	add.w	r6, r6, r3, lsl #5
10005cfa:	e680      	b.n	100059fe <tud_task_ext+0x29e>
10005cfc:	20002525 	.word	0x20002525
10005d00:	1000822c 	.word	0x1000822c
10005d04:	20001a90 	.word	0x20001a90
10005d08:	f8bd 3022 	ldrh.w	r3, [sp, #34]	@ 0x22
10005d0c:	b9b3      	cbnz	r3, 10005d3c <tud_task_ext+0x5dc>
10005d0e:	2a01      	cmp	r2, #1
10005d10:	f899 0000 	ldrb.w	r0, [r9]
10005d14:	f000 8086 	beq.w	10005e24 <tud_task_ext+0x6c4>
10005d18:	f7ff fbd8 	bl	100054cc <dcd_edpt_stall>
10005d1c:	9b01      	ldr	r3, [sp, #4]
10005d1e:	9a00      	ldr	r2, [sp, #0]
10005d20:	443b      	add	r3, r7
10005d22:	4413      	add	r3, r2
10005d24:	f893 2034 	ldrb.w	r2, [r3, #52]	@ 0x34
10005d28:	f042 0202 	orr.w	r2, r2, #2
10005d2c:	f883 2034 	strb.w	r2, [r3, #52]	@ 0x34
10005d30:	f893 2034 	ldrb.w	r2, [r3, #52]	@ 0x34
10005d34:	f042 0201 	orr.w	r2, r2, #1
10005d38:	f883 2034 	strb.w	r2, [r3, #52]	@ 0x34
10005d3c:	2e00      	cmp	r6, #0
10005d3e:	f43f ad1f 	beq.w	10005780 <tud_task_ext+0x20>
10005d42:	6970      	ldr	r0, [r6, #20]
10005d44:	f000 fa16 	bl	10006174 <usbd_control_set_complete_callback>
10005d48:	6973      	ldr	r3, [r6, #20]
10005d4a:	2101      	movs	r1, #1
10005d4c:	aa08      	add	r2, sp, #32
10005d4e:	4640      	mov	r0, r8
10005d50:	4798      	blx	r3
10005d52:	2000      	movs	r0, #0
10005d54:	f000 fa0e 	bl	10006174 <usbd_control_set_complete_callback>
10005d58:	f897 3035 	ldrb.w	r3, [r7, #53]	@ 0x35
10005d5c:	07df      	lsls	r7, r3, #31
10005d5e:	f53f ad0f 	bmi.w	10005780 <tud_task_ext+0x20>
10005d62:	e696      	b.n	10005a92 <tud_task_ext+0x332>
10005d64:	f7ff fc6c 	bl	10005640 <tud_umount_cb>
10005d68:	4640      	mov	r0, r8
10005d6a:	a908      	add	r1, sp, #32
10005d6c:	f000 f986 	bl	1000607c <tud_control_status>
10005d70:	e506      	b.n	10005780 <tud_task_ext+0x20>
10005d72:	9b04      	ldr	r3, [sp, #16]
10005d74:	2b01      	cmp	r3, #1
10005d76:	f000 809e 	beq.w	10005eb6 <tud_task_ext+0x756>
10005d7a:	2b00      	cmp	r3, #0
10005d7c:	f000 808a 	beq.w	10005e94 <tud_task_ext+0x734>
10005d80:	2000      	movs	r0, #0
10005d82:	f891 8002 	ldrb.w	r8, [r1, #2]
10005d86:	e005      	b.n	10005d94 <tud_task_ext+0x634>
10005d88:	f88c 6004 	strb.w	r6, [ip, #4]
10005d8c:	fa5f fc80 	uxtb.w	ip, r0
10005d90:	4563      	cmp	r3, ip
10005d92:	d97f      	bls.n	10005e94 <tud_task_ext+0x734>
10005d94:	eb08 0c00 	add.w	ip, r8, r0
10005d98:	fa57 fc8c 	uxtab	ip, r7, ip
10005d9c:	f89c e004 	ldrb.w	lr, [ip, #4]
10005da0:	3001      	adds	r0, #1
10005da2:	f1be 0fff 	cmp.w	lr, #255	@ 0xff
10005da6:	d0ef      	beq.n	10005d88 <tud_task_ext+0x628>
10005da8:	f04f 23e0 	mov.w	r3, #3758153728	@ 0xe000e000
10005dac:	f8d3 3df0 	ldr.w	r3, [r3, #3568]	@ 0xdf0
10005db0:	07da      	lsls	r2, r3, #31
10005db2:	d500      	bpl.n	10005db6 <tud_task_ext+0x656>
10005db4:	be00      	bkpt	0x0000
10005db6:	f04f 23e0 	mov.w	r3, #3758153728	@ 0xe000e000
10005dba:	f8d3 3df0 	ldr.w	r3, [r3, #3568]	@ 0xdf0
10005dbe:	07db      	lsls	r3, r3, #31
10005dc0:	d500      	bpl.n	10005dc4 <tud_task_ext+0x664>
10005dc2:	be00      	bkpt	0x0000
10005dc4:	2300      	movs	r3, #0
10005dc6:	707b      	strb	r3, [r7, #1]
10005dc8:	e5e2      	b.n	10005990 <tud_task_ext+0x230>
10005dca:	f7fe ff1f 	bl	10004c0c <tud_descriptor_bos_cb>
10005dce:	4602      	mov	r2, r0
10005dd0:	2800      	cmp	r0, #0
10005dd2:	f47f af58 	bne.w	10005c86 <tud_task_ext+0x526>
10005dd6:	e5db      	b.n	10005990 <tud_task_ext+0x230>
10005dd8:	f7ff f958 	bl	1000508c <tud_descriptor_device_cb>
10005ddc:	4602      	mov	r2, r0
10005dde:	2800      	cmp	r0, #0
10005de0:	f43f adcf 	beq.w	10005982 <tud_task_ext+0x222>
10005de4:	4640      	mov	r0, r8
10005de6:	2312      	movs	r3, #18
10005de8:	a908      	add	r1, sp, #32
10005dea:	f000 f961 	bl	100060b0 <tud_control_xfer>
10005dee:	2800      	cmp	r0, #0
10005df0:	f47f acc6 	bne.w	10005780 <tud_task_ext+0x20>
10005df4:	e5cc      	b.n	10005990 <tud_task_ext+0x230>
10005df6:	f7ff fc1d 	bl	10005634 <tud_descriptor_device_qualifier_cb>
10005dfa:	4602      	mov	r2, r0
10005dfc:	2800      	cmp	r0, #0
10005dfe:	f43f adc7 	beq.w	10005990 <tud_task_ext+0x230>
10005e02:	4640      	mov	r0, r8
10005e04:	7813      	ldrb	r3, [r2, #0]
10005e06:	a908      	add	r1, sp, #32
10005e08:	f000 f952 	bl	100060b0 <tud_control_xfer>
10005e0c:	2800      	cmp	r0, #0
10005e0e:	f47f acb7 	bne.w	10005780 <tud_task_ext+0x20>
10005e12:	e5bd      	b.n	10005990 <tud_task_ext+0x230>
10005e14:	f8bd 1024 	ldrh.w	r1, [sp, #36]	@ 0x24
10005e18:	f7ff f940 	bl	1000509c <tud_descriptor_string_cb>
10005e1c:	4602      	mov	r2, r0
10005e1e:	2800      	cmp	r0, #0
10005e20:	d1ef      	bne.n	10005e02 <tud_task_ext+0x6a2>
10005e22:	e5b5      	b.n	10005990 <tud_task_ext+0x230>
10005e24:	9302      	str	r3, [sp, #8]
10005e26:	f7ff fb69 	bl	100054fc <dcd_edpt_clear_stall>
10005e2a:	9a01      	ldr	r2, [sp, #4]
10005e2c:	9b00      	ldr	r3, [sp, #0]
10005e2e:	443a      	add	r2, r7
10005e30:	441a      	add	r2, r3
10005e32:	f892 1034 	ldrb.w	r1, [r2, #52]	@ 0x34
10005e36:	9b02      	ldr	r3, [sp, #8]
10005e38:	f363 0141 	bfi	r1, r3, #1, #1
10005e3c:	f882 1034 	strb.w	r1, [r2, #52]	@ 0x34
10005e40:	f892 1034 	ldrb.w	r1, [r2, #52]	@ 0x34
10005e44:	f363 0100 	bfi	r1, r3, #0, #1
10005e48:	f882 1034 	strb.w	r1, [r2, #52]	@ 0x34
10005e4c:	e776      	b.n	10005d3c <tud_task_ext+0x5dc>
10005e4e:	2100      	movs	r1, #0
10005e50:	4640      	mov	r0, r8
10005e52:	f7ff fa87 	bl	10005364 <dcd_sof_enable>
10005e56:	4640      	mov	r0, r8
10005e58:	f7ff fb22 	bl	100054a0 <dcd_edpt_close_all>
10005e5c:	78bb      	ldrb	r3, [r7, #2]
10005e5e:	4640      	mov	r0, r8
10005e60:	9300      	str	r3, [sp, #0]
10005e62:	f7ff fb9d 	bl	100055a0 <configuration_reset>
10005e66:	9b00      	ldr	r3, [sp, #0]
10005e68:	70bb      	strb	r3, [r7, #2]
10005e6a:	e632      	b.n	10005ad2 <tud_task_ext+0x372>
10005e6c:	f8dd 800c 	ldr.w	r8, [sp, #12]
10005e70:	f7ff fbe4 	bl	1000563c <tud_mount_cb>
10005e74:	e778      	b.n	10005d68 <tud_task_ext+0x608>
10005e76:	4640      	mov	r0, r8
10005e78:	2301      	movs	r3, #1
10005e7a:	a908      	add	r1, sp, #32
10005e7c:	f10d 021a 	add.w	r2, sp, #26
10005e80:	f88d 601a 	strb.w	r6, [sp, #26]
10005e84:	f000 f914 	bl	100060b0 <tud_control_xfer>
10005e88:	e47a      	b.n	10005780 <tud_task_ext+0x20>
10005e8a:	780a      	ldrb	r2, [r1, #0]
10005e8c:	78cb      	ldrb	r3, [r1, #3]
10005e8e:	4411      	add	r1, r2
10005e90:	784a      	ldrb	r2, [r1, #1]
10005e92:	e64c      	b.n	10005b2e <tud_task_ext+0x3ce>
10005e94:	4633      	mov	r3, r6
10005e96:	4810      	ldr	r0, [pc, #64]	@ (10005ed8 <tud_task_ext+0x778>)
10005e98:	9204      	str	r2, [sp, #16]
10005e9a:	9102      	str	r1, [sp, #8]
10005e9c:	f000 fe76 	bl	10006b8c <tu_edpt_bind_driver>
10005ea0:	4b0e      	ldr	r3, [pc, #56]	@ (10005edc <tud_task_ext+0x77c>)
10005ea2:	9a04      	ldr	r2, [sp, #16]
10005ea4:	9902      	ldr	r1, [sp, #8]
10005ea6:	781b      	ldrb	r3, [r3, #0]
10005ea8:	4411      	add	r1, r2
10005eaa:	9a00      	ldr	r2, [sp, #0]
10005eac:	3301      	adds	r3, #1
10005eae:	4293      	cmp	r3, r2
10005eb0:	f6bf ae34 	bge.w	10005b1c <tud_task_ext+0x3bc>
10005eb4:	e778      	b.n	10005da8 <tud_task_ext+0x648>
10005eb6:	f8d8 c010 	ldr.w	ip, [r8, #16]
10005eba:	4809      	ldr	r0, [pc, #36]	@ (10005ee0 <tud_task_ext+0x780>)
10005ebc:	4584      	cmp	ip, r0
10005ebe:	bf08      	it	eq
10005ec0:	2302      	moveq	r3, #2
10005ec2:	e75d      	b.n	10005d80 <tud_task_ext+0x620>
10005ec4:	f04f 23e0 	mov.w	r3, #3758153728	@ 0xe000e000
10005ec8:	f8d3 3df0 	ldr.w	r3, [r3, #3568]	@ 0xdf0
10005ecc:	07db      	lsls	r3, r3, #31
10005ece:	f57f ac57 	bpl.w	10005780 <tud_task_ext+0x20>
10005ed2:	be00      	bkpt	0x0000
10005ed4:	e454      	b.n	10005780 <tud_task_ext+0x20>
10005ed6:	bf00      	nop
10005ed8:	20001c74 	.word	0x20001c74
10005edc:	20002525 	.word	0x20002525
10005ee0:	100065ad 	.word	0x100065ad

10005ee4 <usbd_open_edpt_pair>:
10005ee4:	e92d 4ff8 	stmdb	sp!, {r3, r4, r5, r6, r7, r8, r9, sl, fp, lr}
10005ee8:	9f0a      	ldr	r7, [sp, #40]	@ 0x28
10005eea:	2a00      	cmp	r2, #0
10005eec:	d040      	beq.n	10005f70 <usbd_open_edpt_pair+0x8c>
10005eee:	460c      	mov	r4, r1
10005ef0:	461e      	mov	r6, r3
10005ef2:	4615      	mov	r5, r2
10005ef4:	f04f 0a00 	mov.w	sl, #0
10005ef8:	f8df 907c 	ldr.w	r9, [pc, #124]	@ 10005f78 <usbd_open_edpt_pair+0x94>
10005efc:	f8df 807c 	ldr.w	r8, [pc, #124]	@ 10005f7c <usbd_open_edpt_pair+0x98>
10005f00:	e018      	b.n	10005f34 <usbd_open_edpt_pair+0x50>
10005f02:	4620      	mov	r0, r4
10005f04:	f898 1002 	ldrb.w	r1, [r8, #2]
10005f08:	f899 b000 	ldrb.w	fp, [r9]
10005f0c:	f000 fe0e 	bl	10006b2c <tu_edpt_validate>
10005f10:	b1e0      	cbz	r0, 10005f4c <usbd_open_edpt_pair+0x68>
10005f12:	4621      	mov	r1, r4
10005f14:	4658      	mov	r0, fp
10005f16:	f7ff fa41 	bl	1000539c <dcd_edpt_open>
10005f1a:	b1f0      	cbz	r0, 10005f5a <usbd_open_edpt_pair+0x76>
10005f1c:	78a2      	ldrb	r2, [r4, #2]
10005f1e:	f10a 0a01 	add.w	sl, sl, #1
10005f22:	09d1      	lsrs	r1, r2, #7
10005f24:	bf16      	itet	ne
10005f26:	9b0b      	ldrne	r3, [sp, #44]	@ 0x2c
10005f28:	703a      	strbeq	r2, [r7, #0]
10005f2a:	701a      	strbne	r2, [r3, #0]
10005f2c:	7822      	ldrb	r2, [r4, #0]
10005f2e:	45aa      	cmp	sl, r5
10005f30:	4414      	add	r4, r2
10005f32:	d01d      	beq.n	10005f70 <usbd_open_edpt_pair+0x8c>
10005f34:	7862      	ldrb	r2, [r4, #1]
10005f36:	2a05      	cmp	r2, #5
10005f38:	d10f      	bne.n	10005f5a <usbd_open_edpt_pair+0x76>
10005f3a:	78e1      	ldrb	r1, [r4, #3]
10005f3c:	f001 0103 	and.w	r1, r1, #3
10005f40:	42b1      	cmp	r1, r6
10005f42:	d10a      	bne.n	10005f5a <usbd_open_edpt_pair+0x76>
10005f44:	78a2      	ldrb	r2, [r4, #2]
10005f46:	f012 0f70 	tst.w	r2, #112	@ 0x70
10005f4a:	d0da      	beq.n	10005f02 <usbd_open_edpt_pair+0x1e>
10005f4c:	f04f 23e0 	mov.w	r3, #3758153728	@ 0xe000e000
10005f50:	f8d3 3df0 	ldr.w	r3, [r3, #3568]	@ 0xdf0
10005f54:	07da      	lsls	r2, r3, #31
10005f56:	d500      	bpl.n	10005f5a <usbd_open_edpt_pair+0x76>
10005f58:	be00      	bkpt	0x0000
10005f5a:	f04f 23e0 	mov.w	r3, #3758153728	@ 0xe000e000
10005f5e:	f8d3 3df0 	ldr.w	r3, [r3, #3568]	@ 0xdf0
10005f62:	07db      	lsls	r3, r3, #31
10005f64:	d402      	bmi.n	10005f6c <usbd_open_edpt_pair+0x88>
10005f66:	2000      	movs	r0, #0
10005f68:	e8bd 8ff8 	ldmia.w	sp!, {r3, r4, r5, r6, r7, r8, r9, sl, fp, pc}
10005f6c:	be00      	bkpt	0x0000
10005f6e:	e7fa      	b.n	10005f66 <usbd_open_edpt_pair+0x82>
10005f70:	2001      	movs	r0, #1
10005f72:	e8bd 8ff8 	ldmia.w	sp!, {r3, r4, r5, r6, r7, r8, r9, sl, fp, pc}
10005f76:	bf00      	nop
10005f78:	20001680 	.word	0x20001680
10005f7c:	20001c60 	.word	0x20001c60

10005f80 <usbd_edpt_open>:
10005f80:	b538      	push	{r3, r4, r5, lr}
10005f82:	788b      	ldrb	r3, [r1, #2]
10005f84:	f013 0f70 	tst.w	r3, #112	@ 0x70
10005f88:	d008      	beq.n	10005f9c <usbd_edpt_open+0x1c>
10005f8a:	f04f 23e0 	mov.w	r3, #3758153728	@ 0xe000e000
10005f8e:	f8d3 3df0 	ldr.w	r3, [r3, #3568]	@ 0xdf0
10005f92:	07db      	lsls	r3, r3, #31
10005f94:	d500      	bpl.n	10005f98 <usbd_edpt_open+0x18>
10005f96:	be00      	bkpt	0x0000
10005f98:	2000      	movs	r0, #0
10005f9a:	bd38      	pop	{r3, r4, r5, pc}
10005f9c:	4a07      	ldr	r2, [pc, #28]	@ (10005fbc <usbd_edpt_open+0x3c>)
10005f9e:	4b08      	ldr	r3, [pc, #32]	@ (10005fc0 <usbd_edpt_open+0x40>)
10005fa0:	460c      	mov	r4, r1
10005fa2:	4608      	mov	r0, r1
10005fa4:	7891      	ldrb	r1, [r2, #2]
10005fa6:	781d      	ldrb	r5, [r3, #0]
10005fa8:	f000 fdc0 	bl	10006b2c <tu_edpt_validate>
10005fac:	2800      	cmp	r0, #0
10005fae:	d0ec      	beq.n	10005f8a <usbd_edpt_open+0xa>
10005fb0:	4621      	mov	r1, r4
10005fb2:	4628      	mov	r0, r5
10005fb4:	e8bd 4038 	ldmia.w	sp!, {r3, r4, r5, lr}
10005fb8:	f7ff b9f0 	b.w	1000539c <dcd_edpt_open>
10005fbc:	20001c60 	.word	0x20001c60
10005fc0:	20001680 	.word	0x20001680

10005fc4 <usbd_edpt_claim>:
10005fc4:	460b      	mov	r3, r1
10005fc6:	4a06      	ldr	r2, [pc, #24]	@ (10005fe0 <usbd_edpt_claim+0x1c>)
10005fc8:	4806      	ldr	r0, [pc, #24]	@ (10005fe4 <usbd_edpt_claim+0x20>)
10005fca:	6811      	ldr	r1, [r2, #0]
10005fcc:	09da      	lsrs	r2, r3, #7
10005fce:	3234      	adds	r2, #52	@ 0x34
10005fd0:	f003 037f 	and.w	r3, r3, #127	@ 0x7f
10005fd4:	eb02 0343 	add.w	r3, r2, r3, lsl #1
10005fd8:	4418      	add	r0, r3
10005fda:	f000 bd61 	b.w	10006aa0 <tu_edpt_claim>
10005fde:	bf00      	nop
10005fe0:	20001cb4 	.word	0x20001cb4
10005fe4:	20001c60 	.word	0x20001c60

10005fe8 <usbd_edpt_release>:
10005fe8:	460b      	mov	r3, r1
10005fea:	4a06      	ldr	r2, [pc, #24]	@ (10006004 <usbd_edpt_release+0x1c>)
10005fec:	4806      	ldr	r0, [pc, #24]	@ (10006008 <usbd_edpt_release+0x20>)
10005fee:	6811      	ldr	r1, [r2, #0]
10005ff0:	09da      	lsrs	r2, r3, #7
10005ff2:	3234      	adds	r2, #52	@ 0x34
10005ff4:	f003 037f 	and.w	r3, r3, #127	@ 0x7f
10005ff8:	eb02 0343 	add.w	r3, r2, r3, lsl #1
10005ffc:	4418      	add	r0, r3
10005ffe:	f000 bd79 	b.w	10006af4 <tu_edpt_release>
10006002:	bf00      	nop
10006004:	20001cb4 	.word	0x20001cb4
10006008:	20001c60 	.word	0x20001c60

1000600c <usbd_edpt_xfer>:
1000600c:	b510      	push	{r4, lr}
1000600e:	4819      	ldr	r0, [pc, #100]	@ (10006074 <usbd_edpt_xfer+0x68>)
10006010:	f001 0c7f 	and.w	ip, r1, #127	@ 0x7f
10006014:	eb00 004c 	add.w	r0, r0, ip, lsl #1
10006018:	eb00 10d1 	add.w	r0, r0, r1, lsr #7
1000601c:	f890 c034 	ldrb.w	ip, [r0, #52]	@ 0x34
10006020:	f01c 0f01 	tst.w	ip, #1
10006024:	d008      	beq.n	10006038 <usbd_edpt_xfer+0x2c>
10006026:	f04f 23e0 	mov.w	r3, #3758153728	@ 0xe000e000
1000602a:	f8d3 3df0 	ldr.w	r3, [r3, #3568]	@ 0xdf0
1000602e:	07da      	lsls	r2, r3, #31
10006030:	d500      	bpl.n	10006034 <usbd_edpt_xfer+0x28>
10006032:	be00      	bkpt	0x0000
10006034:	2000      	movs	r0, #0
10006036:	bd10      	pop	{r4, pc}
10006038:	f100 0430 	add.w	r4, r0, #48	@ 0x30
1000603c:	f894 c004 	ldrb.w	ip, [r4, #4]
10006040:	480d      	ldr	r0, [pc, #52]	@ (10006078 <usbd_edpt_xfer+0x6c>)
10006042:	f04c 0c01 	orr.w	ip, ip, #1
10006046:	7800      	ldrb	r0, [r0, #0]
10006048:	f884 c004 	strb.w	ip, [r4, #4]
1000604c:	f7ff fa2a 	bl	100054a4 <dcd_edpt_xfer>
10006050:	2800      	cmp	r0, #0
10006052:	d1f0      	bne.n	10006036 <usbd_edpt_xfer+0x2a>
10006054:	f04f 21e0 	mov.w	r1, #3758153728	@ 0xe000e000
10006058:	7922      	ldrb	r2, [r4, #4]
1000605a:	f360 0200 	bfi	r2, r0, #0, #1
1000605e:	7122      	strb	r2, [r4, #4]
10006060:	7922      	ldrb	r2, [r4, #4]
10006062:	f360 0282 	bfi	r2, r0, #2, #1
10006066:	7122      	strb	r2, [r4, #4]
10006068:	f8d1 3df0 	ldr.w	r3, [r1, #3568]	@ 0xdf0
1000606c:	07db      	lsls	r3, r3, #31
1000606e:	d5e1      	bpl.n	10006034 <usbd_edpt_xfer+0x28>
10006070:	be00      	bkpt	0x0000
10006072:	e7df      	b.n	10006034 <usbd_edpt_xfer+0x28>
10006074:	20001c60 	.word	0x20001c60
10006078:	20001680 	.word	0x20001680

1000607c <tud_control_status>:
1000607c:	b530      	push	{r4, r5, lr}
1000607e:	4c0b      	ldr	r4, [pc, #44]	@ (100060ac <tud_control_status+0x30>)
10006080:	468c      	mov	ip, r1
10006082:	46a6      	mov	lr, r4
10006084:	4605      	mov	r5, r0
10006086:	6808      	ldr	r0, [r1, #0]
10006088:	6849      	ldr	r1, [r1, #4]
1000608a:	2300      	movs	r3, #0
1000608c:	e8ae 0003 	stmia.w	lr!, {r0, r1}
10006090:	f89c 1000 	ldrb.w	r1, [ip]
10006094:	4628      	mov	r0, r5
10006096:	43c9      	mvns	r1, r1
10006098:	e9c4 3302 	strd	r3, r3, [r4, #8]
1000609c:	e8bd 4030 	ldmia.w	sp!, {r4, r5, lr}
100060a0:	461a      	mov	r2, r3
100060a2:	f001 0180 	and.w	r1, r1, #128	@ 0x80
100060a6:	f7ff bfb1 	b.w	1000600c <usbd_edpt_xfer>
100060aa:	bf00      	nop
100060ac:	20001c20 	.word	0x20001c20

100060b0 <tud_control_xfer>:
100060b0:	e92d 41f0 	stmdb	sp!, {r4, r5, r6, r7, r8, lr}
100060b4:	4f28      	ldr	r7, [pc, #160]	@ (10006158 <tud_control_xfer+0xa8>)
100060b6:	f04f 0800 	mov.w	r8, #0
100060ba:	46be      	mov	lr, r7
100060bc:	468c      	mov	ip, r1
100060be:	4606      	mov	r6, r0
100060c0:	6808      	ldr	r0, [r1, #0]
100060c2:	6849      	ldr	r1, [r1, #4]
100060c4:	60ba      	str	r2, [r7, #8]
100060c6:	e8ae 0003 	stmia.w	lr!, {r0, r1}
100060ca:	f8a7 800e 	strh.w	r8, [r7, #14]
100060ce:	4615      	mov	r5, r2
100060d0:	f8bc 2006 	ldrh.w	r2, [ip, #6]
100060d4:	4293      	cmp	r3, r2
100060d6:	bf28      	it	cs
100060d8:	4613      	movcs	r3, r2
100060da:	81bb      	strh	r3, [r7, #12]
100060dc:	b19a      	cbz	r2, 10006106 <tud_control_xfer+0x56>
100060de:	461c      	mov	r4, r3
100060e0:	b333      	cbz	r3, 10006130 <tud_control_xfer+0x80>
100060e2:	b1dd      	cbz	r5, 1000611c <tud_control_xfer+0x6c>
100060e4:	f997 3000 	ldrsb.w	r3, [r7]
100060e8:	2c40      	cmp	r4, #64	@ 0x40
100060ea:	bf28      	it	cs
100060ec:	2440      	movcs	r4, #64	@ 0x40
100060ee:	2b00      	cmp	r3, #0
100060f0:	db29      	blt.n	10006146 <tud_control_xfer+0x96>
100060f2:	4641      	mov	r1, r8
100060f4:	4623      	mov	r3, r4
100060f6:	4630      	mov	r0, r6
100060f8:	4a18      	ldr	r2, [pc, #96]	@ (1000615c <tud_control_xfer+0xac>)
100060fa:	f7ff ff87 	bl	1000600c <usbd_edpt_xfer>
100060fe:	b168      	cbz	r0, 1000611c <tud_control_xfer+0x6c>
10006100:	2001      	movs	r0, #1
10006102:	e8bd 81f0 	ldmia.w	sp!, {r4, r5, r6, r7, r8, pc}
10006106:	f89c 1000 	ldrb.w	r1, [ip]
1000610a:	4613      	mov	r3, r2
1000610c:	43c9      	mvns	r1, r1
1000610e:	4630      	mov	r0, r6
10006110:	f001 0180 	and.w	r1, r1, #128	@ 0x80
10006114:	f7ff ff7a 	bl	1000600c <usbd_edpt_xfer>
10006118:	2800      	cmp	r0, #0
1000611a:	d1f1      	bne.n	10006100 <tud_control_xfer+0x50>
1000611c:	f04f 23e0 	mov.w	r3, #3758153728	@ 0xe000e000
10006120:	f8d3 3df0 	ldr.w	r3, [r3, #3568]	@ 0xdf0
10006124:	07db      	lsls	r3, r3, #31
10006126:	d500      	bpl.n	1000612a <tud_control_xfer+0x7a>
10006128:	be00      	bkpt	0x0000
1000612a:	2000      	movs	r0, #0
1000612c:	e8bd 81f0 	ldmia.w	sp!, {r4, r5, r6, r7, r8, pc}
10006130:	461a      	mov	r2, r3
10006132:	7839      	ldrb	r1, [r7, #0]
10006134:	f001 0180 	and.w	r1, r1, #128	@ 0x80
10006138:	4623      	mov	r3, r4
1000613a:	4630      	mov	r0, r6
1000613c:	f7ff ff66 	bl	1000600c <usbd_edpt_xfer>
10006140:	2800      	cmp	r0, #0
10006142:	d1dd      	bne.n	10006100 <tud_control_xfer+0x50>
10006144:	e7ea      	b.n	1000611c <tud_control_xfer+0x6c>
10006146:	4622      	mov	r2, r4
10006148:	4629      	mov	r1, r5
1000614a:	4804      	ldr	r0, [pc, #16]	@ (1000615c <tud_control_xfer+0xac>)
1000614c:	f001 f97a 	bl	10007444 <memcpy>
10006150:	2180      	movs	r1, #128	@ 0x80
10006152:	4a02      	ldr	r2, [pc, #8]	@ (1000615c <tud_control_xfer+0xac>)
10006154:	e7f0      	b.n	10006138 <tud_control_xfer+0x88>
10006156:	bf00      	nop
10006158:	20001c20 	.word	0x20001c20
1000615c:	20001be0 	.word	0x20001be0

10006160 <usbd_control_reset>:
10006160:	2200      	movs	r2, #0
10006162:	4b03      	ldr	r3, [pc, #12]	@ (10006170 <usbd_control_reset+0x10>)
10006164:	e9c3 2200 	strd	r2, r2, [r3]
10006168:	e9c3 2202 	strd	r2, r2, [r3, #8]
1000616c:	611a      	str	r2, [r3, #16]
1000616e:	4770      	bx	lr
10006170:	20001c20 	.word	0x20001c20

10006174 <usbd_control_set_complete_callback>:
10006174:	4b01      	ldr	r3, [pc, #4]	@ (1000617c <usbd_control_set_complete_callback+0x8>)
10006176:	6118      	str	r0, [r3, #16]
10006178:	4770      	bx	lr
1000617a:	bf00      	nop
1000617c:	20001c20 	.word	0x20001c20

10006180 <usbd_control_set_request>:
10006180:	b430      	push	{r4, r5}
10006182:	4602      	mov	r2, r0
10006184:	4c04      	ldr	r4, [pc, #16]	@ (10006198 <usbd_control_set_request+0x18>)
10006186:	2500      	movs	r5, #0
10006188:	4623      	mov	r3, r4
1000618a:	6800      	ldr	r0, [r0, #0]
1000618c:	6851      	ldr	r1, [r2, #4]
1000618e:	e9c4 5502 	strd	r5, r5, [r4, #8]
10006192:	bc30      	pop	{r4, r5}
10006194:	c303      	stmia	r3!, {r0, r1}
10006196:	4770      	bx	lr
10006198:	20001c20 	.word	0x20001c20

1000619c <usbd_control_xfer_cb>:
1000619c:	b570      	push	{r4, r5, r6, lr}
1000619e:	4c3d      	ldr	r4, [pc, #244]	@ (10006294 <usbd_control_xfer_cb+0xf8>)
100061a0:	09c9      	lsrs	r1, r1, #7
100061a2:	7822      	ldrb	r2, [r4, #0]
100061a4:	4606      	mov	r6, r0
100061a6:	ebb1 1fd2 	cmp.w	r1, r2, lsr #7
100061aa:	461d      	mov	r5, r3
100061ac:	b082      	sub	sp, #8
100061ae:	d017      	beq.n	100061e0 <usbd_control_xfer_cb+0x44>
100061b0:	b153      	cbz	r3, 100061c8 <usbd_control_xfer_cb+0x2c>
100061b2:	f04f 23e0 	mov.w	r3, #3758153728	@ 0xe000e000
100061b6:	f8d3 3df0 	ldr.w	r3, [r3, #3568]	@ 0xdf0
100061ba:	07db      	lsls	r3, r3, #31
100061bc:	d402      	bmi.n	100061c4 <usbd_control_xfer_cb+0x28>
100061be:	2000      	movs	r0, #0
100061c0:	b002      	add	sp, #8
100061c2:	bd70      	pop	{r4, r5, r6, pc}
100061c4:	be00      	bkpt	0x0000
100061c6:	e7fa      	b.n	100061be <usbd_control_xfer_cb+0x22>
100061c8:	4621      	mov	r1, r4
100061ca:	f7ff f8d9 	bl	10005380 <dcd_edpt0_status_complete>
100061ce:	6923      	ldr	r3, [r4, #16]
100061d0:	b11b      	cbz	r3, 100061da <usbd_control_xfer_cb+0x3e>
100061d2:	4622      	mov	r2, r4
100061d4:	2103      	movs	r1, #3
100061d6:	4630      	mov	r0, r6
100061d8:	4798      	blx	r3
100061da:	2001      	movs	r0, #1
100061dc:	b002      	add	sp, #8
100061de:	bd70      	pop	{r4, r5, r6, pc}
100061e0:	f994 3000 	ldrsb.w	r3, [r4]
100061e4:	2b00      	cmp	r3, #0
100061e6:	db06      	blt.n	100061f6 <usbd_control_xfer_cb+0x5a>
100061e8:	68a0      	ldr	r0, [r4, #8]
100061ea:	2800      	cmp	r0, #0
100061ec:	d0e7      	beq.n	100061be <usbd_control_xfer_cb+0x22>
100061ee:	462a      	mov	r2, r5
100061f0:	4929      	ldr	r1, [pc, #164]	@ (10006298 <usbd_control_xfer_cb+0xfc>)
100061f2:	f001 f927 	bl	10007444 <memcpy>
100061f6:	89e0      	ldrh	r0, [r4, #14]
100061f8:	68a1      	ldr	r1, [r4, #8]
100061fa:	88e3      	ldrh	r3, [r4, #6]
100061fc:	4428      	add	r0, r5
100061fe:	b280      	uxth	r0, r0
10006200:	4429      	add	r1, r5
10006202:	4283      	cmp	r3, r0
10006204:	81e0      	strh	r0, [r4, #14]
10006206:	60a1      	str	r1, [r4, #8]
10006208:	d016      	beq.n	10006238 <usbd_control_xfer_cb+0x9c>
1000620a:	2d3f      	cmp	r5, #63	@ 0x3f
1000620c:	d914      	bls.n	10006238 <usbd_control_xfer_cb+0x9c>
1000620e:	89a2      	ldrh	r2, [r4, #12]
10006210:	f994 4000 	ldrsb.w	r4, [r4]
10006214:	1a13      	subs	r3, r2, r0
10006216:	b29b      	uxth	r3, r3
10006218:	2b40      	cmp	r3, #64	@ 0x40
1000621a:	bf28      	it	cs
1000621c:	2340      	movcs	r3, #64	@ 0x40
1000621e:	2c00      	cmp	r4, #0
10006220:	db27      	blt.n	10006272 <usbd_control_xfer_cb+0xd6>
10006222:	4290      	cmp	r0, r2
10006224:	f04f 0100 	mov.w	r1, #0
10006228:	d031      	beq.n	1000628e <usbd_control_xfer_cb+0xf2>
1000622a:	4a1b      	ldr	r2, [pc, #108]	@ (10006298 <usbd_control_xfer_cb+0xfc>)
1000622c:	4630      	mov	r0, r6
1000622e:	f7ff feed 	bl	1000600c <usbd_edpt_xfer>
10006232:	2800      	cmp	r0, #0
10006234:	d1d1      	bne.n	100061da <usbd_control_xfer_cb+0x3e>
10006236:	e7bc      	b.n	100061b2 <usbd_control_xfer_cb+0x16>
10006238:	6923      	ldr	r3, [r4, #16]
1000623a:	b123      	cbz	r3, 10006246 <usbd_control_xfer_cb+0xaa>
1000623c:	2102      	movs	r1, #2
1000623e:	4630      	mov	r0, r6
10006240:	4a14      	ldr	r2, [pc, #80]	@ (10006294 <usbd_control_xfer_cb+0xf8>)
10006242:	4798      	blx	r3
10006244:	b160      	cbz	r0, 10006260 <usbd_control_xfer_cb+0xc4>
10006246:	7821      	ldrb	r1, [r4, #0]
10006248:	2300      	movs	r3, #0
1000624a:	43c9      	mvns	r1, r1
1000624c:	4630      	mov	r0, r6
1000624e:	461a      	mov	r2, r3
10006250:	f001 0180 	and.w	r1, r1, #128	@ 0x80
10006254:	f7ff feda 	bl	1000600c <usbd_edpt_xfer>
10006258:	2800      	cmp	r0, #0
1000625a:	d0aa      	beq.n	100061b2 <usbd_control_xfer_cb+0x16>
1000625c:	2001      	movs	r0, #1
1000625e:	e7bd      	b.n	100061dc <usbd_control_xfer_cb+0x40>
10006260:	4601      	mov	r1, r0
10006262:	4630      	mov	r0, r6
10006264:	f7ff f932 	bl	100054cc <dcd_edpt_stall>
10006268:	2180      	movs	r1, #128	@ 0x80
1000626a:	4630      	mov	r0, r6
1000626c:	f7ff f92e 	bl	100054cc <dcd_edpt_stall>
10006270:	e7b3      	b.n	100061da <usbd_control_xfer_cb+0x3e>
10006272:	4290      	cmp	r0, r2
10006274:	d008      	beq.n	10006288 <usbd_control_xfer_cb+0xec>
10006276:	461a      	mov	r2, r3
10006278:	4807      	ldr	r0, [pc, #28]	@ (10006298 <usbd_control_xfer_cb+0xfc>)
1000627a:	9301      	str	r3, [sp, #4]
1000627c:	f001 f8e2 	bl	10007444 <memcpy>
10006280:	2180      	movs	r1, #128	@ 0x80
10006282:	4a05      	ldr	r2, [pc, #20]	@ (10006298 <usbd_control_xfer_cb+0xfc>)
10006284:	9b01      	ldr	r3, [sp, #4]
10006286:	e7d1      	b.n	1000622c <usbd_control_xfer_cb+0x90>
10006288:	2180      	movs	r1, #128	@ 0x80
1000628a:	2200      	movs	r2, #0
1000628c:	e7ce      	b.n	1000622c <usbd_control_xfer_cb+0x90>
1000628e:	460a      	mov	r2, r1
10006290:	e7cc      	b.n	1000622c <usbd_control_xfer_cb+0x90>
10006292:	bf00      	nop
10006294:	20001c20 	.word	0x20001c20
10006298:	20001be0 	.word	0x20001be0

1000629c <_prep_out_transaction.isra.0>:
1000629c:	e92d 41f0 	stmdb	sp!, {r4, r5, r6, r7, r8, lr}
100062a0:	4604      	mov	r4, r0
100062a2:	f7ff f9d3 	bl	1000564c <tud_mounted>
100062a6:	b908      	cbnz	r0, 100062ac <_prep_out_transaction.isra.0+0x10>
100062a8:	e8bd 81f0 	ldmia.w	sp!, {r4, r5, r6, r7, r8, pc}
100062ac:	f7ff f9d6 	bl	1000565c <tud_suspended>
100062b0:	4605      	mov	r5, r0
100062b2:	2800      	cmp	r0, #0
100062b4:	d1f8      	bne.n	100062a8 <_prep_out_transaction.isra.0+0xc>
100062b6:	23c8      	movs	r3, #200	@ 0xc8
100062b8:	fb04 f303 	mul.w	r3, r4, r3
100062bc:	4e12      	ldr	r6, [pc, #72]	@ (10006308 <_prep_out_transaction.isra.0+0x6c>)
100062be:	18f7      	adds	r7, r6, r3
100062c0:	78f9      	ldrb	r1, [r7, #3]
100062c2:	2900      	cmp	r1, #0
100062c4:	d0f0      	beq.n	100062a8 <_prep_out_transaction.isra.0+0xc>
100062c6:	3310      	adds	r3, #16
100062c8:	441e      	add	r6, r3
100062ca:	4630      	mov	r0, r6
100062cc:	f000 fdd2 	bl	10006e74 <tu_fifo_remaining>
100062d0:	283f      	cmp	r0, #63	@ 0x3f
100062d2:	d9e9      	bls.n	100062a8 <_prep_out_transaction.isra.0+0xc>
100062d4:	4628      	mov	r0, r5
100062d6:	78f9      	ldrb	r1, [r7, #3]
100062d8:	f7ff fe74 	bl	10005fc4 <usbd_edpt_claim>
100062dc:	2800      	cmp	r0, #0
100062de:	d0e3      	beq.n	100062a8 <_prep_out_transaction.isra.0+0xc>
100062e0:	4630      	mov	r0, r6
100062e2:	f000 fdc7 	bl	10006e74 <tu_fifo_remaining>
100062e6:	283f      	cmp	r0, #63	@ 0x3f
100062e8:	78f9      	ldrb	r1, [r7, #3]
100062ea:	d908      	bls.n	100062fe <_prep_out_transaction.isra.0+0x62>
100062ec:	4a07      	ldr	r2, [pc, #28]	@ (1000630c <_prep_out_transaction.isra.0+0x70>)
100062ee:	4628      	mov	r0, r5
100062f0:	eb02 12c4 	add.w	r2, r2, r4, lsl #7
100062f4:	2340      	movs	r3, #64	@ 0x40
100062f6:	e8bd 41f0 	ldmia.w	sp!, {r4, r5, r6, r7, r8, lr}
100062fa:	f7ff be87 	b.w	1000600c <usbd_edpt_xfer>
100062fe:	4628      	mov	r0, r5
10006300:	e8bd 41f0 	ldmia.w	sp!, {r4, r5, r6, r7, r8, lr}
10006304:	f7ff be70 	b.w	10005fe8 <usbd_edpt_release>
10006308:	20001b18 	.word	0x20001b18
1000630c:	20001a94 	.word	0x20001a94

10006310 <tud_cdc_n_connected>:
10006310:	b510      	push	{r4, lr}
10006312:	4604      	mov	r4, r0
10006314:	f7ff f99a 	bl	1000564c <tud_mounted>
10006318:	b908      	cbnz	r0, 1000631e <tud_cdc_n_connected+0xe>
1000631a:	2000      	movs	r0, #0
1000631c:	bd10      	pop	{r4, pc}
1000631e:	f7ff f99d 	bl	1000565c <tud_suspended>
10006322:	2800      	cmp	r0, #0
10006324:	d1f9      	bne.n	1000631a <tud_cdc_n_connected+0xa>
10006326:	22c8      	movs	r2, #200	@ 0xc8
10006328:	4b03      	ldr	r3, [pc, #12]	@ (10006338 <tud_cdc_n_connected+0x28>)
1000632a:	fb02 3304 	mla	r3, r2, r4, r3
1000632e:	7918      	ldrb	r0, [r3, #4]
10006330:	f000 0001 	and.w	r0, r0, #1
10006334:	bd10      	pop	{r4, pc}
10006336:	bf00      	nop
10006338:	20001b18 	.word	0x20001b18

1000633c <tud_cdc_n_available>:
1000633c:	22c8      	movs	r2, #200	@ 0xc8
1000633e:	b508      	push	{r3, lr}
10006340:	4b02      	ldr	r3, [pc, #8]	@ (1000634c <tud_cdc_n_available+0x10>)
10006342:	fb02 3000 	mla	r0, r2, r0, r3
10006346:	f000 fd7b 	bl	10006e40 <tu_fifo_count>
1000634a:	bd08      	pop	{r3, pc}
1000634c:	20001b28 	.word	0x20001b28

10006350 <tud_cdc_n_read>:
10006350:	e92d 43f8 	stmdb	sp!, {r3, r4, r5, r6, r7, r8, r9, lr}
10006354:	f64f 73ff 	movw	r3, #65535	@ 0xffff
10006358:	24c8      	movs	r4, #200	@ 0xc8
1000635a:	429a      	cmp	r2, r3
1000635c:	bf28      	it	cs
1000635e:	461a      	movcs	r2, r3
10006360:	fb00 f404 	mul.w	r4, r0, r4
10006364:	f8df 8074 	ldr.w	r8, [pc, #116]	@ 100063dc <tud_cdc_n_read+0x8c>
10006368:	f104 0510 	add.w	r5, r4, #16
1000636c:	4445      	add	r5, r8
1000636e:	4606      	mov	r6, r0
10006370:	b292      	uxth	r2, r2
10006372:	4628      	mov	r0, r5
10006374:	f000 fdda 	bl	10006f2c <tu_fifo_read_n>
10006378:	4607      	mov	r7, r0
1000637a:	f7ff f967 	bl	1000564c <tud_mounted>
1000637e:	b910      	cbnz	r0, 10006386 <tud_cdc_n_read+0x36>
10006380:	4638      	mov	r0, r7
10006382:	e8bd 83f8 	ldmia.w	sp!, {r3, r4, r5, r6, r7, r8, r9, pc}
10006386:	f7ff f969 	bl	1000565c <tud_suspended>
1000638a:	4681      	mov	r9, r0
1000638c:	2800      	cmp	r0, #0
1000638e:	d1f7      	bne.n	10006380 <tud_cdc_n_read+0x30>
10006390:	44a0      	add	r8, r4
10006392:	f898 3003 	ldrb.w	r3, [r8, #3]
10006396:	2b00      	cmp	r3, #0
10006398:	d0f2      	beq.n	10006380 <tud_cdc_n_read+0x30>
1000639a:	4628      	mov	r0, r5
1000639c:	f000 fd6a 	bl	10006e74 <tu_fifo_remaining>
100063a0:	283f      	cmp	r0, #63	@ 0x3f
100063a2:	d9ed      	bls.n	10006380 <tud_cdc_n_read+0x30>
100063a4:	4648      	mov	r0, r9
100063a6:	f898 1003 	ldrb.w	r1, [r8, #3]
100063aa:	f7ff fe0b 	bl	10005fc4 <usbd_edpt_claim>
100063ae:	2800      	cmp	r0, #0
100063b0:	d0e6      	beq.n	10006380 <tud_cdc_n_read+0x30>
100063b2:	4628      	mov	r0, r5
100063b4:	f000 fd5e 	bl	10006e74 <tu_fifo_remaining>
100063b8:	283f      	cmp	r0, #63	@ 0x3f
100063ba:	f898 1003 	ldrb.w	r1, [r8, #3]
100063be:	d907      	bls.n	100063d0 <tud_cdc_n_read+0x80>
100063c0:	4a05      	ldr	r2, [pc, #20]	@ (100063d8 <tud_cdc_n_read+0x88>)
100063c2:	4648      	mov	r0, r9
100063c4:	2340      	movs	r3, #64	@ 0x40
100063c6:	eb02 12c6 	add.w	r2, r2, r6, lsl #7
100063ca:	f7ff fe1f 	bl	1000600c <usbd_edpt_xfer>
100063ce:	e7d7      	b.n	10006380 <tud_cdc_n_read+0x30>
100063d0:	4648      	mov	r0, r9
100063d2:	f7ff fe09 	bl	10005fe8 <usbd_edpt_release>
100063d6:	e7d3      	b.n	10006380 <tud_cdc_n_read+0x30>
100063d8:	20001a94 	.word	0x20001a94
100063dc:	20001b18 	.word	0x20001b18

100063e0 <tud_cdc_n_write_flush>:
100063e0:	e92d 41f0 	stmdb	sp!, {r4, r5, r6, r7, r8, lr}
100063e4:	4604      	mov	r4, r0
100063e6:	f7ff f931 	bl	1000564c <tud_mounted>
100063ea:	b910      	cbnz	r0, 100063f2 <tud_cdc_n_write_flush+0x12>
100063ec:	2000      	movs	r0, #0
100063ee:	e8bd 81f0 	ldmia.w	sp!, {r4, r5, r6, r7, r8, pc}
100063f2:	f7ff f933 	bl	1000565c <tud_suspended>
100063f6:	4605      	mov	r5, r0
100063f8:	2800      	cmp	r0, #0
100063fa:	d1f7      	bne.n	100063ec <tud_cdc_n_write_flush+0xc>
100063fc:	26c8      	movs	r6, #200	@ 0xc8
100063fe:	fb04 f606 	mul.w	r6, r4, r6
10006402:	f8df 8064 	ldr.w	r8, [pc, #100]	@ 10006468 <tud_cdc_n_write_flush+0x88>
10006406:	f106 0724 	add.w	r7, r6, #36	@ 0x24
1000640a:	4447      	add	r7, r8
1000640c:	4638      	mov	r0, r7
1000640e:	f000 fd17 	bl	10006e40 <tu_fifo_count>
10006412:	2800      	cmp	r0, #0
10006414:	d0ea      	beq.n	100063ec <tud_cdc_n_write_flush+0xc>
10006416:	44b0      	add	r8, r6
10006418:	4628      	mov	r0, r5
1000641a:	f898 1002 	ldrb.w	r1, [r8, #2]
1000641e:	f7ff fdd1 	bl	10005fc4 <usbd_edpt_claim>
10006422:	2800      	cmp	r0, #0
10006424:	d0e2      	beq.n	100063ec <tud_cdc_n_write_flush+0xc>
10006426:	4e0f      	ldr	r6, [pc, #60]	@ (10006464 <tud_cdc_n_write_flush+0x84>)
10006428:	4638      	mov	r0, r7
1000642a:	eb06 16c4 	add.w	r6, r6, r4, lsl #7
1000642e:	4631      	mov	r1, r6
10006430:	2240      	movs	r2, #64	@ 0x40
10006432:	f000 fd7b 	bl	10006f2c <tu_fifo_read_n>
10006436:	f898 1002 	ldrb.w	r1, [r8, #2]
1000643a:	4604      	mov	r4, r0
1000643c:	b168      	cbz	r0, 1000645a <tud_cdc_n_write_flush+0x7a>
1000643e:	4603      	mov	r3, r0
10006440:	4632      	mov	r2, r6
10006442:	4628      	mov	r0, r5
10006444:	f7ff fde2 	bl	1000600c <usbd_edpt_xfer>
10006448:	b950      	cbnz	r0, 10006460 <tud_cdc_n_write_flush+0x80>
1000644a:	f04f 23e0 	mov.w	r3, #3758153728	@ 0xe000e000
1000644e:	f8d3 3df0 	ldr.w	r3, [r3, #3568]	@ 0xdf0
10006452:	07db      	lsls	r3, r3, #31
10006454:	d5ca      	bpl.n	100063ec <tud_cdc_n_write_flush+0xc>
10006456:	be00      	bkpt	0x0000
10006458:	e7c8      	b.n	100063ec <tud_cdc_n_write_flush+0xc>
1000645a:	f7ff fdc5 	bl	10005fe8 <usbd_edpt_release>
1000645e:	e7c5      	b.n	100063ec <tud_cdc_n_write_flush+0xc>
10006460:	4620      	mov	r0, r4
10006462:	e7c4      	b.n	100063ee <tud_cdc_n_write_flush+0xe>
10006464:	20001ad4 	.word	0x20001ad4
10006468:	20001b18 	.word	0x20001b18

1000646c <tud_cdc_n_write>:
1000646c:	b538      	push	{r3, r4, r5, lr}
1000646e:	f64f 75ff 	movw	r5, #65535	@ 0xffff
10006472:	23c8      	movs	r3, #200	@ 0xc8
10006474:	42aa      	cmp	r2, r5
10006476:	bf28      	it	cs
10006478:	462a      	movcs	r2, r5
1000647a:	4c0b      	ldr	r4, [pc, #44]	@ (100064a8 <tud_cdc_n_write+0x3c>)
1000647c:	b292      	uxth	r2, r2
1000647e:	fb03 4400 	mla	r4, r3, r0, r4
10006482:	4605      	mov	r5, r0
10006484:	4620      	mov	r0, r4
10006486:	f000 fe0f 	bl	100070a8 <tu_fifo_write_n>
1000648a:	4603      	mov	r3, r0
1000648c:	4620      	mov	r0, r4
1000648e:	461c      	mov	r4, r3
10006490:	f000 fcd6 	bl	10006e40 <tu_fifo_count>
10006494:	283f      	cmp	r0, #63	@ 0x3f
10006496:	d801      	bhi.n	1000649c <tud_cdc_n_write+0x30>
10006498:	4620      	mov	r0, r4
1000649a:	bd38      	pop	{r3, r4, r5, pc}
1000649c:	4628      	mov	r0, r5
1000649e:	f7ff ff9f 	bl	100063e0 <tud_cdc_n_write_flush>
100064a2:	4620      	mov	r0, r4
100064a4:	bd38      	pop	{r3, r4, r5, pc}
100064a6:	bf00      	nop
100064a8:	20001b3c 	.word	0x20001b3c

100064ac <tud_cdc_n_write_available>:
100064ac:	22c8      	movs	r2, #200	@ 0xc8
100064ae:	b508      	push	{r3, lr}
100064b0:	4b02      	ldr	r3, [pc, #8]	@ (100064bc <tud_cdc_n_write_available+0x10>)
100064b2:	fb02 3000 	mla	r0, r2, r0, r3
100064b6:	f000 fcdd 	bl	10006e74 <tu_fifo_remaining>
100064ba:	bd08      	pop	{r3, pc}
100064bc:	20001b3c 	.word	0x20001b3c

100064c0 <cdcd_init>:
100064c0:	b5f0      	push	{r4, r5, r6, r7, lr}
100064c2:	2400      	movs	r4, #0
100064c4:	b083      	sub	sp, #12
100064c6:	22c8      	movs	r2, #200	@ 0xc8
100064c8:	2100      	movs	r1, #0
100064ca:	4817      	ldr	r0, [pc, #92]	@ (10006528 <cdcd_init+0x68>)
100064cc:	f000 ff66 	bl	1000739c <memset>
100064d0:	23ff      	movs	r3, #255	@ 0xff
100064d2:	f44f 31e1 	mov.w	r1, #115200	@ 0x1c200
100064d6:	2208      	movs	r2, #8
100064d8:	4814      	ldr	r0, [pc, #80]	@ (1000652c <cdcd_init+0x6c>)
100064da:	7004      	strb	r4, [r0, #0]
100064dc:	4812      	ldr	r0, [pc, #72]	@ (10006528 <cdcd_init+0x68>)
100064de:	9400      	str	r4, [sp, #0]
100064e0:	4607      	mov	r7, r0
100064e2:	7143      	strb	r3, [r0, #5]
100064e4:	6081      	str	r1, [r0, #8]
100064e6:	7382      	strb	r2, [r0, #14]
100064e8:	f100 0138 	add.w	r1, r0, #56	@ 0x38
100064ec:	2301      	movs	r3, #1
100064ee:	2240      	movs	r2, #64	@ 0x40
100064f0:	3010      	adds	r0, #16
100064f2:	f000 fc75 	bl	10006de0 <tu_fifo_config>
100064f6:	2301      	movs	r3, #1
100064f8:	2240      	movs	r2, #64	@ 0x40
100064fa:	f107 0178 	add.w	r1, r7, #120	@ 0x78
100064fe:	9300      	str	r3, [sp, #0]
10006500:	f107 06b8 	add.w	r6, r7, #184	@ 0xb8
10006504:	f107 0024 	add.w	r0, r7, #36	@ 0x24
10006508:	f000 fc6a 	bl	10006de0 <tu_fifo_config>
1000650c:	f107 05c0 	add.w	r5, r7, #192	@ 0xc0
10006510:	4630      	mov	r0, r6
10006512:	f7fb fb5f 	bl	10001bd4 <mutex_init>
10006516:	4628      	mov	r0, r5
10006518:	f7fb fb5c 	bl	10001bd4 <mutex_init>
1000651c:	e9c7 4607 	strd	r4, r6, [r7, #28]
10006520:	e9c7 540c 	strd	r5, r4, [r7, #48]	@ 0x30
10006524:	b003      	add	sp, #12
10006526:	bdf0      	pop	{r4, r5, r6, r7, pc}
10006528:	20001b18 	.word	0x20001b18
1000652c:	20001b14 	.word	0x20001b14

10006530 <cdcd_deinit>:
10006530:	4a0a      	ldr	r2, [pc, #40]	@ (1000655c <cdcd_deinit+0x2c>)
10006532:	6b11      	ldr	r1, [r2, #48]	@ 0x30
10006534:	6a13      	ldr	r3, [r2, #32]
10006536:	b161      	cbz	r1, 10006552 <cdcd_deinit+0x22>
10006538:	b13b      	cbz	r3, 1000654a <cdcd_deinit+0x1a>
1000653a:	2300      	movs	r3, #0
1000653c:	e9c2 330c 	strd	r3, r3, [r2, #48]	@ 0x30
10006540:	61d3      	str	r3, [r2, #28]
10006542:	2300      	movs	r3, #0
10006544:	6213      	str	r3, [r2, #32]
10006546:	2001      	movs	r0, #1
10006548:	4770      	bx	lr
1000654a:	2001      	movs	r0, #1
1000654c:	e9c2 330c 	strd	r3, r3, [r2, #48]	@ 0x30
10006550:	4770      	bx	lr
10006552:	2b00      	cmp	r3, #0
10006554:	d0f7      	beq.n	10006546 <cdcd_deinit+0x16>
10006556:	61d1      	str	r1, [r2, #28]
10006558:	e7f3      	b.n	10006542 <cdcd_deinit+0x12>
1000655a:	bf00      	nop
1000655c:	20001b18 	.word	0x20001b18

10006560 <cdcd_reset>:
10006560:	2200      	movs	r2, #0
10006562:	b510      	push	{r4, lr}
10006564:	4c0e      	ldr	r4, [pc, #56]	@ (100065a0 <cdcd_reset+0x40>)
10006566:	480f      	ldr	r0, [pc, #60]	@ (100065a4 <cdcd_reset+0x44>)
10006568:	7823      	ldrb	r3, [r4, #0]
1000656a:	6002      	str	r2, [r0, #0]
1000656c:	7102      	strb	r2, [r0, #4]
1000656e:	07da      	lsls	r2, r3, #31
10006570:	d507      	bpl.n	10006582 <cdcd_reset+0x22>
10006572:	079b      	lsls	r3, r3, #30
10006574:	d50b      	bpl.n	1000658e <cdcd_reset+0x2e>
10006576:	e8bd 4010 	ldmia.w	sp!, {r4, lr}
1000657a:	2101      	movs	r1, #1
1000657c:	480a      	ldr	r0, [pc, #40]	@ (100065a8 <cdcd_reset+0x48>)
1000657e:	f000 be5d 	b.w	1000723c <tu_fifo_set_overwritable>
10006582:	3010      	adds	r0, #16
10006584:	f000 fe3e 	bl	10007204 <tu_fifo_clear>
10006588:	7823      	ldrb	r3, [r4, #0]
1000658a:	079b      	lsls	r3, r3, #30
1000658c:	d4f3      	bmi.n	10006576 <cdcd_reset+0x16>
1000658e:	4806      	ldr	r0, [pc, #24]	@ (100065a8 <cdcd_reset+0x48>)
10006590:	f000 fe38 	bl	10007204 <tu_fifo_clear>
10006594:	e8bd 4010 	ldmia.w	sp!, {r4, lr}
10006598:	2101      	movs	r1, #1
1000659a:	4803      	ldr	r0, [pc, #12]	@ (100065a8 <cdcd_reset+0x48>)
1000659c:	f000 be4e 	b.w	1000723c <tu_fifo_set_overwritable>
100065a0:	20001b14 	.word	0x20001b14
100065a4:	20001b18 	.word	0x20001b18
100065a8:	20001b3c 	.word	0x20001b3c

100065ac <cdcd_open>:
100065ac:	b5f0      	push	{r4, r5, r6, r7, lr}
100065ae:	794b      	ldrb	r3, [r1, #5]
100065b0:	b083      	sub	sp, #12
100065b2:	2b02      	cmp	r3, #2
100065b4:	d102      	bne.n	100065bc <cdcd_open+0x10>
100065b6:	798b      	ldrb	r3, [r1, #6]
100065b8:	2b02      	cmp	r3, #2
100065ba:	d003      	beq.n	100065c4 <cdcd_open+0x18>
100065bc:	2500      	movs	r5, #0
100065be:	4628      	mov	r0, r5
100065c0:	b003      	add	sp, #12
100065c2:	bdf0      	pop	{r4, r5, r6, r7, pc}
100065c4:	4f27      	ldr	r7, [pc, #156]	@ (10006664 <cdcd_open+0xb8>)
100065c6:	78bb      	ldrb	r3, [r7, #2]
100065c8:	b13b      	cbz	r3, 100065da <cdcd_open+0x2e>
100065ca:	f04f 23e0 	mov.w	r3, #3758153728	@ 0xe000e000
100065ce:	f8d3 3df0 	ldr.w	r3, [r3, #3568]	@ 0xdf0
100065d2:	07db      	lsls	r3, r3, #31
100065d4:	d5f2      	bpl.n	100065bc <cdcd_open+0x10>
100065d6:	be00      	bkpt	0x0000
100065d8:	e7f0      	b.n	100065bc <cdcd_open+0x10>
100065da:	788b      	ldrb	r3, [r1, #2]
100065dc:	4606      	mov	r6, r0
100065de:	703b      	strb	r3, [r7, #0]
100065e0:	780b      	ldrb	r3, [r1, #0]
100065e2:	18cc      	adds	r4, r1, r3
100065e4:	7861      	ldrb	r1, [r4, #1]
100065e6:	2924      	cmp	r1, #36	@ 0x24
100065e8:	bf08      	it	eq
100065ea:	2509      	moveq	r5, #9
100065ec:	d007      	beq.n	100065fe <cdcd_open+0x52>
100065ee:	e036      	b.n	1000665e <cdcd_open+0xb2>
100065f0:	7823      	ldrb	r3, [r4, #0]
100065f2:	441c      	add	r4, r3
100065f4:	7861      	ldrb	r1, [r4, #1]
100065f6:	442b      	add	r3, r5
100065f8:	2924      	cmp	r1, #36	@ 0x24
100065fa:	b29d      	uxth	r5, r3
100065fc:	d107      	bne.n	1000660e <cdcd_open+0x62>
100065fe:	42aa      	cmp	r2, r5
10006600:	d2f6      	bcs.n	100065f0 <cdcd_open+0x44>
10006602:	2000      	movs	r0, #0
10006604:	f7ff fe4a 	bl	1000629c <_prep_out_transaction.isra.0>
10006608:	4628      	mov	r0, r5
1000660a:	b003      	add	sp, #12
1000660c:	bdf0      	pop	{r4, r5, r6, r7, pc}
1000660e:	460b      	mov	r3, r1
10006610:	2905      	cmp	r1, #5
10006612:	d016      	beq.n	10006642 <cdcd_open+0x96>
10006614:	2b04      	cmp	r3, #4
10006616:	d1f4      	bne.n	10006602 <cdcd_open+0x56>
10006618:	7963      	ldrb	r3, [r4, #5]
1000661a:	2b0a      	cmp	r3, #10
1000661c:	d1f1      	bne.n	10006602 <cdcd_open+0x56>
1000661e:	4b12      	ldr	r3, [pc, #72]	@ (10006668 <cdcd_open+0xbc>)
10006620:	7827      	ldrb	r7, [r4, #0]
10006622:	9301      	str	r3, [sp, #4]
10006624:	3301      	adds	r3, #1
10006626:	9300      	str	r3, [sp, #0]
10006628:	2302      	movs	r3, #2
1000662a:	4630      	mov	r0, r6
1000662c:	461a      	mov	r2, r3
1000662e:	19e1      	adds	r1, r4, r7
10006630:	f7ff fc58 	bl	10005ee4 <usbd_open_edpt_pair>
10006634:	2800      	cmp	r0, #0
10006636:	d0c8      	beq.n	100065ca <cdcd_open+0x1e>
10006638:	350e      	adds	r5, #14
1000663a:	fa17 f585 	uxtah	r5, r7, r5
1000663e:	b2ad      	uxth	r5, r5
10006640:	e7df      	b.n	10006602 <cdcd_open+0x56>
10006642:	4621      	mov	r1, r4
10006644:	4630      	mov	r0, r6
10006646:	f7ff fc9b 	bl	10005f80 <usbd_edpt_open>
1000664a:	2800      	cmp	r0, #0
1000664c:	d0bd      	beq.n	100065ca <cdcd_open+0x1e>
1000664e:	78a3      	ldrb	r3, [r4, #2]
10006650:	707b      	strb	r3, [r7, #1]
10006652:	7823      	ldrb	r3, [r4, #0]
10006654:	195a      	adds	r2, r3, r5
10006656:	441c      	add	r4, r3
10006658:	7863      	ldrb	r3, [r4, #1]
1000665a:	b295      	uxth	r5, r2
1000665c:	e7da      	b.n	10006614 <cdcd_open+0x68>
1000665e:	460b      	mov	r3, r1
10006660:	2509      	movs	r5, #9
10006662:	e7d5      	b.n	10006610 <cdcd_open+0x64>
10006664:	20001b18 	.word	0x20001b18
10006668:	20001b1a 	.word	0x20001b1a

1000666c <cdcd_control_xfer_cb>:
1000666c:	7813      	ldrb	r3, [r2, #0]
1000666e:	f003 0360 	and.w	r3, r3, #96	@ 0x60
10006672:	2b20      	cmp	r3, #32
10006674:	d108      	bne.n	10006688 <cdcd_control_xfer_cb+0x1c>
10006676:	b570      	push	{r4, r5, r6, lr}
10006678:	4c26      	ldr	r4, [pc, #152]	@ (10006714 <cdcd_control_xfer_cb+0xa8>)
1000667a:	8893      	ldrh	r3, [r2, #4]
1000667c:	f894 c000 	ldrb.w	ip, [r4]
10006680:	459c      	cmp	ip, r3
10006682:	d003      	beq.n	1000668c <cdcd_control_xfer_cb+0x20>
10006684:	2000      	movs	r0, #0
10006686:	bd70      	pop	{r4, r5, r6, pc}
10006688:	2000      	movs	r0, #0
1000668a:	4770      	bx	lr
1000668c:	7853      	ldrb	r3, [r2, #1]
1000668e:	3b20      	subs	r3, #32
10006690:	2b03      	cmp	r3, #3
10006692:	d8f7      	bhi.n	10006684 <cdcd_control_xfer_cb+0x18>
10006694:	e8df f003 	tbb	[pc, r3]
10006698:	020d2327 	.word	0x020d2327
1000669c:	2901      	cmp	r1, #1
1000669e:	d02e      	beq.n	100066fe <cdcd_control_xfer_cb+0x92>
100066a0:	2903      	cmp	r1, #3
100066a2:	d11e      	bne.n	100066e2 <cdcd_control_xfer_cb+0x76>
100066a4:	4b1c      	ldr	r3, [pc, #112]	@ (10006718 <cdcd_control_xfer_cb+0xac>)
100066a6:	b1e3      	cbz	r3, 100066e2 <cdcd_control_xfer_cb+0x76>
100066a8:	2000      	movs	r0, #0
100066aa:	8851      	ldrh	r1, [r2, #2]
100066ac:	f3af 8000 	nop.w
100066b0:	e017      	b.n	100066e2 <cdcd_control_xfer_cb+0x76>
100066b2:	2901      	cmp	r1, #1
100066b4:	d023      	beq.n	100066fe <cdcd_control_xfer_cb+0x92>
100066b6:	2903      	cmp	r1, #3
100066b8:	d113      	bne.n	100066e2 <cdcd_control_xfer_cb+0x76>
100066ba:	8855      	ldrh	r5, [r2, #2]
100066bc:	4817      	ldr	r0, [pc, #92]	@ (1000671c <cdcd_control_xfer_cb+0xb0>)
100066be:	f005 0601 	and.w	r6, r5, #1
100066c2:	f086 0101 	eor.w	r1, r6, #1
100066c6:	7125      	strb	r5, [r4, #4]
100066c8:	f000 fdb8 	bl	1000723c <tu_fifo_set_overwritable>
100066cc:	4b14      	ldr	r3, [pc, #80]	@ (10006720 <cdcd_control_xfer_cb+0xb4>)
100066ce:	b143      	cbz	r3, 100066e2 <cdcd_control_xfer_cb+0x76>
100066d0:	4631      	mov	r1, r6
100066d2:	2000      	movs	r0, #0
100066d4:	f3c5 0240 	ubfx	r2, r5, #1, #1
100066d8:	f3af 8000 	nop.w
100066dc:	e001      	b.n	100066e2 <cdcd_control_xfer_cb+0x76>
100066de:	2901      	cmp	r1, #1
100066e0:	d011      	beq.n	10006706 <cdcd_control_xfer_cb+0x9a>
100066e2:	2001      	movs	r0, #1
100066e4:	bd70      	pop	{r4, r5, r6, pc}
100066e6:	2901      	cmp	r1, #1
100066e8:	d00d      	beq.n	10006706 <cdcd_control_xfer_cb+0x9a>
100066ea:	2903      	cmp	r1, #3
100066ec:	d1f9      	bne.n	100066e2 <cdcd_control_xfer_cb+0x76>
100066ee:	4b0d      	ldr	r3, [pc, #52]	@ (10006724 <cdcd_control_xfer_cb+0xb8>)
100066f0:	2b00      	cmp	r3, #0
100066f2:	d0f6      	beq.n	100066e2 <cdcd_control_xfer_cb+0x76>
100066f4:	2000      	movs	r0, #0
100066f6:	490c      	ldr	r1, [pc, #48]	@ (10006728 <cdcd_control_xfer_cb+0xbc>)
100066f8:	f7fe faa8 	bl	10004c4c <tud_cdc_line_coding_cb>
100066fc:	e7f1      	b.n	100066e2 <cdcd_control_xfer_cb+0x76>
100066fe:	4611      	mov	r1, r2
10006700:	f7ff fcbc 	bl	1000607c <tud_control_status>
10006704:	e7ed      	b.n	100066e2 <cdcd_control_xfer_cb+0x76>
10006706:	4611      	mov	r1, r2
10006708:	2307      	movs	r3, #7
1000670a:	4a07      	ldr	r2, [pc, #28]	@ (10006728 <cdcd_control_xfer_cb+0xbc>)
1000670c:	f7ff fcd0 	bl	100060b0 <tud_control_xfer>
10006710:	e7e7      	b.n	100066e2 <cdcd_control_xfer_cb+0x76>
10006712:	bf00      	nop
10006714:	20001b18 	.word	0x20001b18
10006718:	00000000 	.word	0x00000000
1000671c:	20001b3c 	.word	0x20001b3c
10006720:	00000000 	.word	0x00000000
10006724:	10004c4d 	.word	0x10004c4d
10006728:	20001b20 	.word	0x20001b20

1000672c <cdcd_xfer_cb>:
1000672c:	e92d 43f8 	stmdb	sp!, {r3, r4, r5, r6, r7, r8, r9, lr}
10006730:	4e35      	ldr	r6, [pc, #212]	@ (10006808 <cdcd_xfer_cb+0xdc>)
10006732:	460c      	mov	r4, r1
10006734:	78f2      	ldrb	r2, [r6, #3]
10006736:	4607      	mov	r7, r0
10006738:	428a      	cmp	r2, r1
1000673a:	461d      	mov	r5, r3
1000673c:	d03d      	beq.n	100067ba <cdcd_xfer_cb+0x8e>
1000673e:	78b3      	ldrb	r3, [r6, #2]
10006740:	428b      	cmp	r3, r1
10006742:	d012      	beq.n	1000676a <cdcd_xfer_cb+0x3e>
10006744:	f04f 23e0 	mov.w	r3, #3758153728	@ 0xe000e000
10006748:	f8d3 3df0 	ldr.w	r3, [r3, #3568]	@ 0xdf0
1000674c:	07db      	lsls	r3, r3, #31
1000674e:	d432      	bmi.n	100067b6 <cdcd_xfer_cb+0x8a>
10006750:	2000      	movs	r0, #0
10006752:	e8bd 83f8 	ldmia.w	sp!, {r3, r4, r5, r6, r7, r8, r9, pc}
10006756:	4b2d      	ldr	r3, [pc, #180]	@ (1000680c <cdcd_xfer_cb+0xe0>)
10006758:	b123      	cbz	r3, 10006764 <cdcd_xfer_cb+0x38>
1000675a:	482d      	ldr	r0, [pc, #180]	@ (10006810 <cdcd_xfer_cb+0xe4>)
1000675c:	f000 fb80 	bl	10006e60 <tu_fifo_empty>
10006760:	2800      	cmp	r0, #0
10006762:	d04d      	beq.n	10006800 <cdcd_xfer_cb+0xd4>
10006764:	2000      	movs	r0, #0
10006766:	f7ff fd99 	bl	1000629c <_prep_out_transaction.isra.0>
1000676a:	78b3      	ldrb	r3, [r6, #2]
1000676c:	42a3      	cmp	r3, r4
1000676e:	d001      	beq.n	10006774 <cdcd_xfer_cb+0x48>
10006770:	2001      	movs	r0, #1
10006772:	e7ee      	b.n	10006752 <cdcd_xfer_cb+0x26>
10006774:	4b27      	ldr	r3, [pc, #156]	@ (10006814 <cdcd_xfer_cb+0xe8>)
10006776:	b113      	cbz	r3, 1000677e <cdcd_xfer_cb+0x52>
10006778:	2000      	movs	r0, #0
1000677a:	f3af 8000 	nop.w
1000677e:	2000      	movs	r0, #0
10006780:	f7ff fe2e 	bl	100063e0 <tud_cdc_n_write_flush>
10006784:	2800      	cmp	r0, #0
10006786:	d1f3      	bne.n	10006770 <cdcd_xfer_cb+0x44>
10006788:	4823      	ldr	r0, [pc, #140]	@ (10006818 <cdcd_xfer_cb+0xec>)
1000678a:	f000 fb59 	bl	10006e40 <tu_fifo_count>
1000678e:	2800      	cmp	r0, #0
10006790:	d1ee      	bne.n	10006770 <cdcd_xfer_cb+0x44>
10006792:	2d00      	cmp	r5, #0
10006794:	d0ec      	beq.n	10006770 <cdcd_xfer_cb+0x44>
10006796:	f015 053f 	ands.w	r5, r5, #63	@ 0x3f
1000679a:	d1e9      	bne.n	10006770 <cdcd_xfer_cb+0x44>
1000679c:	4638      	mov	r0, r7
1000679e:	78b1      	ldrb	r1, [r6, #2]
100067a0:	f7ff fc10 	bl	10005fc4 <usbd_edpt_claim>
100067a4:	2800      	cmp	r0, #0
100067a6:	d0e3      	beq.n	10006770 <cdcd_xfer_cb+0x44>
100067a8:	462b      	mov	r3, r5
100067aa:	462a      	mov	r2, r5
100067ac:	4638      	mov	r0, r7
100067ae:	78b1      	ldrb	r1, [r6, #2]
100067b0:	f7ff fc2c 	bl	1000600c <usbd_edpt_xfer>
100067b4:	e7dc      	b.n	10006770 <cdcd_xfer_cb+0x44>
100067b6:	be00      	bkpt	0x0000
100067b8:	e7ca      	b.n	10006750 <cdcd_xfer_cb+0x24>
100067ba:	b29a      	uxth	r2, r3
100067bc:	4917      	ldr	r1, [pc, #92]	@ (1000681c <cdcd_xfer_cb+0xf0>)
100067be:	f106 0010 	add.w	r0, r6, #16
100067c2:	f000 fc71 	bl	100070a8 <tu_fifo_write_n>
100067c6:	4b16      	ldr	r3, [pc, #88]	@ (10006820 <cdcd_xfer_cb+0xf4>)
100067c8:	2b00      	cmp	r3, #0
100067ca:	d0c4      	beq.n	10006756 <cdcd_xfer_cb+0x2a>
100067cc:	7973      	ldrb	r3, [r6, #5]
100067ce:	2bff      	cmp	r3, #255	@ 0xff
100067d0:	d0c1      	beq.n	10006756 <cdcd_xfer_cb+0x2a>
100067d2:	2d00      	cmp	r5, #0
100067d4:	d0bf      	beq.n	10006756 <cdcd_xfer_cb+0x2a>
100067d6:	f8df 8044 	ldr.w	r8, [pc, #68]	@ 1000681c <cdcd_xfer_cb+0xf0>
100067da:	eb08 0905 	add.w	r9, r8, r5
100067de:	e002      	b.n	100067e6 <cdcd_xfer_cb+0xba>
100067e0:	45c8      	cmp	r8, r9
100067e2:	d0b8      	beq.n	10006756 <cdcd_xfer_cb+0x2a>
100067e4:	7973      	ldrb	r3, [r6, #5]
100067e6:	f818 2b01 	ldrb.w	r2, [r8], #1
100067ea:	429a      	cmp	r2, r3
100067ec:	d1f8      	bne.n	100067e0 <cdcd_xfer_cb+0xb4>
100067ee:	4808      	ldr	r0, [pc, #32]	@ (10006810 <cdcd_xfer_cb+0xe4>)
100067f0:	f000 fb36 	bl	10006e60 <tu_fifo_empty>
100067f4:	2800      	cmp	r0, #0
100067f6:	d1f3      	bne.n	100067e0 <cdcd_xfer_cb+0xb4>
100067f8:	7971      	ldrb	r1, [r6, #5]
100067fa:	f3af 8000 	nop.w
100067fe:	e7ef      	b.n	100067e0 <cdcd_xfer_cb+0xb4>
10006800:	f3af 8000 	nop.w
10006804:	e7ae      	b.n	10006764 <cdcd_xfer_cb+0x38>
10006806:	bf00      	nop
10006808:	20001b18 	.word	0x20001b18
1000680c:	00000000 	.word	0x00000000
10006810:	20001b28 	.word	0x20001b28
10006814:	00000000 	.word	0x00000000
10006818:	20001b3c 	.word	0x20001b3c
1000681c:	20001a94 	.word	0x20001a94
10006820:	00000000 	.word	0x00000000

10006824 <vendord_init>:
10006824:	b5f0      	push	{r4, r5, r6, r7, lr}
10006826:	f44f 7213 	mov.w	r2, #588	@ 0x24c
1000682a:	b085      	sub	sp, #20
1000682c:	2100      	movs	r1, #0
1000682e:	4812      	ldr	r0, [pc, #72]	@ (10006878 <vendord_init+0x54>)
10006830:	f000 fdb4 	bl	1000739c <memset>
10006834:	2640      	movs	r6, #64	@ 0x40
10006836:	2300      	movs	r3, #0
10006838:	f44f 7580 	mov.w	r5, #256	@ 0x100
1000683c:	4f0e      	ldr	r7, [pc, #56]	@ (10006878 <vendord_init+0x54>)
1000683e:	4c0f      	ldr	r4, [pc, #60]	@ (1000687c <vendord_init+0x58>)
10006840:	f507 72a6 	add.w	r2, r7, #332	@ 0x14c
10006844:	4619      	mov	r1, r3
10006846:	e9cd 4602 	strd	r4, r6, [sp, #8]
1000684a:	9200      	str	r2, [sp, #0]
1000684c:	9501      	str	r5, [sp, #4]
1000684e:	461a      	mov	r2, r3
10006850:	f507 7094 	add.w	r0, r7, #296	@ 0x128
10006854:	f000 f9c6 	bl	10006be4 <tu_edpt_stream_init>
10006858:	2300      	movs	r3, #0
1000685a:	4638      	mov	r0, r7
1000685c:	f107 0128 	add.w	r1, r7, #40	@ 0x28
10006860:	4434      	add	r4, r6
10006862:	9100      	str	r1, [sp, #0]
10006864:	2201      	movs	r2, #1
10006866:	4619      	mov	r1, r3
10006868:	e9cd 4602 	strd	r4, r6, [sp, #8]
1000686c:	9501      	str	r5, [sp, #4]
1000686e:	3004      	adds	r0, #4
10006870:	f000 f9b8 	bl	10006be4 <tu_edpt_stream_init>
10006874:	b005      	add	sp, #20
10006876:	bdf0      	pop	{r4, r5, r6, r7, pc}
10006878:	20001dfc 	.word	0x20001dfc
1000687c:	20001d7c 	.word	0x20001d7c

10006880 <vendord_deinit>:
10006880:	b508      	push	{r3, lr}
10006882:	4805      	ldr	r0, [pc, #20]	@ (10006898 <vendord_deinit+0x18>)
10006884:	f000 f9da 	bl	10006c3c <tu_edpt_stream_deinit>
10006888:	4b03      	ldr	r3, [pc, #12]	@ (10006898 <vendord_deinit+0x18>)
1000688a:	f5a3 7092 	sub.w	r0, r3, #292	@ 0x124
1000688e:	f000 f9d5 	bl	10006c3c <tu_edpt_stream_deinit>
10006892:	2001      	movs	r0, #1
10006894:	bd08      	pop	{r3, pc}
10006896:	bf00      	nop
10006898:	20001f24 	.word	0x20001f24

1000689c <vendord_reset>:
1000689c:	b538      	push	{r3, r4, r5, lr}
1000689e:	2500      	movs	r5, #0
100068a0:	4c06      	ldr	r4, [pc, #24]	@ (100068bc <vendord_reset+0x20>)
100068a2:	f504 7098 	add.w	r0, r4, #304	@ 0x130
100068a6:	7025      	strb	r5, [r4, #0]
100068a8:	f000 fcac 	bl	10007204 <tu_fifo_clear>
100068ac:	f104 000c 	add.w	r0, r4, #12
100068b0:	f000 fca8 	bl	10007204 <tu_fifo_clear>
100068b4:	f884 5129 	strb.w	r5, [r4, #297]	@ 0x129
100068b8:	7165      	strb	r5, [r4, #5]
100068ba:	bd38      	pop	{r3, r4, r5, pc}
100068bc:	20001dfc 	.word	0x20001dfc

100068c0 <vendord_open>:
100068c0:	e92d 43f8 	stmdb	sp!, {r3, r4, r5, r6, r7, r8, r9, lr}
100068c4:	794b      	ldrb	r3, [r1, #5]
100068c6:	2bff      	cmp	r3, #255	@ 0xff
100068c8:	d151      	bne.n	1000696e <vendord_open+0xae>
100068ca:	4e35      	ldr	r6, [pc, #212]	@ (100069a0 <vendord_open+0xe0>)
100068cc:	f896 3129 	ldrb.w	r3, [r6, #297]	@ 0x129
100068d0:	2b00      	cmp	r3, #0
100068d2:	d14c      	bne.n	1000696e <vendord_open+0xae>
100068d4:	f896 8005 	ldrb.w	r8, [r6, #5]
100068d8:	f1b8 0f00 	cmp.w	r8, #0
100068dc:	d147      	bne.n	1000696e <vendord_open+0xae>
100068de:	788b      	ldrb	r3, [r1, #2]
100068e0:	780c      	ldrb	r4, [r1, #0]
100068e2:	7033      	strb	r3, [r6, #0]
100068e4:	790b      	ldrb	r3, [r1, #4]
100068e6:	460f      	mov	r7, r1
100068e8:	440c      	add	r4, r1
100068ea:	b3ab      	cbz	r3, 10006958 <vendord_open+0x98>
100068ec:	4681      	mov	r9, r0
100068ee:	18a5      	adds	r5, r4, r2
100068f0:	e003      	b.n	100068fa <vendord_open+0x3a>
100068f2:	42a5      	cmp	r5, r4
100068f4:	d930      	bls.n	10006958 <vendord_open+0x98>
100068f6:	7823      	ldrb	r3, [r4, #0]
100068f8:	441c      	add	r4, r3
100068fa:	7863      	ldrb	r3, [r4, #1]
100068fc:	2b05      	cmp	r3, #5
100068fe:	d1f8      	bne.n	100068f2 <vendord_open+0x32>
10006900:	42ac      	cmp	r4, r5
10006902:	d229      	bcs.n	10006958 <vendord_open+0x98>
10006904:	4621      	mov	r1, r4
10006906:	4648      	mov	r0, r9
10006908:	f7ff fb3a 	bl	10005f80 <usbd_edpt_open>
1000690c:	b340      	cbz	r0, 10006960 <vendord_open+0xa0>
1000690e:	78a3      	ldrb	r3, [r4, #2]
10006910:	09db      	lsrs	r3, r3, #7
10006912:	d12f      	bne.n	10006974 <vendord_open+0xb4>
10006914:	4823      	ldr	r0, [pc, #140]	@ (100069a4 <vendord_open+0xe4>)
10006916:	f000 fc75 	bl	10007204 <tu_fifo_clear>
1000691a:	78a3      	ldrb	r3, [r4, #2]
1000691c:	f896 2128 	ldrb.w	r2, [r6, #296]	@ 0x128
10006920:	f886 3129 	strb.w	r3, [r6, #297]	@ 0x129
10006924:	88a3      	ldrh	r3, [r4, #4]
10006926:	4648      	mov	r0, r9
10006928:	f3c3 030a 	ubfx	r3, r3, #0, #11
1000692c:	f5a3 7300 	sub.w	r3, r3, #512	@ 0x200
10006930:	fab3 f383 	clz	r3, r3
10006934:	095b      	lsrs	r3, r3, #5
10006936:	f363 0241 	bfi	r2, r3, #1, #1
1000693a:	491b      	ldr	r1, [pc, #108]	@ (100069a8 <vendord_open+0xe8>)
1000693c:	f886 2128 	strb.w	r2, [r6, #296]	@ 0x128
10006940:	f000 f9ea 	bl	10006d18 <tu_edpt_stream_read_xfer>
10006944:	b160      	cbz	r0, 10006960 <vendord_open+0xa0>
10006946:	7823      	ldrb	r3, [r4, #0]
10006948:	793a      	ldrb	r2, [r7, #4]
1000694a:	f108 0801 	add.w	r8, r8, #1
1000694e:	441c      	add	r4, r3
10006950:	fa5f f388 	uxtb.w	r3, r8
10006954:	429a      	cmp	r2, r3
10006956:	d8d0      	bhi.n	100068fa <vendord_open+0x3a>
10006958:	1be1      	subs	r1, r4, r7
1000695a:	b288      	uxth	r0, r1
1000695c:	e8bd 83f8 	ldmia.w	sp!, {r3, r4, r5, r6, r7, r8, r9, pc}
10006960:	f04f 23e0 	mov.w	r3, #3758153728	@ 0xe000e000
10006964:	f8d3 3df0 	ldr.w	r3, [r3, #3568]	@ 0xdf0
10006968:	07db      	lsls	r3, r3, #31
1000696a:	d500      	bpl.n	1000696e <vendord_open+0xae>
1000696c:	be00      	bkpt	0x0000
1000696e:	2000      	movs	r0, #0
10006970:	e8bd 83f8 	ldmia.w	sp!, {r3, r4, r5, r6, r7, r8, r9, pc}
10006974:	480d      	ldr	r0, [pc, #52]	@ (100069ac <vendord_open+0xec>)
10006976:	f000 fc45 	bl	10007204 <tu_fifo_clear>
1000697a:	78a3      	ldrb	r3, [r4, #2]
1000697c:	7932      	ldrb	r2, [r6, #4]
1000697e:	7173      	strb	r3, [r6, #5]
10006980:	88a3      	ldrh	r3, [r4, #4]
10006982:	490b      	ldr	r1, [pc, #44]	@ (100069b0 <vendord_open+0xf0>)
10006984:	f3c3 030a 	ubfx	r3, r3, #0, #11
10006988:	f5a3 7300 	sub.w	r3, r3, #512	@ 0x200
1000698c:	fab3 f383 	clz	r3, r3
10006990:	095b      	lsrs	r3, r3, #5
10006992:	f363 0241 	bfi	r2, r3, #1, #1
10006996:	2000      	movs	r0, #0
10006998:	7132      	strb	r2, [r6, #4]
1000699a:	f000 f985 	bl	10006ca8 <tu_edpt_stream_write_xfer>
1000699e:	e7d2      	b.n	10006946 <vendord_open+0x86>
100069a0:	20001dfc 	.word	0x20001dfc
100069a4:	20001f2c 	.word	0x20001f2c
100069a8:	20001f24 	.word	0x20001f24
100069ac:	20001e08 	.word	0x20001e08
100069b0:	20001e00 	.word	0x20001e00

100069b4 <vendord_xfer_cb>:
100069b4:	b570      	push	{r4, r5, r6, lr}
100069b6:	4c1b      	ldr	r4, [pc, #108]	@ (10006a24 <vendord_xfer_cb+0x70>)
100069b8:	4606      	mov	r6, r0
100069ba:	f894 c129 	ldrb.w	ip, [r4, #297]	@ 0x129
100069be:	461d      	mov	r5, r3
100069c0:	458c      	cmp	ip, r1
100069c2:	d011      	beq.n	100069e8 <vendord_xfer_cb+0x34>
100069c4:	7963      	ldrb	r3, [r4, #5]
100069c6:	428b      	cmp	r3, r1
100069c8:	d001      	beq.n	100069ce <vendord_xfer_cb+0x1a>
100069ca:	2000      	movs	r0, #0
100069cc:	bd70      	pop	{r4, r5, r6, pc}
100069ce:	4b16      	ldr	r3, [pc, #88]	@ (10006a28 <vendord_xfer_cb+0x74>)
100069d0:	b11b      	cbz	r3, 100069da <vendord_xfer_cb+0x26>
100069d2:	2000      	movs	r0, #0
100069d4:	b2a9      	uxth	r1, r5
100069d6:	f3af 8000 	nop.w
100069da:	4630      	mov	r0, r6
100069dc:	4913      	ldr	r1, [pc, #76]	@ (10006a2c <vendord_xfer_cb+0x78>)
100069de:	f000 f963 	bl	10006ca8 <tu_edpt_stream_write_xfer>
100069e2:	b1c8      	cbz	r0, 10006a18 <vendord_xfer_cb+0x64>
100069e4:	2001      	movs	r0, #1
100069e6:	bd70      	pop	{r4, r5, r6, pc}
100069e8:	f8b4 3134 	ldrh.w	r3, [r4, #308]	@ 0x134
100069ec:	b963      	cbnz	r3, 10006a08 <vendord_xfer_cb+0x54>
100069ee:	4b10      	ldr	r3, [pc, #64]	@ (10006a30 <vendord_xfer_cb+0x7c>)
100069f0:	b123      	cbz	r3, 100069fc <vendord_xfer_cb+0x48>
100069f2:	2000      	movs	r0, #0
100069f4:	490f      	ldr	r1, [pc, #60]	@ (10006a34 <vendord_xfer_cb+0x80>)
100069f6:	b2aa      	uxth	r2, r5
100069f8:	f3af 8000 	nop.w
100069fc:	4630      	mov	r0, r6
100069fe:	490e      	ldr	r1, [pc, #56]	@ (10006a38 <vendord_xfer_cb+0x84>)
10006a00:	f000 f98a 	bl	10006d18 <tu_edpt_stream_read_xfer>
10006a04:	2001      	movs	r0, #1
10006a06:	e7ee      	b.n	100069e6 <vendord_xfer_cb+0x32>
10006a08:	f8d4 112c 	ldr.w	r1, [r4, #300]	@ 0x12c
10006a0c:	b2aa      	uxth	r2, r5
10006a0e:	f504 7098 	add.w	r0, r4, #304	@ 0x130
10006a12:	f000 fb49 	bl	100070a8 <tu_fifo_write_n>
10006a16:	e7ea      	b.n	100069ee <vendord_xfer_cb+0x3a>
10006a18:	462a      	mov	r2, r5
10006a1a:	4630      	mov	r0, r6
10006a1c:	4903      	ldr	r1, [pc, #12]	@ (10006a2c <vendord_xfer_cb+0x78>)
10006a1e:	f000 f90f 	bl	10006c40 <tu_edpt_stream_write_zlp_if_needed>
10006a22:	e7df      	b.n	100069e4 <vendord_xfer_cb+0x30>
10006a24:	20001dfc 	.word	0x20001dfc
10006a28:	00000000 	.word	0x00000000
10006a2c:	20001e00 	.word	0x20001e00
10006a30:	00000000 	.word	0x00000000
10006a34:	20001d7c 	.word	0x20001d7c
10006a38:	20001f24 	.word	0x20001f24

10006a3c <tusb_rhport_init>:
10006a3c:	b510      	push	{r4, lr}
10006a3e:	b082      	sub	sp, #8
10006a40:	b1c9      	cbz	r1, 10006a76 <tusb_rhport_init+0x3a>
10006a42:	2801      	cmp	r0, #1
10006a44:	d80c      	bhi.n	10006a60 <tusb_rhport_init+0x24>
10006a46:	780b      	ldrb	r3, [r1, #0]
10006a48:	b153      	cbz	r3, 10006a60 <tusb_rhport_init+0x24>
10006a4a:	4c14      	ldr	r4, [pc, #80]	@ (10006a9c <tusb_rhport_init+0x60>)
10006a4c:	2b01      	cmp	r3, #1
10006a4e:	5423      	strb	r3, [r4, r0]
10006a50:	d002      	beq.n	10006a58 <tusb_rhport_init+0x1c>
10006a52:	2001      	movs	r0, #1
10006a54:	b002      	add	sp, #8
10006a56:	bd10      	pop	{r4, pc}
10006a58:	f7fe fe08 	bl	1000566c <tud_rhport_init>
10006a5c:	2800      	cmp	r0, #0
10006a5e:	d1f8      	bne.n	10006a52 <tusb_rhport_init+0x16>
10006a60:	f04f 23e0 	mov.w	r3, #3758153728	@ 0xe000e000
10006a64:	f8d3 3df0 	ldr.w	r3, [r3, #3568]	@ 0xdf0
10006a68:	07db      	lsls	r3, r3, #31
10006a6a:	d402      	bmi.n	10006a72 <tusb_rhport_init+0x36>
10006a6c:	2000      	movs	r0, #0
10006a6e:	b002      	add	sp, #8
10006a70:	bd10      	pop	{r4, pc}
10006a72:	be00      	bkpt	0x0000
10006a74:	e7fa      	b.n	10006a6c <tusb_rhport_init+0x30>
10006a76:	2401      	movs	r4, #1
10006a78:	4608      	mov	r0, r1
10006a7a:	a901      	add	r1, sp, #4
10006a7c:	f8ad 4004 	strh.w	r4, [sp, #4]
10006a80:	f7fe fdf4 	bl	1000566c <tud_rhport_init>
10006a84:	b938      	cbnz	r0, 10006a96 <tusb_rhport_init+0x5a>
10006a86:	f04f 23e0 	mov.w	r3, #3758153728	@ 0xe000e000
10006a8a:	f8d3 3df0 	ldr.w	r3, [r3, #3568]	@ 0xdf0
10006a8e:	07da      	lsls	r2, r3, #31
10006a90:	d5ed      	bpl.n	10006a6e <tusb_rhport_init+0x32>
10006a92:	be00      	bkpt	0x0000
10006a94:	e7eb      	b.n	10006a6e <tusb_rhport_init+0x32>
10006a96:	4b01      	ldr	r3, [pc, #4]	@ (10006a9c <tusb_rhport_init+0x60>)
10006a98:	701c      	strb	r4, [r3, #0]
10006a9a:	e7e8      	b.n	10006a6e <tusb_rhport_init+0x32>
10006a9c:	20001c54 	.word	0x20001c54

10006aa0 <tu_edpt_claim>:
10006aa0:	b5f8      	push	{r3, r4, r5, r6, r7, lr}
10006aa2:	7803      	ldrb	r3, [r0, #0]
10006aa4:	f013 0401 	ands.w	r4, r3, #1
10006aa8:	d11a      	bne.n	10006ae0 <tu_edpt_claim+0x40>
10006aaa:	7803      	ldrb	r3, [r0, #0]
10006aac:	4605      	mov	r5, r0
10006aae:	075a      	lsls	r2, r3, #29
10006ab0:	f3c3 0780 	ubfx	r7, r3, #2, #1
10006ab4:	d501      	bpl.n	10006aba <tu_edpt_claim+0x1a>
10006ab6:	4620      	mov	r0, r4
10006ab8:	bdf8      	pop	{r3, r4, r5, r6, r7, pc}
10006aba:	460e      	mov	r6, r1
10006abc:	f04f 31ff 	mov.w	r1, #4294967295
10006ac0:	4630      	mov	r0, r6
10006ac2:	f000 fd65 	bl	10007590 <__mutex_enter_timeout_ms_veneer>
10006ac6:	782b      	ldrb	r3, [r5, #0]
10006ac8:	f013 0401 	ands.w	r4, r3, #1
10006acc:	d10b      	bne.n	10006ae6 <tu_edpt_claim+0x46>
10006ace:	782b      	ldrb	r3, [r5, #0]
10006ad0:	075b      	lsls	r3, r3, #29
10006ad2:	d409      	bmi.n	10006ae8 <tu_edpt_claim+0x48>
10006ad4:	782b      	ldrb	r3, [r5, #0]
10006ad6:	2401      	movs	r4, #1
10006ad8:	f043 0304 	orr.w	r3, r3, #4
10006adc:	702b      	strb	r3, [r5, #0]
10006ade:	e003      	b.n	10006ae8 <tu_edpt_claim+0x48>
10006ae0:	2400      	movs	r4, #0
10006ae2:	4620      	mov	r0, r4
10006ae4:	bdf8      	pop	{r3, r4, r5, r6, r7, pc}
10006ae6:	463c      	mov	r4, r7
10006ae8:	4630      	mov	r0, r6
10006aea:	f000 fd65 	bl	100075b8 <__mutex_exit_veneer>
10006aee:	4620      	mov	r0, r4
10006af0:	bdf8      	pop	{r3, r4, r5, r6, r7, pc}
10006af2:	bf00      	nop

10006af4 <tu_edpt_release>:
10006af4:	b570      	push	{r4, r5, r6, lr}
10006af6:	460c      	mov	r4, r1
10006af8:	4605      	mov	r5, r0
10006afa:	f04f 31ff 	mov.w	r1, #4294967295
10006afe:	4620      	mov	r0, r4
10006b00:	f000 fd46 	bl	10007590 <__mutex_enter_timeout_ms_veneer>
10006b04:	782b      	ldrb	r3, [r5, #0]
10006b06:	f3c3 0680 	ubfx	r6, r3, #2, #1
10006b0a:	075b      	lsls	r3, r3, #29
10006b0c:	d508      	bpl.n	10006b20 <tu_edpt_release+0x2c>
10006b0e:	782b      	ldrb	r3, [r5, #0]
10006b10:	f013 0301 	ands.w	r3, r3, #1
10006b14:	bf11      	iteee	ne
10006b16:	2600      	movne	r6, #0
10006b18:	782a      	ldrbeq	r2, [r5, #0]
10006b1a:	f363 0282 	bfieq	r2, r3, #2, #1
10006b1e:	702a      	strbeq	r2, [r5, #0]
10006b20:	4620      	mov	r0, r4
10006b22:	f000 fd49 	bl	100075b8 <__mutex_exit_veneer>
10006b26:	4630      	mov	r0, r6
10006b28:	bd70      	pop	{r4, r5, r6, pc}
10006b2a:	bf00      	nop

10006b2c <tu_edpt_validate>:
10006b2c:	78c3      	ldrb	r3, [r0, #3]
10006b2e:	8882      	ldrh	r2, [r0, #4]
10006b30:	f003 0003 	and.w	r0, r3, #3
10006b34:	2802      	cmp	r0, #2
10006b36:	f3c2 020a 	ubfx	r2, r2, #0, #11
10006b3a:	d015      	beq.n	10006b68 <tu_edpt_validate+0x3c>
10006b3c:	2803      	cmp	r0, #3
10006b3e:	d00a      	beq.n	10006b56 <tu_edpt_validate+0x2a>
10006b40:	2801      	cmp	r0, #1
10006b42:	d11c      	bne.n	10006b7e <tu_edpt_validate+0x52>
10006b44:	2902      	cmp	r1, #2
10006b46:	f240 33ff 	movw	r3, #1023	@ 0x3ff
10006b4a:	bf08      	it	eq
10006b4c:	f44f 6380 	moveq.w	r3, #1024	@ 0x400
10006b50:	4293      	cmp	r3, r2
10006b52:	d30d      	bcc.n	10006b70 <tu_edpt_validate+0x44>
10006b54:	4770      	bx	lr
10006b56:	2902      	cmp	r1, #2
10006b58:	bf14      	ite	ne
10006b5a:	2340      	movne	r3, #64	@ 0x40
10006b5c:	f44f 6380 	moveq.w	r3, #1024	@ 0x400
10006b60:	4293      	cmp	r3, r2
10006b62:	d305      	bcc.n	10006b70 <tu_edpt_validate+0x44>
10006b64:	2001      	movs	r0, #1
10006b66:	4770      	bx	lr
10006b68:	2902      	cmp	r1, #2
10006b6a:	d00a      	beq.n	10006b82 <tu_edpt_validate+0x56>
10006b6c:	2a40      	cmp	r2, #64	@ 0x40
10006b6e:	d9f9      	bls.n	10006b64 <tu_edpt_validate+0x38>
10006b70:	f04f 23e0 	mov.w	r3, #3758153728	@ 0xe000e000
10006b74:	f8d3 3df0 	ldr.w	r3, [r3, #3568]	@ 0xdf0
10006b78:	07db      	lsls	r3, r3, #31
10006b7a:	d500      	bpl.n	10006b7e <tu_edpt_validate+0x52>
10006b7c:	be00      	bkpt	0x0000
10006b7e:	2000      	movs	r0, #0
10006b80:	4770      	bx	lr
10006b82:	f5b2 7f00 	cmp.w	r2, #512	@ 0x200
10006b86:	d0ed      	beq.n	10006b64 <tu_edpt_validate+0x38>
10006b88:	e7f2      	b.n	10006b70 <tu_edpt_validate+0x44>
10006b8a:	bf00      	nop

10006b8c <tu_edpt_bind_driver>:
10006b8c:	440a      	add	r2, r1
10006b8e:	4291      	cmp	r1, r2
10006b90:	d226      	bcs.n	10006be0 <tu_edpt_bind_driver+0x54>
10006b92:	f891 c001 	ldrb.w	ip, [r1, #1]
10006b96:	f1bc 0f05 	cmp.w	ip, #5
10006b9a:	d005      	beq.n	10006ba8 <tu_edpt_bind_driver+0x1c>
10006b9c:	f891 c000 	ldrb.w	ip, [r1]
10006ba0:	4461      	add	r1, ip
10006ba2:	428a      	cmp	r2, r1
10006ba4:	d8f5      	bhi.n	10006b92 <tu_edpt_bind_driver+0x6>
10006ba6:	4770      	bx	lr
10006ba8:	b500      	push	{lr}
10006baa:	f891 c002 	ldrb.w	ip, [r1, #2]
10006bae:	f00c 0e7f 	and.w	lr, ip, #127	@ 0x7f
10006bb2:	eb00 0e4e 	add.w	lr, r0, lr, lsl #1
10006bb6:	ea4f 1cdc 	mov.w	ip, ip, lsr #7
10006bba:	f80e 300c 	strb.w	r3, [lr, ip]
10006bbe:	f891 c000 	ldrb.w	ip, [r1]
10006bc2:	4461      	add	r1, ip
10006bc4:	428a      	cmp	r2, r1
10006bc6:	d909      	bls.n	10006bdc <tu_edpt_bind_driver+0x50>
10006bc8:	f891 c001 	ldrb.w	ip, [r1, #1]
10006bcc:	f1bc 0f05 	cmp.w	ip, #5
10006bd0:	d0eb      	beq.n	10006baa <tu_edpt_bind_driver+0x1e>
10006bd2:	f891 c000 	ldrb.w	ip, [r1]
10006bd6:	4461      	add	r1, ip
10006bd8:	428a      	cmp	r2, r1
10006bda:	d8f5      	bhi.n	10006bc8 <tu_edpt_bind_driver+0x3c>
10006bdc:	f85d fb04 	ldr.w	pc, [sp], #4
10006be0:	4770      	bx	lr
10006be2:	bf00      	nop

10006be4 <tu_edpt_stream_init>:
10006be4:	e92d 41f0 	stmdb	sp!, {r4, r5, r6, r7, r8, lr}
10006be8:	468e      	mov	lr, r1
10006bea:	b082      	sub	sp, #8
10006bec:	9300      	str	r3, [sp, #0]
10006bee:	f890 c000 	ldrb.w	ip, [r0]
10006bf2:	9e08      	ldr	r6, [sp, #32]
10006bf4:	f8bd 7024 	ldrh.w	r7, [sp, #36]	@ 0x24
10006bf8:	f36e 0c00 	bfi	ip, lr, #0, #1
10006bfc:	4604      	mov	r4, r0
10006bfe:	4615      	mov	r5, r2
10006c00:	2301      	movs	r3, #1
10006c02:	4631      	mov	r1, r6
10006c04:	463a      	mov	r2, r7
10006c06:	f800 cb08 	strb.w	ip, [r0], #8
10006c0a:	f8bd 802c 	ldrh.w	r8, [sp, #44]	@ 0x2c
10006c0e:	f000 f8e7 	bl	10006de0 <tu_fifo_config>
10006c12:	b106      	cbz	r6, 10006c16 <tu_edpt_stream_init+0x32>
10006c14:	b93f      	cbnz	r7, 10006c26 <tu_edpt_stream_init+0x42>
10006c16:	2001      	movs	r0, #1
10006c18:	9b0a      	ldr	r3, [sp, #40]	@ 0x28
10006c1a:	f8a4 8002 	strh.w	r8, [r4, #2]
10006c1e:	6063      	str	r3, [r4, #4]
10006c20:	b002      	add	sp, #8
10006c22:	e8bd 81f0 	ldmia.w	sp!, {r4, r5, r6, r7, r8, pc}
10006c26:	f104 061c 	add.w	r6, r4, #28
10006c2a:	4630      	mov	r0, r6
10006c2c:	f7fa ffd2 	bl	10001bd4 <mutex_init>
10006c30:	b10d      	cbz	r5, 10006c36 <tu_edpt_stream_init+0x52>
10006c32:	4635      	mov	r5, r6
10006c34:	2600      	movs	r6, #0
10006c36:	e9c4 5605 	strd	r5, r6, [r4, #20]
10006c3a:	e7ec      	b.n	10006c16 <tu_edpt_stream_init+0x32>

10006c3c <tu_edpt_stream_deinit>:
10006c3c:	2001      	movs	r0, #1
10006c3e:	4770      	bx	lr

10006c40 <tu_edpt_stream_write_zlp_if_needed>:
10006c40:	b5f8      	push	{r3, r4, r5, r6, r7, lr}
10006c42:	4607      	mov	r7, r0
10006c44:	4608      	mov	r0, r1
10006c46:	f240 13ff 	movw	r3, #511	@ 0x1ff
10006c4a:	4615      	mov	r5, r2
10006c4c:	f810 2b08 	ldrb.w	r2, [r0], #8
10006c50:	460c      	mov	r4, r1
10006c52:	f012 0f02 	tst.w	r2, #2
10006c56:	bf0c      	ite	eq
10006c58:	263f      	moveq	r6, #63	@ 0x3f
10006c5a:	461e      	movne	r6, r3
10006c5c:	f000 f8f0 	bl	10006e40 <tu_fifo_count>
10006c60:	b928      	cbnz	r0, 10006c6e <tu_edpt_stream_write_zlp_if_needed+0x2e>
10006c62:	b125      	cbz	r5, 10006c6e <tu_edpt_stream_write_zlp_if_needed+0x2e>
10006c64:	422e      	tst	r6, r5
10006c66:	d102      	bne.n	10006c6e <tu_edpt_stream_write_zlp_if_needed+0x2e>
10006c68:	7823      	ldrb	r3, [r4, #0]
10006c6a:	07da      	lsls	r2, r3, #31
10006c6c:	d501      	bpl.n	10006c72 <tu_edpt_stream_write_zlp_if_needed+0x32>
10006c6e:	2000      	movs	r0, #0
10006c70:	bdf8      	pop	{r3, r4, r5, r6, r7, pc}
10006c72:	4638      	mov	r0, r7
10006c74:	7861      	ldrb	r1, [r4, #1]
10006c76:	f7ff f9a5 	bl	10005fc4 <usbd_edpt_claim>
10006c7a:	2800      	cmp	r0, #0
10006c7c:	d0f7      	beq.n	10006c6e <tu_edpt_stream_write_zlp_if_needed+0x2e>
10006c7e:	7823      	ldrb	r3, [r4, #0]
10006c80:	f013 0301 	ands.w	r3, r3, #1
10006c84:	d007      	beq.n	10006c96 <tu_edpt_stream_write_zlp_if_needed+0x56>
10006c86:	f04f 23e0 	mov.w	r3, #3758153728	@ 0xe000e000
10006c8a:	f8d3 3df0 	ldr.w	r3, [r3, #3568]	@ 0xdf0
10006c8e:	07db      	lsls	r3, r3, #31
10006c90:	d5ed      	bpl.n	10006c6e <tu_edpt_stream_write_zlp_if_needed+0x2e>
10006c92:	be00      	bkpt	0x0000
10006c94:	e7eb      	b.n	10006c6e <tu_edpt_stream_write_zlp_if_needed+0x2e>
10006c96:	461a      	mov	r2, r3
10006c98:	4638      	mov	r0, r7
10006c9a:	7861      	ldrb	r1, [r4, #1]
10006c9c:	f7ff f9b6 	bl	1000600c <usbd_edpt_xfer>
10006ca0:	2800      	cmp	r0, #0
10006ca2:	d0f0      	beq.n	10006c86 <tu_edpt_stream_write_zlp_if_needed+0x46>
10006ca4:	bdf8      	pop	{r3, r4, r5, r6, r7, pc}
10006ca6:	bf00      	nop

10006ca8 <tu_edpt_stream_write_xfer>:
10006ca8:	b570      	push	{r4, r5, r6, lr}
10006caa:	f101 0508 	add.w	r5, r1, #8
10006cae:	4606      	mov	r6, r0
10006cb0:	4628      	mov	r0, r5
10006cb2:	460c      	mov	r4, r1
10006cb4:	f000 f8c4 	bl	10006e40 <tu_fifo_count>
10006cb8:	b110      	cbz	r0, 10006cc0 <tu_edpt_stream_write_xfer+0x18>
10006cba:	7823      	ldrb	r3, [r4, #0]
10006cbc:	07da      	lsls	r2, r3, #31
10006cbe:	d501      	bpl.n	10006cc4 <tu_edpt_stream_write_xfer+0x1c>
10006cc0:	2000      	movs	r0, #0
10006cc2:	bd70      	pop	{r4, r5, r6, pc}
10006cc4:	4630      	mov	r0, r6
10006cc6:	7861      	ldrb	r1, [r4, #1]
10006cc8:	f7ff f97c 	bl	10005fc4 <usbd_edpt_claim>
10006ccc:	2800      	cmp	r0, #0
10006cce:	d0f7      	beq.n	10006cc0 <tu_edpt_stream_write_xfer+0x18>
10006cd0:	4628      	mov	r0, r5
10006cd2:	8862      	ldrh	r2, [r4, #2]
10006cd4:	6861      	ldr	r1, [r4, #4]
10006cd6:	f000 f929 	bl	10006f2c <tu_fifo_read_n>
10006cda:	7823      	ldrb	r3, [r4, #0]
10006cdc:	4605      	mov	r5, r0
10006cde:	f003 0301 	and.w	r3, r3, #1
10006ce2:	b140      	cbz	r0, 10006cf6 <tu_edpt_stream_write_xfer+0x4e>
10006ce4:	b173      	cbz	r3, 10006d04 <tu_edpt_stream_write_xfer+0x5c>
10006ce6:	f04f 23e0 	mov.w	r3, #3758153728	@ 0xe000e000
10006cea:	f8d3 3df0 	ldr.w	r3, [r3, #3568]	@ 0xdf0
10006cee:	07db      	lsls	r3, r3, #31
10006cf0:	d5e6      	bpl.n	10006cc0 <tu_edpt_stream_write_xfer+0x18>
10006cf2:	be00      	bkpt	0x0000
10006cf4:	e7e4      	b.n	10006cc0 <tu_edpt_stream_write_xfer+0x18>
10006cf6:	2b00      	cmp	r3, #0
10006cf8:	d1e2      	bne.n	10006cc0 <tu_edpt_stream_write_xfer+0x18>
10006cfa:	4630      	mov	r0, r6
10006cfc:	7861      	ldrb	r1, [r4, #1]
10006cfe:	f7ff f973 	bl	10005fe8 <usbd_edpt_release>
10006d02:	e7dd      	b.n	10006cc0 <tu_edpt_stream_write_xfer+0x18>
10006d04:	4603      	mov	r3, r0
10006d06:	6862      	ldr	r2, [r4, #4]
10006d08:	4630      	mov	r0, r6
10006d0a:	7861      	ldrb	r1, [r4, #1]
10006d0c:	f7ff f97e 	bl	1000600c <usbd_edpt_xfer>
10006d10:	2800      	cmp	r0, #0
10006d12:	d0e8      	beq.n	10006ce6 <tu_edpt_stream_write_xfer+0x3e>
10006d14:	4628      	mov	r0, r5
10006d16:	bd70      	pop	{r4, r5, r6, pc}

10006d18 <tu_edpt_stream_read_xfer>:
10006d18:	898a      	ldrh	r2, [r1, #12]
10006d1a:	e92d 41f0 	stmdb	sp!, {r4, r5, r6, r7, r8, lr}
10006d1e:	780b      	ldrb	r3, [r1, #0]
10006d20:	460c      	mov	r4, r1
10006d22:	4606      	mov	r6, r0
10006d24:	b922      	cbnz	r2, 10006d30 <tu_edpt_stream_read_xfer+0x18>
10006d26:	07dd      	lsls	r5, r3, #31
10006d28:	d534      	bpl.n	10006d94 <tu_edpt_stream_read_xfer+0x7c>
10006d2a:	2000      	movs	r0, #0
10006d2c:	e8bd 81f0 	ldmia.w	sp!, {r4, r5, r6, r7, r8, pc}
10006d30:	f104 0708 	add.w	r7, r4, #8
10006d34:	0799      	lsls	r1, r3, #30
10006d36:	4638      	mov	r0, r7
10006d38:	bf47      	ittee	mi
10006d3a:	f44f 487e 	movmi.w	r8, #65024	@ 0xfe00
10006d3e:	f44f 7500 	movmi.w	r5, #512	@ 0x200
10006d42:	f64f 78c0 	movwpl	r8, #65472	@ 0xffc0
10006d46:	2540      	movpl	r5, #64	@ 0x40
10006d48:	f000 f894 	bl	10006e74 <tu_fifo_remaining>
10006d4c:	4285      	cmp	r5, r0
10006d4e:	d8ec      	bhi.n	10006d2a <tu_edpt_stream_read_xfer+0x12>
10006d50:	7823      	ldrb	r3, [r4, #0]
10006d52:	07da      	lsls	r2, r3, #31
10006d54:	d4e9      	bmi.n	10006d2a <tu_edpt_stream_read_xfer+0x12>
10006d56:	4630      	mov	r0, r6
10006d58:	7861      	ldrb	r1, [r4, #1]
10006d5a:	f7ff f933 	bl	10005fc4 <usbd_edpt_claim>
10006d5e:	2800      	cmp	r0, #0
10006d60:	d0e3      	beq.n	10006d2a <tu_edpt_stream_read_xfer+0x12>
10006d62:	4638      	mov	r0, r7
10006d64:	f000 f886 	bl	10006e74 <tu_fifo_remaining>
10006d68:	7823      	ldrb	r3, [r4, #0]
10006d6a:	4285      	cmp	r5, r0
10006d6c:	f003 0301 	and.w	r3, r3, #1
10006d70:	d82d      	bhi.n	10006dce <tu_edpt_stream_read_xfer+0xb6>
10006d72:	b9bb      	cbnz	r3, 10006da4 <tu_edpt_stream_read_xfer+0x8c>
10006d74:	8865      	ldrh	r5, [r4, #2]
10006d76:	ea08 0800 	and.w	r8, r8, r0
10006d7a:	4545      	cmp	r5, r8
10006d7c:	bf28      	it	cs
10006d7e:	4645      	movcs	r5, r8
10006d80:	7861      	ldrb	r1, [r4, #1]
10006d82:	b35d      	cbz	r5, 10006ddc <tu_edpt_stream_read_xfer+0xc4>
10006d84:	6862      	ldr	r2, [r4, #4]
10006d86:	462b      	mov	r3, r5
10006d88:	4630      	mov	r0, r6
10006d8a:	f7ff f93f 	bl	1000600c <usbd_edpt_xfer>
10006d8e:	b148      	cbz	r0, 10006da4 <tu_edpt_stream_read_xfer+0x8c>
10006d90:	4628      	mov	r0, r5
10006d92:	e7cb      	b.n	10006d2c <tu_edpt_stream_read_xfer+0x14>
10006d94:	7849      	ldrb	r1, [r1, #1]
10006d96:	f7ff f915 	bl	10005fc4 <usbd_edpt_claim>
10006d9a:	2800      	cmp	r0, #0
10006d9c:	d0c5      	beq.n	10006d2a <tu_edpt_stream_read_xfer+0x12>
10006d9e:	7823      	ldrb	r3, [r4, #0]
10006da0:	07d8      	lsls	r0, r3, #31
10006da2:	d507      	bpl.n	10006db4 <tu_edpt_stream_read_xfer+0x9c>
10006da4:	f04f 23e0 	mov.w	r3, #3758153728	@ 0xe000e000
10006da8:	f8d3 3df0 	ldr.w	r3, [r3, #3568]	@ 0xdf0
10006dac:	07db      	lsls	r3, r3, #31
10006dae:	d5bc      	bpl.n	10006d2a <tu_edpt_stream_read_xfer+0x12>
10006db0:	be00      	bkpt	0x0000
10006db2:	e7ba      	b.n	10006d2a <tu_edpt_stream_read_xfer+0x12>
10006db4:	8863      	ldrh	r3, [r4, #2]
10006db6:	7861      	ldrb	r1, [r4, #1]
10006db8:	b13b      	cbz	r3, 10006dca <tu_edpt_stream_read_xfer+0xb2>
10006dba:	6862      	ldr	r2, [r4, #4]
10006dbc:	4630      	mov	r0, r6
10006dbe:	f7ff f925 	bl	1000600c <usbd_edpt_xfer>
10006dc2:	2800      	cmp	r0, #0
10006dc4:	d0ee      	beq.n	10006da4 <tu_edpt_stream_read_xfer+0x8c>
10006dc6:	8860      	ldrh	r0, [r4, #2]
10006dc8:	e7b0      	b.n	10006d2c <tu_edpt_stream_read_xfer+0x14>
10006dca:	461a      	mov	r2, r3
10006dcc:	e7f6      	b.n	10006dbc <tu_edpt_stream_read_xfer+0xa4>
10006dce:	2b00      	cmp	r3, #0
10006dd0:	d1ab      	bne.n	10006d2a <tu_edpt_stream_read_xfer+0x12>
10006dd2:	4630      	mov	r0, r6
10006dd4:	7861      	ldrb	r1, [r4, #1]
10006dd6:	f7ff f907 	bl	10005fe8 <usbd_edpt_release>
10006dda:	e7a6      	b.n	10006d2a <tu_edpt_stream_read_xfer+0x12>
10006ddc:	462a      	mov	r2, r5
10006dde:	e7d2      	b.n	10006d86 <tu_edpt_stream_read_xfer+0x6e>

10006de0 <tu_fifo_config>:
10006de0:	e92d 41f0 	stmdb	sp!, {r4, r5, r6, r7, r8, lr}
10006de4:	f5b2 4f00 	cmp.w	r2, #32768	@ 0x8000
10006de8:	f89d 8018 	ldrb.w	r8, [sp, #24]
10006dec:	d824      	bhi.n	10006e38 <tu_fifo_config+0x58>
10006dee:	4604      	mov	r4, r0
10006df0:	68c0      	ldr	r0, [r0, #12]
10006df2:	4617      	mov	r7, r2
10006df4:	460e      	mov	r6, r1
10006df6:	461d      	mov	r5, r3
10006df8:	b118      	cbz	r0, 10006e02 <tu_fifo_config+0x22>
10006dfa:	f04f 31ff 	mov.w	r1, #4294967295
10006dfe:	f000 fbc7 	bl	10007590 <__mutex_enter_timeout_ms_veneer>
10006e02:	6920      	ldr	r0, [r4, #16]
10006e04:	b118      	cbz	r0, 10006e0e <tu_fifo_config+0x2e>
10006e06:	f04f 31ff 	mov.w	r1, #4294967295
10006e0a:	f000 fbc1 	bl	10007590 <__mutex_enter_timeout_ms_veneer>
10006e0e:	2200      	movs	r2, #0
10006e10:	f3c5 030e 	ubfx	r3, r5, #0, #15
10006e14:	68e0      	ldr	r0, [r4, #12]
10006e16:	ea43 33c8 	orr.w	r3, r3, r8, lsl #15
10006e1a:	8162      	strh	r2, [r4, #10]
10006e1c:	6026      	str	r6, [r4, #0]
10006e1e:	80a7      	strh	r7, [r4, #4]
10006e20:	80e3      	strh	r3, [r4, #6]
10006e22:	8122      	strh	r2, [r4, #8]
10006e24:	b108      	cbz	r0, 10006e2a <tu_fifo_config+0x4a>
10006e26:	f000 fbc7 	bl	100075b8 <__mutex_exit_veneer>
10006e2a:	6920      	ldr	r0, [r4, #16]
10006e2c:	b108      	cbz	r0, 10006e32 <tu_fifo_config+0x52>
10006e2e:	f000 fbc3 	bl	100075b8 <__mutex_exit_veneer>
10006e32:	2001      	movs	r0, #1
10006e34:	e8bd 81f0 	ldmia.w	sp!, {r4, r5, r6, r7, r8, pc}
10006e38:	2000      	movs	r0, #0
10006e3a:	e8bd 81f0 	ldmia.w	sp!, {r4, r5, r6, r7, r8, pc}
10006e3e:	bf00      	nop

10006e40 <tu_fifo_count>:
10006e40:	8903      	ldrh	r3, [r0, #8]
10006e42:	8942      	ldrh	r2, [r0, #10]
10006e44:	b29b      	uxth	r3, r3
10006e46:	b292      	uxth	r2, r2
10006e48:	8880      	ldrh	r0, [r0, #4]
10006e4a:	4293      	cmp	r3, r2
10006e4c:	bf36      	itet	cc
10006e4e:	ebc2 0240 	rsbcc	r2, r2, r0, lsl #1
10006e52:	1a9b      	subcs	r3, r3, r2
10006e54:	189b      	addcc	r3, r3, r2
10006e56:	b29b      	uxth	r3, r3
10006e58:	4298      	cmp	r0, r3
10006e5a:	bf28      	it	cs
10006e5c:	4618      	movcs	r0, r3
10006e5e:	4770      	bx	lr

10006e60 <tu_fifo_empty>:
10006e60:	8902      	ldrh	r2, [r0, #8]
10006e62:	8943      	ldrh	r3, [r0, #10]
10006e64:	b290      	uxth	r0, r2
10006e66:	b29b      	uxth	r3, r3
10006e68:	1ac0      	subs	r0, r0, r3
10006e6a:	fab0 f080 	clz	r0, r0
10006e6e:	0940      	lsrs	r0, r0, #5
10006e70:	4770      	bx	lr
10006e72:	bf00      	nop

10006e74 <tu_fifo_remaining>:
10006e74:	8903      	ldrh	r3, [r0, #8]
10006e76:	8942      	ldrh	r2, [r0, #10]
10006e78:	b29b      	uxth	r3, r3
10006e7a:	8880      	ldrh	r0, [r0, #4]
10006e7c:	b292      	uxth	r2, r2
10006e7e:	4293      	cmp	r3, r2
10006e80:	bf36      	itet	cc
10006e82:	ebc2 0240 	rsbcc	r2, r2, r0, lsl #1
10006e86:	1a9b      	subcs	r3, r3, r2
10006e88:	189b      	addcc	r3, r3, r2
10006e8a:	b29b      	uxth	r3, r3
10006e8c:	4298      	cmp	r0, r3
10006e8e:	bf86      	itte	hi
10006e90:	1ac0      	subhi	r0, r0, r3
10006e92:	b280      	uxthhi	r0, r0
10006e94:	2000      	movls	r0, #0
10006e96:	4770      	bx	lr

10006e98 <tu_fifo_read>:
10006e98:	b538      	push	{r3, r4, r5, lr}
10006e9a:	4604      	mov	r4, r0
10006e9c:	6900      	ldr	r0, [r0, #16]
10006e9e:	460d      	mov	r5, r1
10006ea0:	b118      	cbz	r0, 10006eaa <tu_fifo_read+0x12>
10006ea2:	f04f 31ff 	mov.w	r1, #4294967295
10006ea6:	f000 fb73 	bl	10007590 <__mutex_enter_timeout_ms_veneer>
10006eaa:	8921      	ldrh	r1, [r4, #8]
10006eac:	8963      	ldrh	r3, [r4, #10]
10006eae:	b289      	uxth	r1, r1
10006eb0:	b29b      	uxth	r3, r3
10006eb2:	88a2      	ldrh	r2, [r4, #4]
10006eb4:	4299      	cmp	r1, r3
10006eb6:	bf36      	itet	cc
10006eb8:	ebc3 0042 	rsbcc	r0, r3, r2, lsl #1
10006ebc:	1ac8      	subcs	r0, r1, r3
10006ebe:	1840      	addcc	r0, r0, r1
10006ec0:	b280      	uxth	r0, r0
10006ec2:	b350      	cbz	r0, 10006f1a <tu_fifo_read+0x82>
10006ec4:	4282      	cmp	r2, r0
10006ec6:	d209      	bcs.n	10006edc <tu_fifo_read+0x44>
10006ec8:	4291      	cmp	r1, r2
10006eca:	bf2c      	ite	cs
10006ecc:	1a89      	subcs	r1, r1, r2
10006ece:	1889      	addcc	r1, r1, r2
10006ed0:	b28b      	uxth	r3, r1
10006ed2:	429a      	cmp	r2, r3
10006ed4:	8163      	strh	r3, [r4, #10]
10006ed6:	d803      	bhi.n	10006ee0 <tu_fifo_read+0x48>
10006ed8:	1a9b      	subs	r3, r3, r2
10006eda:	b29b      	uxth	r3, r3
10006edc:	429a      	cmp	r2, r3
10006ede:	d9fb      	bls.n	10006ed8 <tu_fifo_read+0x40>
10006ee0:	88e2      	ldrh	r2, [r4, #6]
10006ee2:	6821      	ldr	r1, [r4, #0]
10006ee4:	f3c2 020e 	ubfx	r2, r2, #0, #15
10006ee8:	fb02 1103 	mla	r1, r2, r3, r1
10006eec:	4628      	mov	r0, r5
10006eee:	f000 faa9 	bl	10007444 <memcpy>
10006ef2:	8961      	ldrh	r1, [r4, #10]
10006ef4:	2501      	movs	r5, #1
10006ef6:	b289      	uxth	r1, r1
10006ef8:	1c4b      	adds	r3, r1, #1
10006efa:	b29b      	uxth	r3, r3
10006efc:	4299      	cmp	r1, r3
10006efe:	88a2      	ldrh	r2, [r4, #4]
10006f00:	d90e      	bls.n	10006f20 <tu_fifo_read+0x88>
10006f02:	2300      	movs	r3, #0
10006f04:	fa02 f105 	lsl.w	r1, r2, r5
10006f08:	1a5b      	subs	r3, r3, r1
10006f0a:	b29b      	uxth	r3, r3
10006f0c:	6920      	ldr	r0, [r4, #16]
10006f0e:	8163      	strh	r3, [r4, #10]
10006f10:	b108      	cbz	r0, 10006f16 <tu_fifo_read+0x7e>
10006f12:	f000 fb51 	bl	100075b8 <__mutex_exit_veneer>
10006f16:	4628      	mov	r0, r5
10006f18:	bd38      	pop	{r3, r4, r5, pc}
10006f1a:	4605      	mov	r5, r0
10006f1c:	8963      	ldrh	r3, [r4, #10]
10006f1e:	b29b      	uxth	r3, r3
10006f20:	ebb3 0f42 	cmp.w	r3, r2, lsl #1
10006f24:	ea4f 0142 	mov.w	r1, r2, lsl #1
10006f28:	dbf0      	blt.n	10006f0c <tu_fifo_read+0x74>
10006f2a:	e7ed      	b.n	10006f08 <tu_fifo_read+0x70>

10006f2c <tu_fifo_read_n>:
10006f2c:	e92d 47f0 	stmdb	sp!, {r4, r5, r6, r7, r8, r9, sl, lr}
10006f30:	4606      	mov	r6, r0
10006f32:	6900      	ldr	r0, [r0, #16]
10006f34:	4688      	mov	r8, r1
10006f36:	4691      	mov	r9, r2
10006f38:	b118      	cbz	r0, 10006f42 <tu_fifo_read_n+0x16>
10006f3a:	f04f 31ff 	mov.w	r1, #4294967295
10006f3e:	f000 fb27 	bl	10007590 <__mutex_enter_timeout_ms_veneer>
10006f42:	8933      	ldrh	r3, [r6, #8]
10006f44:	8974      	ldrh	r4, [r6, #10]
10006f46:	b29b      	uxth	r3, r3
10006f48:	b2a4      	uxth	r4, r4
10006f4a:	88b5      	ldrh	r5, [r6, #4]
10006f4c:	42a3      	cmp	r3, r4
10006f4e:	bf36      	itet	cc
10006f50:	ebc4 0745 	rsbcc	r7, r4, r5, lsl #1
10006f54:	1b1f      	subcs	r7, r3, r4
10006f56:	18ff      	addcc	r7, r7, r3
10006f58:	b2bf      	uxth	r7, r7
10006f5a:	2f00      	cmp	r7, #0
10006f5c:	d04a      	beq.n	10006ff4 <tu_fifo_read_n+0xc8>
10006f5e:	42bd      	cmp	r5, r7
10006f60:	d340      	bcc.n	10006fe4 <tu_fifo_read_n+0xb8>
10006f62:	45b9      	cmp	r9, r7
10006f64:	bf28      	it	cs
10006f66:	46b9      	movcs	r9, r7
10006f68:	42a5      	cmp	r5, r4
10006f6a:	fa1f f789 	uxth.w	r7, r9
10006f6e:	d803      	bhi.n	10006f78 <tu_fifo_read_n+0x4c>
10006f70:	1b64      	subs	r4, r4, r5
10006f72:	b2a4      	uxth	r4, r4
10006f74:	42a5      	cmp	r5, r4
10006f76:	d9fb      	bls.n	10006f70 <tu_fifo_read_n+0x44>
10006f78:	f8b6 a006 	ldrh.w	sl, [r6, #6]
10006f7c:	1b2b      	subs	r3, r5, r4
10006f7e:	6831      	ldr	r1, [r6, #0]
10006f80:	b29b      	uxth	r3, r3
10006f82:	f3ca 020e 	ubfx	r2, sl, #0, #15
10006f86:	429f      	cmp	r7, r3
10006f88:	4692      	mov	sl, r2
10006f8a:	fb02 1104 	mla	r1, r2, r4, r1
10006f8e:	d923      	bls.n	10006fd8 <tu_fifo_read_n+0xac>
10006f90:	fb13 f302 	smulbb	r3, r3, r2
10006f94:	fa1f f983 	uxth.w	r9, r3
10006f98:	464a      	mov	r2, r9
10006f9a:	4640      	mov	r0, r8
10006f9c:	1b7d      	subs	r5, r7, r5
10006f9e:	f000 fa51 	bl	10007444 <memcpy>
10006fa2:	1962      	adds	r2, r4, r5
10006fa4:	fb12 f20a 	smulbb	r2, r2, sl
10006fa8:	6831      	ldr	r1, [r6, #0]
10006faa:	eb08 0009 	add.w	r0, r8, r9
10006fae:	b292      	uxth	r2, r2
10006fb0:	f000 fa48 	bl	10007444 <memcpy>
10006fb4:	8972      	ldrh	r2, [r6, #10]
10006fb6:	88b5      	ldrh	r5, [r6, #4]
10006fb8:	b292      	uxth	r2, r2
10006fba:	19d3      	adds	r3, r2, r7
10006fbc:	b29b      	uxth	r3, r3
10006fbe:	429a      	cmp	r2, r3
10006fc0:	d91a      	bls.n	10006ff8 <tu_fifo_read_n+0xcc>
10006fc2:	006a      	lsls	r2, r5, #1
10006fc4:	1a9b      	subs	r3, r3, r2
10006fc6:	b29b      	uxth	r3, r3
10006fc8:	6930      	ldr	r0, [r6, #16]
10006fca:	8173      	strh	r3, [r6, #10]
10006fcc:	b108      	cbz	r0, 10006fd2 <tu_fifo_read_n+0xa6>
10006fce:	f000 faf3 	bl	100075b8 <__mutex_exit_veneer>
10006fd2:	4638      	mov	r0, r7
10006fd4:	e8bd 87f0 	ldmia.w	sp!, {r4, r5, r6, r7, r8, r9, sl, pc}
10006fd8:	4640      	mov	r0, r8
10006fda:	fb07 f202 	mul.w	r2, r7, r2
10006fde:	f000 fa31 	bl	10007444 <memcpy>
10006fe2:	e7e7      	b.n	10006fb4 <tu_fifo_read_n+0x88>
10006fe4:	42ab      	cmp	r3, r5
10006fe6:	bf2c      	ite	cs
10006fe8:	1b5b      	subcs	r3, r3, r5
10006fea:	195b      	addcc	r3, r3, r5
10006fec:	b29c      	uxth	r4, r3
10006fee:	462f      	mov	r7, r5
10006ff0:	8174      	strh	r4, [r6, #10]
10006ff2:	e7b6      	b.n	10006f62 <tu_fifo_read_n+0x36>
10006ff4:	8973      	ldrh	r3, [r6, #10]
10006ff6:	b29b      	uxth	r3, r3
10006ff8:	ebb3 0f45 	cmp.w	r3, r5, lsl #1
10006ffc:	ea4f 0245 	mov.w	r2, r5, lsl #1
10007000:	dbe2      	blt.n	10006fc8 <tu_fifo_read_n+0x9c>
10007002:	e7df      	b.n	10006fc4 <tu_fifo_read_n+0x98>

10007004 <tu_fifo_write>:
10007004:	b5f8      	push	{r3, r4, r5, r6, r7, lr}
10007006:	4604      	mov	r4, r0
10007008:	68c0      	ldr	r0, [r0, #12]
1000700a:	460e      	mov	r6, r1
1000700c:	b118      	cbz	r0, 10007016 <tu_fifo_write+0x12>
1000700e:	f04f 31ff 	mov.w	r1, #4294967295
10007012:	f000 fabd 	bl	10007590 <__mutex_enter_timeout_ms_veneer>
10007016:	8925      	ldrh	r5, [r4, #8]
10007018:	8923      	ldrh	r3, [r4, #8]
1000701a:	8961      	ldrh	r1, [r4, #10]
1000701c:	b29b      	uxth	r3, r3
1000701e:	b289      	uxth	r1, r1
10007020:	88a2      	ldrh	r2, [r4, #4]
10007022:	428b      	cmp	r3, r1
10007024:	bf36      	itet	cc
10007026:	ebc1 0142 	rsbcc	r1, r1, r2, lsl #1
1000702a:	1a5b      	subcs	r3, r3, r1
1000702c:	185b      	addcc	r3, r3, r1
1000702e:	b29b      	uxth	r3, r3
10007030:	429a      	cmp	r2, r3
10007032:	b2ad      	uxth	r5, r5
10007034:	d808      	bhi.n	10007048 <tu_fifo_write+0x44>
10007036:	79e7      	ldrb	r7, [r4, #7]
10007038:	09ff      	lsrs	r7, r7, #7
1000703a:	d105      	bne.n	10007048 <tu_fifo_write+0x44>
1000703c:	68e0      	ldr	r0, [r4, #12]
1000703e:	b108      	cbz	r0, 10007044 <tu_fifo_write+0x40>
10007040:	f000 faba 	bl	100075b8 <__mutex_exit_veneer>
10007044:	4638      	mov	r0, r7
10007046:	bdf8      	pop	{r3, r4, r5, r6, r7, pc}
10007048:	4295      	cmp	r5, r2
1000704a:	bf28      	it	cs
1000704c:	462b      	movcs	r3, r5
1000704e:	d318      	bcc.n	10007082 <tu_fifo_write+0x7e>
10007050:	1a9b      	subs	r3, r3, r2
10007052:	b29b      	uxth	r3, r3
10007054:	4293      	cmp	r3, r2
10007056:	d2fb      	bcs.n	10007050 <tu_fifo_write+0x4c>
10007058:	88e2      	ldrh	r2, [r4, #6]
1000705a:	6820      	ldr	r0, [r4, #0]
1000705c:	f3c2 020e 	ubfx	r2, r2, #0, #15
10007060:	fb02 0003 	mla	r0, r2, r3, r0
10007064:	4631      	mov	r1, r6
10007066:	f000 f9ed 	bl	10007444 <memcpy>
1000706a:	1c6b      	adds	r3, r5, #1
1000706c:	b29b      	uxth	r3, r3
1000706e:	429d      	cmp	r5, r3
10007070:	88a2      	ldrh	r2, [r4, #4]
10007072:	d912      	bls.n	1000709a <tu_fifo_write+0x96>
10007074:	2300      	movs	r3, #0
10007076:	0051      	lsls	r1, r2, #1
10007078:	1a5b      	subs	r3, r3, r1
1000707a:	b29b      	uxth	r3, r3
1000707c:	2701      	movs	r7, #1
1000707e:	8123      	strh	r3, [r4, #8]
10007080:	e7dc      	b.n	1000703c <tu_fifo_write+0x38>
10007082:	88e2      	ldrh	r2, [r4, #6]
10007084:	6820      	ldr	r0, [r4, #0]
10007086:	f3c2 020e 	ubfx	r2, r2, #0, #15
1000708a:	fb05 0002 	mla	r0, r5, r2, r0
1000708e:	4631      	mov	r1, r6
10007090:	f000 f9d8 	bl	10007444 <memcpy>
10007094:	3501      	adds	r5, #1
10007096:	88a2      	ldrh	r2, [r4, #4]
10007098:	b2ab      	uxth	r3, r5
1000709a:	ebb3 0f42 	cmp.w	r3, r2, lsl #1
1000709e:	ea4f 0142 	mov.w	r1, r2, lsl #1
100070a2:	dbeb      	blt.n	1000707c <tu_fifo_write+0x78>
100070a4:	e7e8      	b.n	10007078 <tu_fifo_write+0x74>
100070a6:	bf00      	nop

100070a8 <tu_fifo_write_n>:
100070a8:	e92d 4ff0 	stmdb	sp!, {r4, r5, r6, r7, r8, r9, sl, fp, lr}
100070ac:	4617      	mov	r7, r2
100070ae:	b083      	sub	sp, #12
100070b0:	2a00      	cmp	r2, #0
100070b2:	d075      	beq.n	100071a0 <tu_fifo_write_n+0xf8>
100070b4:	4606      	mov	r6, r0
100070b6:	68c0      	ldr	r0, [r0, #12]
100070b8:	4689      	mov	r9, r1
100070ba:	b118      	cbz	r0, 100070c4 <tu_fifo_write_n+0x1c>
100070bc:	f04f 31ff 	mov.w	r1, #4294967295
100070c0:	f000 fa66 	bl	10007590 <__mutex_enter_timeout_ms_veneer>
100070c4:	79f3      	ldrb	r3, [r6, #7]
100070c6:	f8b6 8008 	ldrh.w	r8, [r6, #8]
100070ca:	8972      	ldrh	r2, [r6, #10]
100070cc:	09db      	lsrs	r3, r3, #7
100070ce:	88b5      	ldrh	r5, [r6, #4]
100070d0:	fa1f f888 	uxth.w	r8, r8
100070d4:	b292      	uxth	r2, r2
100070d6:	d13c      	bne.n	10007152 <tu_fifo_write_n+0xaa>
100070d8:	4590      	cmp	r8, r2
100070da:	bf36      	itet	cc
100070dc:	ebc2 0245 	rsbcc	r2, r2, r5, lsl #1
100070e0:	eba8 0202 	subcs.w	r2, r8, r2
100070e4:	4442      	addcc	r2, r8
100070e6:	b292      	uxth	r2, r2
100070e8:	42aa      	cmp	r2, r5
100070ea:	d25e      	bcs.n	100071aa <tu_fifo_write_n+0x102>
100070ec:	1aaa      	subs	r2, r5, r2
100070ee:	b292      	uxth	r2, r2
100070f0:	42ba      	cmp	r2, r7
100070f2:	bf28      	it	cs
100070f4:	463a      	movcs	r2, r7
100070f6:	f8b6 b006 	ldrh.w	fp, [r6, #6]
100070fa:	b297      	uxth	r7, r2
100070fc:	1b7b      	subs	r3, r7, r5
100070fe:	eb08 0a07 	add.w	sl, r8, r7
10007102:	f3cb 0b0e 	ubfx	fp, fp, #0, #15
10007106:	b29b      	uxth	r3, r3
10007108:	fa1f fa8a 	uxth.w	sl, sl
1000710c:	45a8      	cmp	r8, r5
1000710e:	4644      	mov	r4, r8
10007110:	d303      	bcc.n	1000711a <tu_fifo_write_n+0x72>
10007112:	1b64      	subs	r4, r4, r5
10007114:	b2a4      	uxth	r4, r4
10007116:	42ac      	cmp	r4, r5
10007118:	d2fb      	bcs.n	10007112 <tu_fifo_write_n+0x6a>
1000711a:	1b2d      	subs	r5, r5, r4
1000711c:	6830      	ldr	r0, [r6, #0]
1000711e:	b2ad      	uxth	r5, r5
10007120:	42bd      	cmp	r5, r7
10007122:	fb0b 0004 	mla	r0, fp, r4, r0
10007126:	d357      	bcc.n	100071d8 <tu_fifo_write_n+0x130>
10007128:	4649      	mov	r1, r9
1000712a:	fb0b f207 	mul.w	r2, fp, r7
1000712e:	f000 f989 	bl	10007444 <memcpy>
10007132:	88b2      	ldrh	r2, [r6, #4]
10007134:	45d0      	cmp	r8, sl
10007136:	ea4f 0342 	mov.w	r3, r2, lsl #1
1000713a:	d802      	bhi.n	10007142 <tu_fifo_write_n+0x9a>
1000713c:	ebba 0f42 	cmp.w	sl, r2, lsl #1
10007140:	db03      	blt.n	1000714a <tu_fifo_write_n+0xa2>
10007142:	ebaa 0303 	sub.w	r3, sl, r3
10007146:	fa1f fa83 	uxth.w	sl, r3
1000714a:	463d      	mov	r5, r7
1000714c:	f8a6 a008 	strh.w	sl, [r6, #8]
10007150:	e02c      	b.n	100071ac <tu_fifo_write_n+0x104>
10007152:	f8b6 b006 	ldrh.w	fp, [r6, #6]
10007156:	42af      	cmp	r7, r5
10007158:	f3cb 0b0e 	ubfx	fp, fp, #0, #15
1000715c:	d22f      	bcs.n	100071be <tu_fifo_write_n+0x116>
1000715e:	4590      	cmp	r8, r2
10007160:	bf36      	itet	cc
10007162:	ebc2 0145 	rsbcc	r1, r2, r5, lsl #1
10007166:	eba8 0102 	subcs.w	r1, r8, r2
1000716a:	4441      	addcc	r1, r8
1000716c:	b289      	uxth	r1, r1
1000716e:	0068      	lsls	r0, r5, #1
10007170:	4439      	add	r1, r7
10007172:	1b7b      	subs	r3, r7, r5
10007174:	4281      	cmp	r1, r0
10007176:	b29b      	uxth	r3, r3
10007178:	db0d      	blt.n	10007196 <tu_fifo_write_n+0xee>
1000717a:	eb02 0a05 	add.w	sl, r2, r5
1000717e:	fa1f fa8a 	uxth.w	sl, sl
10007182:	ebaa 0807 	sub.w	r8, sl, r7
10007186:	fa1f f888 	uxth.w	r8, r8
1000718a:	4542      	cmp	r2, r8
1000718c:	d937      	bls.n	100071fe <tu_fifo_write_n+0x156>
1000718e:	eba8 0000 	sub.w	r0, r8, r0
10007192:	fa1f f880 	uxth.w	r8, r0
10007196:	eb07 0a08 	add.w	sl, r7, r8
1000719a:	fa1f fa8a 	uxth.w	sl, sl
1000719e:	e7b5      	b.n	1000710c <tu_fifo_write_n+0x64>
100071a0:	4615      	mov	r5, r2
100071a2:	4628      	mov	r0, r5
100071a4:	b003      	add	sp, #12
100071a6:	e8bd 8ff0 	ldmia.w	sp!, {r4, r5, r6, r7, r8, r9, sl, fp, pc}
100071aa:	2500      	movs	r5, #0
100071ac:	68f0      	ldr	r0, [r6, #12]
100071ae:	2800      	cmp	r0, #0
100071b0:	d0f7      	beq.n	100071a2 <tu_fifo_write_n+0xfa>
100071b2:	f000 fa01 	bl	100075b8 <__mutex_exit_veneer>
100071b6:	4628      	mov	r0, r5
100071b8:	b003      	add	sp, #12
100071ba:	e8bd 8ff0 	ldmia.w	sp!, {r4, r5, r6, r7, r8, r9, sl, fp, pc}
100071be:	2d00      	cmp	r5, #0
100071c0:	d0f4      	beq.n	100071ac <tu_fifo_write_n+0x104>
100071c2:	1b7f      	subs	r7, r7, r5
100071c4:	eb02 0a05 	add.w	sl, r2, r5
100071c8:	fb0b 9907 	mla	r9, fp, r7, r9
100071cc:	4690      	mov	r8, r2
100071ce:	462f      	mov	r7, r5
100071d0:	2300      	movs	r3, #0
100071d2:	fa1f fa8a 	uxth.w	sl, sl
100071d6:	e799      	b.n	1000710c <tu_fifo_write_n+0x64>
100071d8:	fb15 f50b 	smulbb	r5, r5, fp
100071dc:	b2ad      	uxth	r5, r5
100071de:	462a      	mov	r2, r5
100071e0:	4649      	mov	r1, r9
100071e2:	9301      	str	r3, [sp, #4]
100071e4:	f000 f92e 	bl	10007444 <memcpy>
100071e8:	9b01      	ldr	r3, [sp, #4]
100071ea:	6830      	ldr	r0, [r6, #0]
100071ec:	18e2      	adds	r2, r4, r3
100071ee:	fb12 f20b 	smulbb	r2, r2, fp
100071f2:	eb09 0105 	add.w	r1, r9, r5
100071f6:	b292      	uxth	r2, r2
100071f8:	f000 f924 	bl	10007444 <memcpy>
100071fc:	e799      	b.n	10007132 <tu_fifo_write_n+0x8a>
100071fe:	4540      	cmp	r0, r8
10007200:	dc84      	bgt.n	1000710c <tu_fifo_write_n+0x64>
10007202:	e7c4      	b.n	1000718e <tu_fifo_write_n+0xe6>

10007204 <tu_fifo_clear>:
10007204:	b510      	push	{r4, lr}
10007206:	4604      	mov	r4, r0
10007208:	68c0      	ldr	r0, [r0, #12]
1000720a:	b118      	cbz	r0, 10007214 <tu_fifo_clear+0x10>
1000720c:	f04f 31ff 	mov.w	r1, #4294967295
10007210:	f000 f9be 	bl	10007590 <__mutex_enter_timeout_ms_veneer>
10007214:	6920      	ldr	r0, [r4, #16]
10007216:	b118      	cbz	r0, 10007220 <tu_fifo_clear+0x1c>
10007218:	f04f 31ff 	mov.w	r1, #4294967295
1000721c:	f000 f9b8 	bl	10007590 <__mutex_enter_timeout_ms_veneer>
10007220:	2300      	movs	r3, #0
10007222:	68e0      	ldr	r0, [r4, #12]
10007224:	8163      	strh	r3, [r4, #10]
10007226:	8123      	strh	r3, [r4, #8]
10007228:	b108      	cbz	r0, 1000722e <tu_fifo_clear+0x2a>
1000722a:	f000 f9c5 	bl	100075b8 <__mutex_exit_veneer>
1000722e:	6920      	ldr	r0, [r4, #16]
10007230:	b108      	cbz	r0, 10007236 <tu_fifo_clear+0x32>
10007232:	f000 f9c1 	bl	100075b8 <__mutex_exit_veneer>
10007236:	2001      	movs	r0, #1
10007238:	bd10      	pop	{r4, pc}
1000723a:	bf00      	nop

1000723c <tu_fifo_set_overwritable>:
1000723c:	b538      	push	{r3, r4, r5, lr}
1000723e:	4604      	mov	r4, r0
10007240:	68c0      	ldr	r0, [r0, #12]
10007242:	460d      	mov	r5, r1
10007244:	b118      	cbz	r0, 1000724e <tu_fifo_set_overwritable+0x12>
10007246:	f04f 31ff 	mov.w	r1, #4294967295
1000724a:	f000 f9a1 	bl	10007590 <__mutex_enter_timeout_ms_veneer>
1000724e:	6920      	ldr	r0, [r4, #16]
10007250:	b118      	cbz	r0, 1000725a <tu_fifo_set_overwritable+0x1e>
10007252:	f04f 31ff 	mov.w	r1, #4294967295
10007256:	f000 f99b 	bl	10007590 <__mutex_enter_timeout_ms_veneer>
1000725a:	79e3      	ldrb	r3, [r4, #7]
1000725c:	68e0      	ldr	r0, [r4, #12]
1000725e:	f365 13c7 	bfi	r3, r5, #7, #1
10007262:	71e3      	strb	r3, [r4, #7]
10007264:	b108      	cbz	r0, 1000726a <tu_fifo_set_overwritable+0x2e>
10007266:	f000 f9a7 	bl	100075b8 <__mutex_exit_veneer>
1000726a:	6920      	ldr	r0, [r4, #16]
1000726c:	b108      	cbz	r0, 10007272 <tu_fifo_set_overwritable+0x36>
1000726e:	f000 f9a3 	bl	100075b8 <__mutex_exit_veneer>
10007272:	2001      	movs	r0, #1
10007274:	bd38      	pop	{r3, r4, r5, pc}
10007276:	bf00      	nop

10007278 <adc_init>:
10007278:	2301      	movs	r3, #1
1000727a:	4807      	ldr	r0, [pc, #28]	@ (10007298 <adc_init+0x20>)
1000727c:	4907      	ldr	r1, [pc, #28]	@ (1000729c <adc_init+0x24>)
1000727e:	4a08      	ldr	r2, [pc, #32]	@ (100072a0 <adc_init+0x28>)
10007280:	6003      	str	r3, [r0, #0]
10007282:	600b      	str	r3, [r1, #0]
10007284:	6893      	ldr	r3, [r2, #8]
10007286:	07d9      	lsls	r1, r3, #31
10007288:	d5fc      	bpl.n	10007284 <adc_init+0xc>
1000728a:	2301      	movs	r3, #1
1000728c:	4a05      	ldr	r2, [pc, #20]	@ (100072a4 <adc_init+0x2c>)
1000728e:	6013      	str	r3, [r2, #0]
10007290:	6813      	ldr	r3, [r2, #0]
10007292:	05db      	lsls	r3, r3, #23
10007294:	d5fc      	bpl.n	10007290 <adc_init+0x18>
10007296:	4770      	bx	lr
10007298:	40022000 	.word	0x40022000
1000729c:	40023000 	.word	0x40023000
100072a0:	40020000 	.word	0x40020000
100072a4:	400a0000 	.word	0x400a0000

100072a8 <spi_init>:
100072a8:	4b38      	ldr	r3, [pc, #224]	@ (1000738c <spi_init+0xe4>)
100072aa:	e92d 47f0 	stmdb	sp!, {r4, r5, r6, r7, r8, r9, sl, lr}
100072ae:	4298      	cmp	r0, r3
100072b0:	bf14      	ite	ne
100072b2:	f44f 2300 	movne.w	r3, #524288	@ 0x80000
100072b6:	f44f 2380 	moveq.w	r3, #262144	@ 0x40000
100072ba:	4607      	mov	r7, r0
100072bc:	460e      	mov	r6, r1
100072be:	4d34      	ldr	r5, [pc, #208]	@ (10007390 <spi_init+0xe8>)
100072c0:	4c34      	ldr	r4, [pc, #208]	@ (10007394 <spi_init+0xec>)
100072c2:	4a35      	ldr	r2, [pc, #212]	@ (10007398 <spi_init+0xf0>)
100072c4:	602b      	str	r3, [r5, #0]
100072c6:	6023      	str	r3, [r4, #0]
100072c8:	6895      	ldr	r5, [r2, #8]
100072ca:	ea33 0505 	bics.w	r5, r3, r5
100072ce:	d1fb      	bne.n	100072c8 <spi_init+0x20>
100072d0:	2006      	movs	r0, #6
100072d2:	f7fb f9d3 	bl	1000267c <clock_get_hz>
100072d6:	4639      	mov	r1, r7
100072d8:	f04f 0a02 	mov.w	sl, #2
100072dc:	f851 ef04 	ldr.w	lr, [r1, #4]!
100072e0:	ea4f 59d6 	mov.w	r9, r6, lsr #23
100072e4:	ea4f 2c46 	mov.w	ip, r6, lsl #9
100072e8:	f501 5840 	add.w	r8, r1, #12288	@ 0x3000
100072ec:	4663      	mov	r3, ip
100072ee:	464a      	mov	r2, r9
100072f0:	4654      	mov	r4, sl
100072f2:	ea0e 0e0a 	and.w	lr, lr, sl
100072f6:	f8c8 a000 	str.w	sl, [r8]
100072fa:	e008      	b.n	1000730e <spi_init+0x66>
100072fc:	eb13 030c 	adds.w	r3, r3, ip
10007300:	f104 0402 	add.w	r4, r4, #2
10007304:	eb42 0209 	adc.w	r2, r2, r9
10007308:	f5b4 7f80 	cmp.w	r4, #256	@ 0x100
1000730c:	d003      	beq.n	10007316 <spi_init+0x6e>
1000730e:	4298      	cmp	r0, r3
10007310:	eb75 0a02 	sbcs.w	sl, r5, r2
10007314:	d2f2      	bcs.n	100072fc <spi_init+0x54>
10007316:	f44f 7380 	mov.w	r3, #256	@ 0x100
1000731a:	ebc4 2204 	rsb	r2, r4, r4, lsl #8
1000731e:	e001      	b.n	10007324 <spi_init+0x7c>
10007320:	2b01      	cmp	r3, #1
10007322:	d030      	beq.n	10007386 <spi_init+0xde>
10007324:	fbb0 fcf2 	udiv	ip, r0, r2
10007328:	4566      	cmp	r6, ip
1000732a:	4699      	mov	r9, r3
1000732c:	eba2 0204 	sub.w	r2, r2, r4
10007330:	f103 33ff 	add.w	r3, r3, #4294967295
10007334:	d2f4      	bcs.n	10007320 <spi_init+0x78>
10007336:	fb09 f904 	mul.w	r9, r9, r4
1000733a:	021d      	lsls	r5, r3, #8
1000733c:	613c      	str	r4, [r7, #16]
1000733e:	2402      	movs	r4, #2
10007340:	463b      	mov	r3, r7
10007342:	2603      	movs	r6, #3
10007344:	683a      	ldr	r2, [r7, #0]
10007346:	f501 5100 	add.w	r1, r1, #8192	@ 0x2000
1000734a:	406a      	eors	r2, r5
1000734c:	f507 5c80 	add.w	ip, r7, #4096	@ 0x1000
10007350:	f402 427f 	and.w	r2, r2, #65280	@ 0xff00
10007354:	f8cc 2000 	str.w	r2, [ip]
10007358:	f8c1 e000 	str.w	lr, [r1]
1000735c:	687d      	ldr	r5, [r7, #4]
1000735e:	f8c8 4000 	str.w	r4, [r8]
10007362:	f853 2b24 	ldr.w	r2, [r3], #36
10007366:	4025      	ands	r5, r4
10007368:	f082 0207 	eor.w	r2, r2, #7
1000736c:	f002 02cf 	and.w	r2, r2, #207	@ 0xcf
10007370:	f503 5300 	add.w	r3, r3, #8192	@ 0x2000
10007374:	f8cc 2000 	str.w	r2, [ip]
10007378:	fbb0 f0f9 	udiv	r0, r0, r9
1000737c:	600d      	str	r5, [r1, #0]
1000737e:	601e      	str	r6, [r3, #0]
10007380:	600c      	str	r4, [r1, #0]
10007382:	e8bd 87f0 	ldmia.w	sp!, {r4, r5, r6, r7, r8, r9, sl, pc}
10007386:	46a1      	mov	r9, r4
10007388:	e7d8      	b.n	1000733c <spi_init+0x94>
1000738a:	bf00      	nop
1000738c:	40080000 	.word	0x40080000
10007390:	40022000 	.word	0x40022000
10007394:	40023000 	.word	0x40023000
10007398:	40020000 	.word	0x40020000

1000739c <memset>:
1000739c:	0783      	lsls	r3, r0, #30
1000739e:	b530      	push	{r4, r5, lr}
100073a0:	d046      	beq.n	10007430 <memset+0x94>
100073a2:	1884      	adds	r4, r0, r2
100073a4:	4684      	mov	ip, r0
100073a6:	e004      	b.n	100073b2 <memset+0x16>
100073a8:	f803 1b01 	strb.w	r1, [r3], #1
100073ac:	079d      	lsls	r5, r3, #30
100073ae:	d004      	beq.n	100073ba <memset+0x1e>
100073b0:	469c      	mov	ip, r3
100073b2:	45a4      	cmp	ip, r4
100073b4:	4663      	mov	r3, ip
100073b6:	d1f7      	bne.n	100073a8 <memset+0xc>
100073b8:	bd30      	pop	{r4, r5, pc}
100073ba:	3a01      	subs	r2, #1
100073bc:	4402      	add	r2, r0
100073be:	eba2 020c 	sub.w	r2, r2, ip
100073c2:	2a03      	cmp	r2, #3
100073c4:	d929      	bls.n	1000741a <memset+0x7e>
100073c6:	b2cc      	uxtb	r4, r1
100073c8:	2a0f      	cmp	r2, #15
100073ca:	eb04 2404 	add.w	r4, r4, r4, lsl #8
100073ce:	eb04 4404 	add.w	r4, r4, r4, lsl #16
100073d2:	d92f      	bls.n	10007434 <memset+0x98>
100073d4:	f1a2 0c10 	sub.w	ip, r2, #16
100073d8:	f103 0510 	add.w	r5, r3, #16
100073dc:	f02c 0c0f 	bic.w	ip, ip, #15
100073e0:	44ac      	add	ip, r5
100073e2:	e9c3 4400 	strd	r4, r4, [r3]
100073e6:	e9c3 4402 	strd	r4, r4, [r3, #8]
100073ea:	3310      	adds	r3, #16
100073ec:	4563      	cmp	r3, ip
100073ee:	d1f8      	bne.n	100073e2 <memset+0x46>
100073f0:	f012 0f0c 	tst.w	r2, #12
100073f4:	f002 0e0f 	and.w	lr, r2, #15
100073f8:	d018      	beq.n	1000742c <memset+0x90>
100073fa:	f02e 0c03 	bic.w	ip, lr, #3
100073fe:	f1ae 0504 	sub.w	r5, lr, #4
10007402:	461a      	mov	r2, r3
10007404:	449c      	add	ip, r3
10007406:	f842 4b04 	str.w	r4, [r2], #4
1000740a:	4562      	cmp	r2, ip
1000740c:	d1fb      	bne.n	10007406 <memset+0x6a>
1000740e:	f025 0403 	bic.w	r4, r5, #3
10007412:	3304      	adds	r3, #4
10007414:	f00e 0203 	and.w	r2, lr, #3
10007418:	4423      	add	r3, r4
1000741a:	2a00      	cmp	r2, #0
1000741c:	d0cc      	beq.n	100073b8 <memset+0x1c>
1000741e:	b2c9      	uxtb	r1, r1
10007420:	441a      	add	r2, r3
10007422:	f803 1b01 	strb.w	r1, [r3], #1
10007426:	4293      	cmp	r3, r2
10007428:	d1fb      	bne.n	10007422 <memset+0x86>
1000742a:	bd30      	pop	{r4, r5, pc}
1000742c:	4672      	mov	r2, lr
1000742e:	e7f4      	b.n	1000741a <memset+0x7e>
10007430:	4603      	mov	r3, r0
10007432:	e7c6      	b.n	100073c2 <memset+0x26>
10007434:	4696      	mov	lr, r2
10007436:	e7e0      	b.n	100073fa <memset+0x5e>

10007438 <__errno>:
10007438:	4b01      	ldr	r3, [pc, #4]	@ (10007440 <__errno+0x8>)
1000743a:	6818      	ldr	r0, [r3, #0]
1000743c:	4770      	bx	lr
1000743e:	bf00      	nop
10007440:	20001684 	.word	0x20001684

10007444 <memcpy>:
10007444:	4684      	mov	ip, r0
10007446:	ea41 0300 	orr.w	r3, r1, r0
1000744a:	f013 0303 	ands.w	r3, r3, #3
1000744e:	d149      	bne.n	100074e4 <memcpy+0xa0>
10007450:	3a40      	subs	r2, #64	@ 0x40
10007452:	d323      	bcc.n	1000749c <memcpy+0x58>
10007454:	680b      	ldr	r3, [r1, #0]
10007456:	6003      	str	r3, [r0, #0]
10007458:	684b      	ldr	r3, [r1, #4]
1000745a:	6043      	str	r3, [r0, #4]
1000745c:	688b      	ldr	r3, [r1, #8]
1000745e:	6083      	str	r3, [r0, #8]
10007460:	68cb      	ldr	r3, [r1, #12]
10007462:	60c3      	str	r3, [r0, #12]
10007464:	690b      	ldr	r3, [r1, #16]
10007466:	6103      	str	r3, [r0, #16]
10007468:	694b      	ldr	r3, [r1, #20]
1000746a:	6143      	str	r3, [r0, #20]
1000746c:	698b      	ldr	r3, [r1, #24]
1000746e:	6183      	str	r3, [r0, #24]
10007470:	69cb      	ldr	r3, [r1, #28]
10007472:	61c3      	str	r3, [r0, #28]
10007474:	6a0b      	ldr	r3, [r1, #32]
10007476:	6203      	str	r3, [r0, #32]
10007478:	6a4b      	ldr	r3, [r1, #36]	@ 0x24
1000747a:	6243      	str	r3, [r0, #36]	@ 0x24
1000747c:	6a8b      	ldr	r3, [r1, #40]	@ 0x28
1000747e:	6283      	str	r3, [r0, #40]	@ 0x28
10007480:	6acb      	ldr	r3, [r1, #44]	@ 0x2c
10007482:	62c3      	str	r3, [r0, #44]	@ 0x2c
10007484:	6b0b      	ldr	r3, [r1, #48]	@ 0x30
10007486:	6303      	str	r3, [r0, #48]	@ 0x30
10007488:	6b4b      	ldr	r3, [r1, #52]	@ 0x34
1000748a:	6343      	str	r3, [r0, #52]	@ 0x34
1000748c:	6b8b      	ldr	r3, [r1, #56]	@ 0x38
1000748e:	6383      	str	r3, [r0, #56]	@ 0x38
10007490:	6bcb      	ldr	r3, [r1, #60]	@ 0x3c
10007492:	63c3      	str	r3, [r0, #60]	@ 0x3c
10007494:	3040      	adds	r0, #64	@ 0x40
10007496:	3140      	adds	r1, #64	@ 0x40
10007498:	3a40      	subs	r2, #64	@ 0x40
1000749a:	d2db      	bcs.n	10007454 <memcpy+0x10>
1000749c:	3230      	adds	r2, #48	@ 0x30
1000749e:	d30b      	bcc.n	100074b8 <memcpy+0x74>
100074a0:	680b      	ldr	r3, [r1, #0]
100074a2:	6003      	str	r3, [r0, #0]
100074a4:	684b      	ldr	r3, [r1, #4]
100074a6:	6043      	str	r3, [r0, #4]
100074a8:	688b      	ldr	r3, [r1, #8]
100074aa:	6083      	str	r3, [r0, #8]
100074ac:	68cb      	ldr	r3, [r1, #12]
100074ae:	60c3      	str	r3, [r0, #12]
100074b0:	3010      	adds	r0, #16
100074b2:	3110      	adds	r1, #16
100074b4:	3a10      	subs	r2, #16
100074b6:	d2f3      	bcs.n	100074a0 <memcpy+0x5c>
100074b8:	320c      	adds	r2, #12
100074ba:	d305      	bcc.n	100074c8 <memcpy+0x84>
100074bc:	f851 3b04 	ldr.w	r3, [r1], #4
100074c0:	f840 3b04 	str.w	r3, [r0], #4
100074c4:	3a04      	subs	r2, #4
100074c6:	d2f9      	bcs.n	100074bc <memcpy+0x78>
100074c8:	3204      	adds	r2, #4
100074ca:	d008      	beq.n	100074de <memcpy+0x9a>
100074cc:	07d2      	lsls	r2, r2, #31
100074ce:	bf1c      	itt	ne
100074d0:	f811 3b01 	ldrbne.w	r3, [r1], #1
100074d4:	f800 3b01 	strbne.w	r3, [r0], #1
100074d8:	d301      	bcc.n	100074de <memcpy+0x9a>
100074da:	880b      	ldrh	r3, [r1, #0]
100074dc:	8003      	strh	r3, [r0, #0]
100074de:	4660      	mov	r0, ip
100074e0:	4770      	bx	lr
100074e2:	bf00      	nop
100074e4:	2a08      	cmp	r2, #8
100074e6:	d313      	bcc.n	10007510 <memcpy+0xcc>
100074e8:	078b      	lsls	r3, r1, #30
100074ea:	d0b1      	beq.n	10007450 <memcpy+0xc>
100074ec:	f010 0303 	ands.w	r3, r0, #3
100074f0:	d0ae      	beq.n	10007450 <memcpy+0xc>
100074f2:	f1c3 0304 	rsb	r3, r3, #4
100074f6:	1ad2      	subs	r2, r2, r3
100074f8:	07db      	lsls	r3, r3, #31
100074fa:	bf1c      	itt	ne
100074fc:	f811 3b01 	ldrbne.w	r3, [r1], #1
10007500:	f800 3b01 	strbne.w	r3, [r0], #1
10007504:	d3a4      	bcc.n	10007450 <memcpy+0xc>
10007506:	f831 3b02 	ldrh.w	r3, [r1], #2
1000750a:	f820 3b02 	strh.w	r3, [r0], #2
1000750e:	e79f      	b.n	10007450 <memcpy+0xc>
10007510:	3a04      	subs	r2, #4
10007512:	d3d9      	bcc.n	100074c8 <memcpy+0x84>
10007514:	3a01      	subs	r2, #1
10007516:	f811 3b01 	ldrb.w	r3, [r1], #1
1000751a:	f800 3b01 	strb.w	r3, [r0], #1
1000751e:	d2f9      	bcs.n	10007514 <memcpy+0xd0>
10007520:	780b      	ldrb	r3, [r1, #0]
10007522:	7003      	strb	r3, [r0, #0]
10007524:	784b      	ldrb	r3, [r1, #1]
10007526:	7043      	strb	r3, [r0, #1]
10007528:	788b      	ldrb	r3, [r1, #2]
1000752a:	7083      	strb	r3, [r0, #2]
1000752c:	4660      	mov	r0, ip
1000752e:	4770      	bx	lr

10007530 <strlen>:
10007530:	f020 0103 	bic.w	r1, r0, #3
10007534:	f010 0003 	ands.w	r0, r0, #3
10007538:	f1c0 0000 	rsb	r0, r0, #0
1000753c:	f851 3b04 	ldr.w	r3, [r1], #4
10007540:	f100 0c04 	add.w	ip, r0, #4
10007544:	ea4f 0ccc 	mov.w	ip, ip, lsl #3
10007548:	f06f 0200 	mvn.w	r2, #0
1000754c:	bf1c      	itt	ne
1000754e:	fa22 f20c 	lsrne.w	r2, r2, ip
10007552:	4313      	orrne	r3, r2
10007554:	f04f 0c01 	mov.w	ip, #1
10007558:	ea4c 2c0c 	orr.w	ip, ip, ip, lsl #8
1000755c:	ea4c 4c0c 	orr.w	ip, ip, ip, lsl #16
10007560:	eba3 020c 	sub.w	r2, r3, ip
10007564:	ea22 0203 	bic.w	r2, r2, r3
10007568:	ea12 12cc 	ands.w	r2, r2, ip, lsl #7
1000756c:	bf04      	itt	eq
1000756e:	f851 3b04 	ldreq.w	r3, [r1], #4
10007572:	3004      	addeq	r0, #4
10007574:	d0f4      	beq.n	10007560 <strlen+0x30>
10007576:	f1c2 0100 	rsb	r1, r2, #0
1000757a:	ea02 0201 	and.w	r2, r2, r1
1000757e:	fab2 f282 	clz	r2, r2
10007582:	f1c2 021f 	rsb	r2, r2, #31
10007586:	eb00 00d2 	add.w	r0, r0, r2, lsr #3
1000758a:	4770      	bx	lr

1000758c <_fini>:
1000758c:	b5f8      	push	{r3, r4, r5, r6, r7, lr}
1000758e:	bf00      	nop

10007590 <__mutex_enter_timeout_ms_veneer>:
10007590:	f85f f000 	ldr.w	pc, [pc]	@ 10007594 <__mutex_enter_timeout_ms_veneer+0x4>
10007594:	20000235 	.word	0x20000235

10007598 <__hw_endpoint_start_next_buffer_veneer>:
10007598:	f85f f000 	ldr.w	pc, [pc]	@ 1000759c <__hw_endpoint_start_next_buffer_veneer+0x4>
1000759c:	20000b0d 	.word	0x20000b0d

100075a0 <____aeabi_f2d_veneer>:
100075a0:	f85f f000 	ldr.w	pc, [pc]	@ 100075a4 <____aeabi_f2d_veneer+0x4>
100075a4:	20001181 	.word	0x20001181

100075a8 <__e15_is_critical_frame_period_veneer>:
100075a8:	f85f f000 	ldr.w	pc, [pc]	@ 100075ac <__e15_is_critical_frame_period_veneer+0x4>
100075ac:	20000a95 	.word	0x20000a95

100075b0 <____aeabi_uldivmod_veneer>:
100075b0:	f85f f000 	ldr.w	pc, [pc]	@ 100075b4 <____aeabi_uldivmod_veneer+0x4>
100075b4:	20001231 	.word	0x20001231

100075b8 <__mutex_exit_veneer>:
100075b8:	f85f f000 	ldr.w	pc, [pc]	@ 100075bc <__mutex_exit_veneer+0x4>
100075bc:	2000026d 	.word	0x2000026d

100075c0 <__e15_is_bulkin_ep_veneer>:
100075c0:	f85f f000 	ldr.w	pc, [pc]	@ 100075c4 <__e15_is_bulkin_ep_veneer+0x4>
100075c4:	20000a6d 	.word	0x20000a6d

100075c8 <___hw_endpoint_buffer_control_update32_veneer>:
100075c8:	f85f f000 	ldr.w	pc, [pc]	@ 100075cc <___hw_endpoint_buffer_control_update32_veneer+0x4>
100075cc:	20000ac9 	.word	0x20000ac9

100075d0 <__mutex_try_enter_block_until_veneer>:
100075d0:	f85f f000 	ldr.w	pc, [pc]	@ 100075d4 <__mutex_try_enter_block_until_veneer+0x4>
100075d4:	200001cd 	.word	0x200001cd

100075d8 <__sqrtf_veneer>:
100075d8:	f85f f000 	ldr.w	pc, [pc]	@ 100075dc <__sqrtf_veneer+0x4>
100075dc:	20000e61 	.word	0x20000e61

100075e0 <__reset_non_control_endpoints_veneer>:
100075e0:	f85f f000 	ldr.w	pc, [pc]	@ 100075e4 <__reset_non_control_endpoints_veneer+0x4>
100075e4:	200002a9 	.word	0x200002a9

100075e8 <__mutex_try_enter_veneer>:
100075e8:	f85f f000 	ldr.w	pc, [pc]	@ 100075ec <__mutex_try_enter_veneer+0x4>
100075ec:	20000111 	.word	0x20000111

100075f0 <__spi_write_blocking_veneer>:
100075f0:	f85f f000 	ldr.w	pc, [pc]	@ 100075f4 <__spi_write_blocking_veneer+0x4>
100075f4:	20000dd1 	.word	0x20000dd1

100075f8 <__pre_init_runtime_init_bootrom_reset>:
100075f8:	10002949                                I)..

100075fc <__pre_init_runtime_init_early_resets>:
100075fc:	100028bd                                .(..

10007600 <__pre_init_runtime_init_usb_power_down>:
10007600:	100028f1                                .(..

10007604 <__pre_init_runtime_init_clocks>:
10007604:	100029dd                                .)..

10007608 <__pre_init_runtime_init_post_clock_resets>:
10007608:	10002929                                ))..

1000760c <__pre_init_runtime_init_boot_locks_reset>:
1000760c:	10002841                                A(..

10007610 <__pre_init_runtime_init_spin_locks_reset>:
10007610:	10002971                                q)..

10007614 <__pre_init_runtime_init_bootrom_locking_enable>:
10007614:	1000282d                                -(..

10007618 <__pre_init_runtime_init_mutex>:
10007618:	10001b89                                ....

1000761c <__pre_init_runtime_init_install_ram_vector_table>:
1000761c:	10002975                                u)..

10007620 <__pre_init_runtime_init_default_alarm_pool>:
10007620:	10001f49                                I...

10007624 <__pre_init_first_per_core_initializer>:
10007624:	1000288d                                .(..

10007628 <__pre_init_runtime_init_per_core_bootrom_reset>:
10007628:	1000295d                                ])..

1000762c <__pre_init_runtime_init_per_core_enable_coprocessors>:
1000762c:	1000290d                                .)..

10007630 <__pre_init_spinlock_set_extexclall>:
10007630:	10001765                                e...

10007634 <__pre_init_runtime_init_per_core_irq_priorities>:
10007634:	1000178d                                ....

10007638 <__init_array_start>:
10007638:	1000510d 	.word	0x1000510d

1000763c <__frame_dummy_init_array_entry>:
1000763c:	10000211                                ....

Disassembly of section .data:

20000110 <mutex_try_enter>:
20000110:	4603      	mov	r3, r0
20000112:	b500      	push	{lr}
20000114:	6802      	ldr	r2, [r0, #0]
20000116:	f3ef 8c10 	mrs	ip, PRIMASK
2000011a:	b672      	cpsid	i
2000011c:	e8d2 efcf 	ldaexb	lr, [r2]
20000120:	2001      	movs	r0, #1
20000122:	f1be 0f00 	cmp.w	lr, #0
20000126:	d1f9      	bne.n	2000011c <mutex_try_enter+0xc>
20000128:	e8c2 0f4e 	strexb	lr, r0, [r2]
2000012c:	f1be 0f00 	cmp.w	lr, #0
20000130:	d1f4      	bne.n	2000011c <mutex_try_enter+0xc>
20000132:	f3bf 8f5f 	dmb	sy
20000136:	f993 2004 	ldrsb.w	r2, [r3, #4]
2000013a:	2a00      	cmp	r2, #0
2000013c:	db0a      	blt.n	20000154 <mutex_try_enter+0x44>
2000013e:	b101      	cbz	r1, 20000142 <mutex_try_enter+0x32>
20000140:	600a      	str	r2, [r1, #0]
20000142:	2000      	movs	r0, #0
20000144:	2200      	movs	r2, #0
20000146:	681b      	ldr	r3, [r3, #0]
20000148:	e8c3 2f8f 	stlb	r2, [r3]
2000014c:	f38c 8810 	msr	PRIMASK, ip
20000150:	f85d fb04 	ldr.w	pc, [sp], #4
20000154:	f04f 4250 	mov.w	r2, #3489660928	@ 0xd0000000
20000158:	6812      	ldr	r2, [r2, #0]
2000015a:	2001      	movs	r0, #1
2000015c:	711a      	strb	r2, [r3, #4]
2000015e:	e7f1      	b.n	20000144 <mutex_try_enter+0x34>

20000160 <mutex_enter_block_until>:
20000160:	f04f 4150 	mov.w	r1, #3489660928	@ 0xd0000000
20000164:	e92d 41f0 	stmdb	sp!, {r4, r5, r6, r7, r8, lr}
20000168:	2700      	movs	r7, #0
2000016a:	4604      	mov	r4, r0
2000016c:	4616      	mov	r6, r2
2000016e:	461d      	mov	r5, r3
20000170:	f8d1 8000 	ldr.w	r8, [r1]
20000174:	e008      	b.n	20000188 <mutex_enter_block_until+0x28>
20000176:	e8c1 7f8f 	stlb	r7, [r1]
2000017a:	f38c 8810 	msr	PRIMASK, ip
2000017e:	4630      	mov	r0, r6
20000180:	4629      	mov	r1, r5
20000182:	f001 fa2d 	bl	200015e0 <__best_effort_wfe_or_timeout_veneer>
20000186:	b9e8      	cbnz	r0, 200001c4 <mutex_enter_block_until+0x64>
20000188:	6821      	ldr	r1, [r4, #0]
2000018a:	f3ef 8c10 	mrs	ip, PRIMASK
2000018e:	b672      	cpsid	i
20000190:	e8d1 2fcf 	ldaexb	r2, [r1]
20000194:	2301      	movs	r3, #1
20000196:	2a00      	cmp	r2, #0
20000198:	d1fa      	bne.n	20000190 <mutex_enter_block_until+0x30>
2000019a:	e8c1 3f42 	strexb	r2, r3, [r1]
2000019e:	2a00      	cmp	r2, #0
200001a0:	d1f6      	bne.n	20000190 <mutex_enter_block_until+0x30>
200001a2:	f3bf 8f5f 	dmb	sy
200001a6:	f994 3004 	ldrsb.w	r3, [r4, #4]
200001aa:	6821      	ldr	r1, [r4, #0]
200001ac:	2b00      	cmp	r3, #0
200001ae:	dae2      	bge.n	20000176 <mutex_enter_block_until+0x16>
200001b0:	2300      	movs	r3, #0
200001b2:	f884 8004 	strb.w	r8, [r4, #4]
200001b6:	e8c1 3f8f 	stlb	r3, [r1]
200001ba:	f38c 8810 	msr	PRIMASK, ip
200001be:	2001      	movs	r0, #1
200001c0:	e8bd 81f0 	ldmia.w	sp!, {r4, r5, r6, r7, r8, pc}
200001c4:	2000      	movs	r0, #0
200001c6:	e8bd 81f0 	ldmia.w	sp!, {r4, r5, r6, r7, r8, pc}
200001ca:	bf00      	nop

200001cc <mutex_try_enter_block_until>:
200001cc:	b530      	push	{r4, r5, lr}
200001ce:	6804      	ldr	r4, [r0, #0]
200001d0:	f3ef 8c10 	mrs	ip, PRIMASK
200001d4:	b672      	cpsid	i
200001d6:	e8d4 efcf 	ldaexb	lr, [r4]
200001da:	2501      	movs	r5, #1
200001dc:	f1be 0f00 	cmp.w	lr, #0
200001e0:	d1f9      	bne.n	200001d6 <mutex_try_enter_block_until+0xa>
200001e2:	e8c4 5f4e 	strexb	lr, r5, [r4]
200001e6:	f1be 0f00 	cmp.w	lr, #0
200001ea:	d1f4      	bne.n	200001d6 <mutex_try_enter_block_until+0xa>
200001ec:	f3bf 8f5f 	dmb	sy
200001f0:	f990 4004 	ldrsb.w	r4, [r0, #4]
200001f4:	6805      	ldr	r5, [r0, #0]
200001f6:	2c00      	cmp	r4, #0
200001f8:	db10      	blt.n	2000021c <mutex_try_enter_block_until+0x50>
200001fa:	2100      	movs	r1, #0
200001fc:	e8c5 1f8f 	stlb	r1, [r5]
20000200:	f38c 8810 	msr	PRIMASK, ip
20000204:	f04f 4550 	mov.w	r5, #3489660928	@ 0xd0000000
20000208:	f995 5000 	ldrsb.w	r5, [r5]
2000020c:	42a5      	cmp	r5, r4
2000020e:	d101      	bne.n	20000214 <mutex_try_enter_block_until+0x48>
20000210:	4608      	mov	r0, r1
20000212:	bd30      	pop	{r4, r5, pc}
20000214:	e8bd 4030 	ldmia.w	sp!, {r4, r5, lr}
20000218:	f7ff bfa2 	b.w	20000160 <mutex_enter_block_until>
2000021c:	f04f 4250 	mov.w	r2, #3489660928	@ 0xd0000000
20000220:	6812      	ldr	r2, [r2, #0]
20000222:	2300      	movs	r3, #0
20000224:	7102      	strb	r2, [r0, #4]
20000226:	e8c5 3f8f 	stlb	r3, [r5]
2000022a:	f38c 8810 	msr	PRIMASK, ip
2000022e:	2001      	movs	r0, #1
20000230:	bd30      	pop	{r4, r5, pc}
20000232:	bf00      	nop

20000234 <mutex_enter_timeout_ms>:
20000234:	b570      	push	{r4, r5, r6, lr}
20000236:	4605      	mov	r5, r0
20000238:	460c      	mov	r4, r1
2000023a:	f001 f9c9 	bl	200015d0 <__time_us_64_veneer>
2000023e:	4602      	mov	r2, r0
20000240:	460b      	mov	r3, r1
20000242:	f44f 707a 	mov.w	r0, #1000	@ 0x3e8
20000246:	f04f 3eff 	mov.w	lr, #4294967295
2000024a:	f06f 4c00 	mvn.w	ip, #2147483648	@ 0x80000000
2000024e:	fbe4 2300 	umlal	r2, r3, r4, r0
20000252:	4596      	cmp	lr, r2
20000254:	eb7c 0103 	sbcs.w	r1, ip, r3
20000258:	bf38      	it	cc
2000025a:	4672      	movcc	r2, lr
2000025c:	4628      	mov	r0, r5
2000025e:	e8bd 4070 	ldmia.w	sp!, {r4, r5, r6, lr}
20000262:	bf38      	it	cc
20000264:	4663      	movcc	r3, ip
20000266:	f7ff bf7b 	b.w	20000160 <mutex_enter_block_until>
2000026a:	bf00      	nop

2000026c <mutex_exit>:
2000026c:	6803      	ldr	r3, [r0, #0]
2000026e:	f3ef 8210 	mrs	r2, PRIMASK
20000272:	b672      	cpsid	i
20000274:	e8d3 cfcf 	ldaexb	ip, [r3]
20000278:	2101      	movs	r1, #1
2000027a:	f1bc 0f00 	cmp.w	ip, #0
2000027e:	d1f9      	bne.n	20000274 <mutex_exit+0x8>
20000280:	e8c3 1f4c 	strexb	ip, r1, [r3]
20000284:	f1bc 0f00 	cmp.w	ip, #0
20000288:	d1f4      	bne.n	20000274 <mutex_exit+0x8>
2000028a:	f3bf 8f5f 	dmb	sy
2000028e:	f04f 0cff 	mov.w	ip, #255	@ 0xff
20000292:	2300      	movs	r3, #0
20000294:	6801      	ldr	r1, [r0, #0]
20000296:	f880 c004 	strb.w	ip, [r0, #4]
2000029a:	e8c1 3f8f 	stlb	r3, [r1]
2000029e:	f382 8810 	msr	PRIMASK, r2
200002a2:	bf40      	sev
200002a4:	4770      	bx	lr
200002a6:	bf00      	nop

200002a8 <reset_non_control_endpoints>:
200002a8:	2100      	movs	r1, #0
200002aa:	b508      	push	{r3, lr}
200002ac:	4b13      	ldr	r3, [pc, #76]	@ (200002fc <reset_non_control_endpoints+0x54>)
200002ae:	f44f 7270 	mov.w	r2, #960	@ 0x3c0
200002b2:	6099      	str	r1, [r3, #8]
200002b4:	4812      	ldr	r0, [pc, #72]	@ (20000300 <reset_non_control_endpoints+0x58>)
200002b6:	60d9      	str	r1, [r3, #12]
200002b8:	6119      	str	r1, [r3, #16]
200002ba:	6159      	str	r1, [r3, #20]
200002bc:	6199      	str	r1, [r3, #24]
200002be:	61d9      	str	r1, [r3, #28]
200002c0:	6219      	str	r1, [r3, #32]
200002c2:	6259      	str	r1, [r3, #36]	@ 0x24
200002c4:	6299      	str	r1, [r3, #40]	@ 0x28
200002c6:	62d9      	str	r1, [r3, #44]	@ 0x2c
200002c8:	6319      	str	r1, [r3, #48]	@ 0x30
200002ca:	6359      	str	r1, [r3, #52]	@ 0x34
200002cc:	6399      	str	r1, [r3, #56]	@ 0x38
200002ce:	63d9      	str	r1, [r3, #60]	@ 0x3c
200002d0:	6419      	str	r1, [r3, #64]	@ 0x40
200002d2:	6459      	str	r1, [r3, #68]	@ 0x44
200002d4:	6499      	str	r1, [r3, #72]	@ 0x48
200002d6:	64d9      	str	r1, [r3, #76]	@ 0x4c
200002d8:	6519      	str	r1, [r3, #80]	@ 0x50
200002da:	6559      	str	r1, [r3, #84]	@ 0x54
200002dc:	6599      	str	r1, [r3, #88]	@ 0x58
200002de:	65d9      	str	r1, [r3, #92]	@ 0x5c
200002e0:	6619      	str	r1, [r3, #96]	@ 0x60
200002e2:	6659      	str	r1, [r3, #100]	@ 0x64
200002e4:	6699      	str	r1, [r3, #104]	@ 0x68
200002e6:	66d9      	str	r1, [r3, #108]	@ 0x6c
200002e8:	6719      	str	r1, [r3, #112]	@ 0x70
200002ea:	6759      	str	r1, [r3, #116]	@ 0x74
200002ec:	6799      	str	r1, [r3, #120]	@ 0x78
200002ee:	67d9      	str	r1, [r3, #124]	@ 0x7c
200002f0:	f001 f962 	bl	200015b8 <__memset_veneer>
200002f4:	4b03      	ldr	r3, [pc, #12]	@ (20000304 <reset_non_control_endpoints+0x5c>)
200002f6:	4a04      	ldr	r2, [pc, #16]	@ (20000308 <reset_non_control_endpoints+0x60>)
200002f8:	601a      	str	r2, [r3, #0]
200002fa:	bd08      	pop	{r3, pc}
200002fc:	50100000 	.word	0x50100000
20000300:	200020f4 	.word	0x200020f4
20000304:	200024bc 	.word	0x200024bc
20000308:	50100180 	.word	0x50100180

2000030c <hw_handle_buff_status>:
2000030c:	e92d 4ff0 	stmdb	sp!, {r4, r5, r6, r7, r8, r9, sl, fp, lr}
20000310:	4b1f      	ldr	r3, [pc, #124]	@ (20000390 <hw_handle_buff_status+0x84>)
20000312:	b085      	sub	sp, #20
20000314:	f8d3 a058 	ldr.w	sl, [r3, #88]	@ 0x58
20000318:	f1ba 0f00 	cmp.w	sl, #0
2000031c:	d022      	beq.n	20000364 <hw_handle_buff_status+0x58>
2000031e:	2400      	movs	r4, #0
20000320:	2501      	movs	r5, #1
20000322:	f44f 69e0 	mov.w	r9, #1792	@ 0x700
20000326:	f8df 8070 	ldr.w	r8, [pc, #112]	@ 20000398 <hw_handle_buff_status+0x8c>
2000032a:	4f1a      	ldr	r7, [pc, #104]	@ (20000394 <hw_handle_buff_status+0x88>)
2000032c:	e001      	b.n	20000332 <hw_handle_buff_status+0x26>
2000032e:	2c20      	cmp	r4, #32
20000330:	d018      	beq.n	20000364 <hw_handle_buff_status+0x58>
20000332:	ea0a 0205 	and.w	r2, sl, r5
20000336:	1c61      	adds	r1, r4, #1
20000338:	4623      	mov	r3, r4
2000033a:	46ab      	mov	fp, r5
2000033c:	b2cc      	uxtb	r4, r1
2000033e:	006d      	lsls	r5, r5, #1
20000340:	2a00      	cmp	r2, #0
20000342:	d0f4      	beq.n	2000032e <hw_handle_buff_status+0x22>
20000344:	f004 0201 	and.w	r2, r4, #1
20000348:	f003 06fe 	and.w	r6, r3, #254	@ 0xfe
2000034c:	4416      	add	r6, r2
2000034e:	eb07 1646 	add.w	r6, r7, r6, lsl #5
20000352:	4630      	mov	r0, r6
20000354:	f8c8 b058 	str.w	fp, [r8, #88]	@ 0x58
20000358:	f000 fc0a 	bl	20000b70 <hw_endpoint_xfer_continue>
2000035c:	b928      	cbnz	r0, 2000036a <hw_handle_buff_status+0x5e>
2000035e:	ea3a 0a0b 	bics.w	sl, sl, fp
20000362:	d1e4      	bne.n	2000032e <hw_handle_buff_status+0x22>
20000364:	b005      	add	sp, #20
20000366:	e8bd 8ff0 	ldmia.w	sp!, {r4, r5, r6, r7, r8, r9, sl, fp, pc}
2000036a:	2300      	movs	r3, #0
2000036c:	f88d 3009 	strb.w	r3, [sp, #9]
20000370:	78b3      	ldrb	r3, [r6, #2]
20000372:	a801      	add	r0, sp, #4
20000374:	f88d 3008 	strb.w	r3, [sp, #8]
20000378:	8af3      	ldrh	r3, [r6, #22]
2000037a:	2101      	movs	r1, #1
2000037c:	f8ad 9004 	strh.w	r9, [sp, #4]
20000380:	9303      	str	r3, [sp, #12]
20000382:	f000 fc13 	bl	20000bac <dcd_event_handler>
20000386:	4630      	mov	r0, r6
20000388:	f000 fb98 	bl	20000abc <hw_endpoint_reset_transfer>
2000038c:	e7e7      	b.n	2000035e <hw_handle_buff_status+0x52>
2000038e:	bf00      	nop
20000390:	50110000 	.word	0x50110000
20000394:	200020b4 	.word	0x200020b4
20000398:	50113000 	.word	0x50113000

2000039c <dcd_rp2040_irq>:
2000039c:	b5f0      	push	{r4, r5, r6, r7, lr}
2000039e:	4bbb      	ldr	r3, [pc, #748]	@ (2000068c <dcd_rp2040_irq+0x2f0>)
200003a0:	b085      	sub	sp, #20
200003a2:	f8d3 5098 	ldr.w	r5, [r3, #152]	@ 0x98
200003a6:	f415 3600 	ands.w	r6, r5, #131072	@ 0x20000
200003aa:	d074      	beq.n	20000496 <dcd_rp2040_irq+0xfa>
200003ac:	4bb8      	ldr	r3, [pc, #736]	@ (20000690 <dcd_rp2040_irq+0x2f4>)
200003ae:	4cb9      	ldr	r4, [pc, #740]	@ (20000694 <dcd_rp2040_irq+0x2f8>)
200003b0:	6a99      	ldr	r1, [r3, #40]	@ 0x28
200003b2:	f894 303b 	ldrb.w	r3, [r4, #59]	@ 0x3b
200003b6:	4ab8      	ldr	r2, [pc, #736]	@ (20000698 <dcd_rp2040_irq+0x2fc>)
200003b8:	2b02      	cmp	r3, #2
200003ba:	6011      	str	r1, [r2, #0]
200003bc:	f000 80d4 	beq.w	20000568 <dcd_rp2040_irq+0x1cc>
200003c0:	2600      	movs	r6, #0
200003c2:	f894 307b 	ldrb.w	r3, [r4, #123]	@ 0x7b
200003c6:	2b02      	cmp	r3, #2
200003c8:	f000 813b 	beq.w	20000642 <dcd_rp2040_irq+0x2a6>
200003cc:	f894 30bb 	ldrb.w	r3, [r4, #187]	@ 0xbb
200003d0:	2b02      	cmp	r3, #2
200003d2:	f000 817d 	beq.w	200006d0 <dcd_rp2040_irq+0x334>
200003d6:	f894 30fb 	ldrb.w	r3, [r4, #251]	@ 0xfb
200003da:	2b02      	cmp	r3, #2
200003dc:	f000 816c 	beq.w	200006b8 <dcd_rp2040_irq+0x31c>
200003e0:	f894 313b 	ldrb.w	r3, [r4, #315]	@ 0x13b
200003e4:	2b02      	cmp	r3, #2
200003e6:	f000 8144 	beq.w	20000672 <dcd_rp2040_irq+0x2d6>
200003ea:	f894 317b 	ldrb.w	r3, [r4, #379]	@ 0x17b
200003ee:	2b02      	cmp	r3, #2
200003f0:	f000 8133 	beq.w	2000065a <dcd_rp2040_irq+0x2be>
200003f4:	f894 31bb 	ldrb.w	r3, [r4, #443]	@ 0x1bb
200003f8:	2b02      	cmp	r3, #2
200003fa:	f000 81b6 	beq.w	2000076a <dcd_rp2040_irq+0x3ce>
200003fe:	f894 31fb 	ldrb.w	r3, [r4, #507]	@ 0x1fb
20000402:	2b02      	cmp	r3, #2
20000404:	f000 81a6 	beq.w	20000754 <dcd_rp2040_irq+0x3b8>
20000408:	f894 323b 	ldrb.w	r3, [r4, #571]	@ 0x23b
2000040c:	2b02      	cmp	r3, #2
2000040e:	f000 8196 	beq.w	2000073e <dcd_rp2040_irq+0x3a2>
20000412:	f894 327b 	ldrb.w	r3, [r4, #635]	@ 0x27b
20000416:	2b02      	cmp	r3, #2
20000418:	f000 8186 	beq.w	20000728 <dcd_rp2040_irq+0x38c>
2000041c:	f894 32bb 	ldrb.w	r3, [r4, #699]	@ 0x2bb
20000420:	2b02      	cmp	r3, #2
20000422:	f000 8176 	beq.w	20000712 <dcd_rp2040_irq+0x376>
20000426:	f894 32fb 	ldrb.w	r3, [r4, #763]	@ 0x2fb
2000042a:	2b02      	cmp	r3, #2
2000042c:	f000 8166 	beq.w	200006fc <dcd_rp2040_irq+0x360>
20000430:	f894 333b 	ldrb.w	r3, [r4, #827]	@ 0x33b
20000434:	2b02      	cmp	r3, #2
20000436:	f000 8156 	beq.w	200006e6 <dcd_rp2040_irq+0x34a>
2000043a:	f894 337b 	ldrb.w	r3, [r4, #891]	@ 0x37b
2000043e:	2b02      	cmp	r3, #2
20000440:	f000 80a4 	beq.w	2000058c <dcd_rp2040_irq+0x1f0>
20000444:	f894 33bb 	ldrb.w	r3, [r4, #955]	@ 0x3bb
20000448:	2b02      	cmp	r3, #2
2000044a:	f000 8199 	beq.w	20000780 <dcd_rp2040_irq+0x3e4>
2000044e:	f894 33fb 	ldrb.w	r3, [r4, #1019]	@ 0x3fb
20000452:	2b02      	cmp	r3, #2
20000454:	f000 80b4 	beq.w	200005c0 <dcd_rp2040_irq+0x224>
20000458:	b93e      	cbnz	r6, 2000046a <dcd_rp2040_irq+0xce>
2000045a:	4b90      	ldr	r3, [pc, #576]	@ (2000069c <dcd_rp2040_irq+0x300>)
2000045c:	781b      	ldrb	r3, [r3, #0]
2000045e:	b923      	cbnz	r3, 2000046a <dcd_rp2040_irq+0xce>
20000460:	f44f 3200 	mov.w	r2, #131072	@ 0x20000
20000464:	4b8e      	ldr	r3, [pc, #568]	@ (200006a0 <dcd_rp2040_irq+0x304>)
20000466:	f8c3 2090 	str.w	r2, [r3, #144]	@ 0x90
2000046a:	f44f 7240 	mov.w	r2, #768	@ 0x300
2000046e:	4b87      	ldr	r3, [pc, #540]	@ (2000068c <dcd_rp2040_irq+0x2f0>)
20000470:	2101      	movs	r1, #1
20000472:	6c9b      	ldr	r3, [r3, #72]	@ 0x48
20000474:	a801      	add	r0, sp, #4
20000476:	f3c3 030a 	ubfx	r3, r3, #0, #11
2000047a:	f8ad 2004 	strh.w	r2, [sp, #4]
2000047e:	9302      	str	r3, [sp, #8]
20000480:	f000 fb94 	bl	20000bac <dcd_event_handler>
20000484:	06ea      	lsls	r2, r5, #27
20000486:	f44f 3600 	mov.w	r6, #131072	@ 0x20000
2000048a:	4c86      	ldr	r4, [pc, #536]	@ (200006a4 <dcd_rp2040_irq+0x308>)
2000048c:	d507      	bpl.n	2000049e <dcd_rp2040_irq+0x102>
2000048e:	f7ff ff3d 	bl	2000030c <hw_handle_buff_status>
20000492:	4626      	mov	r6, r4
20000494:	e003      	b.n	2000049e <dcd_rp2040_irq+0x102>
20000496:	06ea      	lsls	r2, r5, #27
20000498:	f04f 0410 	mov.w	r4, #16
2000049c:	d4f7      	bmi.n	2000048e <dcd_rp2040_irq+0xf2>
2000049e:	03eb      	lsls	r3, r5, #15
200004a0:	d522      	bpl.n	200004e8 <dcd_rp2040_irq+0x14c>
200004a2:	4c7c      	ldr	r4, [pc, #496]	@ (20000694 <dcd_rp2040_irq+0x2f8>)
200004a4:	f446 3680 	orr.w	r6, r6, #65536	@ 0x10000
200004a8:	7ea3      	ldrb	r3, [r4, #26]
200004aa:	2b00      	cmp	r3, #0
200004ac:	f040 8099 	bne.w	200005e2 <dcd_rp2040_irq+0x246>
200004b0:	2301      	movs	r3, #1
200004b2:	f894 203a 	ldrb.w	r2, [r4, #58]	@ 0x3a
200004b6:	70e3      	strb	r3, [r4, #3]
200004b8:	2a00      	cmp	r2, #0
200004ba:	f040 80ad 	bne.w	20000618 <dcd_rp2040_irq+0x27c>
200004be:	2301      	movs	r3, #1
200004c0:	f44f 61c0 	mov.w	r1, #1536	@ 0x600
200004c4:	4a78      	ldr	r2, [pc, #480]	@ (200006a8 <dcd_rp2040_irq+0x30c>)
200004c6:	f884 3023 	strb.w	r3, [r4, #35]	@ 0x23
200004ca:	f8ad 1004 	strh.w	r1, [sp, #4]
200004ce:	e892 0003 	ldmia.w	r2, {r0, r1}
200004d2:	aa04      	add	r2, sp, #16
200004d4:	e902 0003 	stmdb	r2, {r0, r1}
200004d8:	4619      	mov	r1, r3
200004da:	a801      	add	r0, sp, #4
200004dc:	f000 fb66 	bl	20000bac <dcd_event_handler>
200004e0:	f44f 3200 	mov.w	r2, #131072	@ 0x20000
200004e4:	4b6e      	ldr	r3, [pc, #440]	@ (200006a0 <dcd_rp2040_irq+0x304>)
200004e6:	651a      	str	r2, [r3, #80]	@ 0x50
200004e8:	04e9      	lsls	r1, r5, #19
200004ea:	d408      	bmi.n	200004fe <dcd_rp2040_irq+0x162>
200004ec:	046a      	lsls	r2, r5, #17
200004ee:	d41d      	bmi.n	2000052c <dcd_rp2040_irq+0x190>
200004f0:	042b      	lsls	r3, r5, #16
200004f2:	d42a      	bmi.n	2000054a <dcd_rp2040_irq+0x1ae>
200004f4:	42ae      	cmp	r6, r5
200004f6:	f040 81c5 	bne.w	20000884 <dcd_rp2040_irq+0x4e8>
200004fa:	b005      	add	sp, #20
200004fc:	bdf0      	pop	{r4, r5, r6, r7, pc}
200004fe:	2400      	movs	r4, #0
20000500:	4b62      	ldr	r3, [pc, #392]	@ (2000068c <dcd_rp2040_irq+0x2f0>)
20000502:	f446 5680 	orr.w	r6, r6, #4096	@ 0x1000
20000506:	601c      	str	r4, [r3, #0]
20000508:	f7ff fece 	bl	200002a8 <reset_non_control_endpoints>
2000050c:	f44f 7380 	mov.w	r3, #256	@ 0x100
20000510:	2101      	movs	r1, #1
20000512:	a801      	add	r0, sp, #4
20000514:	f8ad 3004 	strh.w	r3, [sp, #4]
20000518:	f88d 4008 	strb.w	r4, [sp, #8]
2000051c:	f000 fb46 	bl	20000bac <dcd_event_handler>
20000520:	f44f 2200 	mov.w	r2, #524288	@ 0x80000
20000524:	4b5e      	ldr	r3, [pc, #376]	@ (200006a0 <dcd_rp2040_irq+0x304>)
20000526:	651a      	str	r2, [r3, #80]	@ 0x50
20000528:	046a      	lsls	r2, r5, #17
2000052a:	d5e1      	bpl.n	200004f0 <dcd_rp2040_irq+0x154>
2000052c:	f44f 6380 	mov.w	r3, #1024	@ 0x400
20000530:	2101      	movs	r1, #1
20000532:	a801      	add	r0, sp, #4
20000534:	f8ad 3004 	strh.w	r3, [sp, #4]
20000538:	f000 fb38 	bl	20000bac <dcd_event_handler>
2000053c:	2210      	movs	r2, #16
2000053e:	4b58      	ldr	r3, [pc, #352]	@ (200006a0 <dcd_rp2040_irq+0x304>)
20000540:	f446 4680 	orr.w	r6, r6, #16384	@ 0x4000
20000544:	651a      	str	r2, [r3, #80]	@ 0x50
20000546:	042b      	lsls	r3, r5, #16
20000548:	d5d4      	bpl.n	200004f4 <dcd_rp2040_irq+0x158>
2000054a:	f44f 63a0 	mov.w	r3, #1280	@ 0x500
2000054e:	2101      	movs	r1, #1
20000550:	a801      	add	r0, sp, #4
20000552:	f8ad 3004 	strh.w	r3, [sp, #4]
20000556:	f000 fb29 	bl	20000bac <dcd_event_handler>
2000055a:	f44f 6200 	mov.w	r2, #2048	@ 0x800
2000055e:	4b50      	ldr	r3, [pc, #320]	@ (200006a0 <dcd_rp2040_irq+0x304>)
20000560:	f446 4600 	orr.w	r6, r6, #32768	@ 0x8000
20000564:	651a      	str	r2, [r3, #80]	@ 0x50
20000566:	e7c5      	b.n	200004f4 <dcd_rp2040_irq+0x158>
20000568:	f894 603a 	ldrb.w	r6, [r4, #58]	@ 0x3a
2000056c:	2e00      	cmp	r6, #0
2000056e:	f43f af28 	beq.w	200003c2 <dcd_rp2040_irq+0x26>
20000572:	f894 303c 	ldrb.w	r3, [r4, #60]	@ 0x3c
20000576:	2b00      	cmp	r3, #0
20000578:	f43f af23 	beq.w	200003c2 <dcd_rp2040_irq+0x26>
2000057c:	2300      	movs	r3, #0
2000057e:	f104 0020 	add.w	r0, r4, #32
20000582:	f884 303c 	strb.w	r3, [r4, #60]	@ 0x3c
20000586:	f000 fac1 	bl	20000b0c <hw_endpoint_start_next_buffer>
2000058a:	e71a      	b.n	200003c2 <dcd_rp2040_irq+0x26>
2000058c:	f894 737a 	ldrb.w	r7, [r4, #890]	@ 0x37a
20000590:	2f00      	cmp	r7, #0
20000592:	f43f af57 	beq.w	20000444 <dcd_rp2040_irq+0xa8>
20000596:	f894 337c 	ldrb.w	r3, [r4, #892]	@ 0x37c
2000059a:	2b00      	cmp	r3, #0
2000059c:	f040 8164 	bne.w	20000868 <dcd_rp2040_irq+0x4cc>
200005a0:	f894 33bb 	ldrb.w	r3, [r4, #955]	@ 0x3bb
200005a4:	2b02      	cmp	r3, #2
200005a6:	f040 80f4 	bne.w	20000792 <dcd_rp2040_irq+0x3f6>
200005aa:	f894 33ba 	ldrb.w	r3, [r4, #954]	@ 0x3ba
200005ae:	2b00      	cmp	r3, #0
200005b0:	f040 80eb 	bne.w	2000078a <dcd_rp2040_irq+0x3ee>
200005b4:	f894 33fb 	ldrb.w	r3, [r4, #1019]	@ 0x3fb
200005b8:	2b02      	cmp	r3, #2
200005ba:	f47f af56 	bne.w	2000046a <dcd_rp2040_irq+0xce>
200005be:	463e      	mov	r6, r7
200005c0:	f894 33fa 	ldrb.w	r3, [r4, #1018]	@ 0x3fa
200005c4:	2b00      	cmp	r3, #0
200005c6:	f43f af47 	beq.w	20000458 <dcd_rp2040_irq+0xbc>
200005ca:	f894 33fc 	ldrb.w	r3, [r4, #1020]	@ 0x3fc
200005ce:	2b00      	cmp	r3, #0
200005d0:	f43f af4b 	beq.w	2000046a <dcd_rp2040_irq+0xce>
200005d4:	2300      	movs	r3, #0
200005d6:	4835      	ldr	r0, [pc, #212]	@ (200006ac <dcd_rp2040_irq+0x310>)
200005d8:	f884 33fc 	strb.w	r3, [r4, #1020]	@ 0x3fc
200005dc:	f000 fa96 	bl	20000b0c <hw_endpoint_start_next_buffer>
200005e0:	e743      	b.n	2000046a <dcd_rp2040_irq+0xce>
200005e2:	2102      	movs	r1, #2
200005e4:	4b32      	ldr	r3, [pc, #200]	@ (200006b0 <dcd_rp2040_irq+0x314>)
200005e6:	4a29      	ldr	r2, [pc, #164]	@ (2000068c <dcd_rp2040_irq+0x2f0>)
200005e8:	6619      	str	r1, [r3, #96]	@ 0x60
200005ea:	6e53      	ldr	r3, [r2, #100]	@ 0x64
200005ec:	079f      	lsls	r7, r3, #30
200005ee:	d5fc      	bpl.n	200005ea <dcd_rp2040_irq+0x24e>
200005f0:	f44f 5240 	mov.w	r2, #12288	@ 0x3000
200005f4:	2100      	movs	r1, #0
200005f6:	4827      	ldr	r0, [pc, #156]	@ (20000694 <dcd_rp2040_irq+0x2f8>)
200005f8:	f000 fa66 	bl	20000ac8 <_hw_endpoint_buffer_control_update32>
200005fc:	4825      	ldr	r0, [pc, #148]	@ (20000694 <dcd_rp2040_irq+0x2f8>)
200005fe:	f000 fa5d 	bl	20000abc <hw_endpoint_reset_transfer>
20000602:	2202      	movs	r2, #2
20000604:	4b26      	ldr	r3, [pc, #152]	@ (200006a0 <dcd_rp2040_irq+0x304>)
20000606:	665a      	str	r2, [r3, #100]	@ 0x64
20000608:	661a      	str	r2, [r3, #96]	@ 0x60
2000060a:	2301      	movs	r3, #1
2000060c:	f894 203a 	ldrb.w	r2, [r4, #58]	@ 0x3a
20000610:	70e3      	strb	r3, [r4, #3]
20000612:	2a00      	cmp	r2, #0
20000614:	f43f af53 	beq.w	200004be <dcd_rp2040_irq+0x122>
20000618:	4a25      	ldr	r2, [pc, #148]	@ (200006b0 <dcd_rp2040_irq+0x314>)
2000061a:	6613      	str	r3, [r2, #96]	@ 0x60
2000061c:	f5a2 5200 	sub.w	r2, r2, #8192	@ 0x2000
20000620:	6e53      	ldr	r3, [r2, #100]	@ 0x64
20000622:	07d8      	lsls	r0, r3, #31
20000624:	d5fc      	bpl.n	20000620 <dcd_rp2040_irq+0x284>
20000626:	f44f 5240 	mov.w	r2, #12288	@ 0x3000
2000062a:	2100      	movs	r1, #0
2000062c:	4821      	ldr	r0, [pc, #132]	@ (200006b4 <dcd_rp2040_irq+0x318>)
2000062e:	f000 fa4b 	bl	20000ac8 <_hw_endpoint_buffer_control_update32>
20000632:	4820      	ldr	r0, [pc, #128]	@ (200006b4 <dcd_rp2040_irq+0x318>)
20000634:	f000 fa42 	bl	20000abc <hw_endpoint_reset_transfer>
20000638:	2201      	movs	r2, #1
2000063a:	4b19      	ldr	r3, [pc, #100]	@ (200006a0 <dcd_rp2040_irq+0x304>)
2000063c:	665a      	str	r2, [r3, #100]	@ 0x64
2000063e:	661a      	str	r2, [r3, #96]	@ 0x60
20000640:	e73d      	b.n	200004be <dcd_rp2040_irq+0x122>
20000642:	f894 707a 	ldrb.w	r7, [r4, #122]	@ 0x7a
20000646:	2f00      	cmp	r7, #0
20000648:	f43f aec0 	beq.w	200003cc <dcd_rp2040_irq+0x30>
2000064c:	f894 307c 	ldrb.w	r3, [r4, #124]	@ 0x7c
20000650:	2b00      	cmp	r3, #0
20000652:	f040 8101 	bne.w	20000858 <dcd_rp2040_irq+0x4bc>
20000656:	463e      	mov	r6, r7
20000658:	e6b8      	b.n	200003cc <dcd_rp2040_irq+0x30>
2000065a:	f894 717a 	ldrb.w	r7, [r4, #378]	@ 0x17a
2000065e:	2f00      	cmp	r7, #0
20000660:	f43f aec8 	beq.w	200003f4 <dcd_rp2040_irq+0x58>
20000664:	f894 317c 	ldrb.w	r3, [r4, #380]	@ 0x17c
20000668:	2b00      	cmp	r3, #0
2000066a:	f040 80ed 	bne.w	20000848 <dcd_rp2040_irq+0x4ac>
2000066e:	463e      	mov	r6, r7
20000670:	e6c0      	b.n	200003f4 <dcd_rp2040_irq+0x58>
20000672:	f894 713a 	ldrb.w	r7, [r4, #314]	@ 0x13a
20000676:	2f00      	cmp	r7, #0
20000678:	f43f aeb7 	beq.w	200003ea <dcd_rp2040_irq+0x4e>
2000067c:	f894 313c 	ldrb.w	r3, [r4, #316]	@ 0x13c
20000680:	2b00      	cmp	r3, #0
20000682:	f040 80d9 	bne.w	20000838 <dcd_rp2040_irq+0x49c>
20000686:	463e      	mov	r6, r7
20000688:	e6af      	b.n	200003ea <dcd_rp2040_irq+0x4e>
2000068a:	bf00      	nop
2000068c:	50110000 	.word	0x50110000
20000690:	400b0000 	.word	0x400b0000
20000694:	200020b4 	.word	0x200020b4
20000698:	200020ac 	.word	0x200020ac
2000069c:	20002526 	.word	0x20002526
200006a0:	50113000 	.word	0x50113000
200006a4:	00020010 	.word	0x00020010
200006a8:	50100000 	.word	0x50100000
200006ac:	20002494 	.word	0x20002494
200006b0:	50112000 	.word	0x50112000
200006b4:	200020d4 	.word	0x200020d4
200006b8:	f894 70fa 	ldrb.w	r7, [r4, #250]	@ 0xfa
200006bc:	2f00      	cmp	r7, #0
200006be:	f43f ae8f 	beq.w	200003e0 <dcd_rp2040_irq+0x44>
200006c2:	f894 30fc 	ldrb.w	r3, [r4, #252]	@ 0xfc
200006c6:	2b00      	cmp	r3, #0
200006c8:	f040 808e 	bne.w	200007e8 <dcd_rp2040_irq+0x44c>
200006cc:	463e      	mov	r6, r7
200006ce:	e687      	b.n	200003e0 <dcd_rp2040_irq+0x44>
200006d0:	f894 70ba 	ldrb.w	r7, [r4, #186]	@ 0xba
200006d4:	2f00      	cmp	r7, #0
200006d6:	f43f ae7e 	beq.w	200003d6 <dcd_rp2040_irq+0x3a>
200006da:	f894 30bc 	ldrb.w	r3, [r4, #188]	@ 0xbc
200006de:	2b00      	cmp	r3, #0
200006e0:	d17a      	bne.n	200007d8 <dcd_rp2040_irq+0x43c>
200006e2:	463e      	mov	r6, r7
200006e4:	e677      	b.n	200003d6 <dcd_rp2040_irq+0x3a>
200006e6:	f894 733a 	ldrb.w	r7, [r4, #826]	@ 0x33a
200006ea:	2f00      	cmp	r7, #0
200006ec:	f43f aea5 	beq.w	2000043a <dcd_rp2040_irq+0x9e>
200006f0:	f894 333c 	ldrb.w	r3, [r4, #828]	@ 0x33c
200006f4:	2b00      	cmp	r3, #0
200006f6:	d157      	bne.n	200007a8 <dcd_rp2040_irq+0x40c>
200006f8:	463e      	mov	r6, r7
200006fa:	e69e      	b.n	2000043a <dcd_rp2040_irq+0x9e>
200006fc:	f894 72fa 	ldrb.w	r7, [r4, #762]	@ 0x2fa
20000700:	2f00      	cmp	r7, #0
20000702:	f43f ae95 	beq.w	20000430 <dcd_rp2040_irq+0x94>
20000706:	f894 32fc 	ldrb.w	r3, [r4, #764]	@ 0x2fc
2000070a:	2b00      	cmp	r3, #0
2000070c:	d15c      	bne.n	200007c8 <dcd_rp2040_irq+0x42c>
2000070e:	463e      	mov	r6, r7
20000710:	e68e      	b.n	20000430 <dcd_rp2040_irq+0x94>
20000712:	f894 72ba 	ldrb.w	r7, [r4, #698]	@ 0x2ba
20000716:	2f00      	cmp	r7, #0
20000718:	f43f ae85 	beq.w	20000426 <dcd_rp2040_irq+0x8a>
2000071c:	f894 32bc 	ldrb.w	r3, [r4, #700]	@ 0x2bc
20000720:	2b00      	cmp	r3, #0
20000722:	d149      	bne.n	200007b8 <dcd_rp2040_irq+0x41c>
20000724:	463e      	mov	r6, r7
20000726:	e67e      	b.n	20000426 <dcd_rp2040_irq+0x8a>
20000728:	f894 727a 	ldrb.w	r7, [r4, #634]	@ 0x27a
2000072c:	2f00      	cmp	r7, #0
2000072e:	f43f ae75 	beq.w	2000041c <dcd_rp2040_irq+0x80>
20000732:	f894 327c 	ldrb.w	r3, [r4, #636]	@ 0x27c
20000736:	2b00      	cmp	r3, #0
20000738:	d176      	bne.n	20000828 <dcd_rp2040_irq+0x48c>
2000073a:	463e      	mov	r6, r7
2000073c:	e66e      	b.n	2000041c <dcd_rp2040_irq+0x80>
2000073e:	f894 723a 	ldrb.w	r7, [r4, #570]	@ 0x23a
20000742:	2f00      	cmp	r7, #0
20000744:	f43f ae65 	beq.w	20000412 <dcd_rp2040_irq+0x76>
20000748:	f894 323c 	ldrb.w	r3, [r4, #572]	@ 0x23c
2000074c:	2b00      	cmp	r3, #0
2000074e:	d163      	bne.n	20000818 <dcd_rp2040_irq+0x47c>
20000750:	463e      	mov	r6, r7
20000752:	e65e      	b.n	20000412 <dcd_rp2040_irq+0x76>
20000754:	f894 71fa 	ldrb.w	r7, [r4, #506]	@ 0x1fa
20000758:	2f00      	cmp	r7, #0
2000075a:	f43f ae55 	beq.w	20000408 <dcd_rp2040_irq+0x6c>
2000075e:	f894 31fc 	ldrb.w	r3, [r4, #508]	@ 0x1fc
20000762:	2b00      	cmp	r3, #0
20000764:	d150      	bne.n	20000808 <dcd_rp2040_irq+0x46c>
20000766:	463e      	mov	r6, r7
20000768:	e64e      	b.n	20000408 <dcd_rp2040_irq+0x6c>
2000076a:	f894 71ba 	ldrb.w	r7, [r4, #442]	@ 0x1ba
2000076e:	2f00      	cmp	r7, #0
20000770:	f43f ae45 	beq.w	200003fe <dcd_rp2040_irq+0x62>
20000774:	f894 31bc 	ldrb.w	r3, [r4, #444]	@ 0x1bc
20000778:	2b00      	cmp	r3, #0
2000077a:	d13d      	bne.n	200007f8 <dcd_rp2040_irq+0x45c>
2000077c:	463e      	mov	r6, r7
2000077e:	e63e      	b.n	200003fe <dcd_rp2040_irq+0x62>
20000780:	f894 33ba 	ldrb.w	r3, [r4, #954]	@ 0x3ba
20000784:	2b00      	cmp	r3, #0
20000786:	f43f ae62 	beq.w	2000044e <dcd_rp2040_irq+0xb2>
2000078a:	f894 33bc 	ldrb.w	r3, [r4, #956]	@ 0x3bc
2000078e:	2b00      	cmp	r3, #0
20000790:	d171      	bne.n	20000876 <dcd_rp2040_irq+0x4da>
20000792:	f894 33fb 	ldrb.w	r3, [r4, #1019]	@ 0x3fb
20000796:	2b02      	cmp	r3, #2
20000798:	f47f ae67 	bne.w	2000046a <dcd_rp2040_irq+0xce>
2000079c:	f894 33fa 	ldrb.w	r3, [r4, #1018]	@ 0x3fa
200007a0:	2b00      	cmp	r3, #0
200007a2:	f43f ae62 	beq.w	2000046a <dcd_rp2040_irq+0xce>
200007a6:	e710      	b.n	200005ca <dcd_rp2040_irq+0x22e>
200007a8:	2300      	movs	r3, #0
200007aa:	4839      	ldr	r0, [pc, #228]	@ (20000890 <dcd_rp2040_irq+0x4f4>)
200007ac:	f884 333c 	strb.w	r3, [r4, #828]	@ 0x33c
200007b0:	463e      	mov	r6, r7
200007b2:	f000 f9ab 	bl	20000b0c <hw_endpoint_start_next_buffer>
200007b6:	e640      	b.n	2000043a <dcd_rp2040_irq+0x9e>
200007b8:	2300      	movs	r3, #0
200007ba:	4836      	ldr	r0, [pc, #216]	@ (20000894 <dcd_rp2040_irq+0x4f8>)
200007bc:	f884 32bc 	strb.w	r3, [r4, #700]	@ 0x2bc
200007c0:	463e      	mov	r6, r7
200007c2:	f000 f9a3 	bl	20000b0c <hw_endpoint_start_next_buffer>
200007c6:	e62e      	b.n	20000426 <dcd_rp2040_irq+0x8a>
200007c8:	2300      	movs	r3, #0
200007ca:	4833      	ldr	r0, [pc, #204]	@ (20000898 <dcd_rp2040_irq+0x4fc>)
200007cc:	f884 32fc 	strb.w	r3, [r4, #764]	@ 0x2fc
200007d0:	463e      	mov	r6, r7
200007d2:	f000 f99b 	bl	20000b0c <hw_endpoint_start_next_buffer>
200007d6:	e62b      	b.n	20000430 <dcd_rp2040_irq+0x94>
200007d8:	2300      	movs	r3, #0
200007da:	4830      	ldr	r0, [pc, #192]	@ (2000089c <dcd_rp2040_irq+0x500>)
200007dc:	f884 30bc 	strb.w	r3, [r4, #188]	@ 0xbc
200007e0:	463e      	mov	r6, r7
200007e2:	f000 f993 	bl	20000b0c <hw_endpoint_start_next_buffer>
200007e6:	e5f6      	b.n	200003d6 <dcd_rp2040_irq+0x3a>
200007e8:	2300      	movs	r3, #0
200007ea:	482d      	ldr	r0, [pc, #180]	@ (200008a0 <dcd_rp2040_irq+0x504>)
200007ec:	f884 30fc 	strb.w	r3, [r4, #252]	@ 0xfc
200007f0:	463e      	mov	r6, r7
200007f2:	f000 f98b 	bl	20000b0c <hw_endpoint_start_next_buffer>
200007f6:	e5f3      	b.n	200003e0 <dcd_rp2040_irq+0x44>
200007f8:	2300      	movs	r3, #0
200007fa:	482a      	ldr	r0, [pc, #168]	@ (200008a4 <dcd_rp2040_irq+0x508>)
200007fc:	f884 31bc 	strb.w	r3, [r4, #444]	@ 0x1bc
20000800:	463e      	mov	r6, r7
20000802:	f000 f983 	bl	20000b0c <hw_endpoint_start_next_buffer>
20000806:	e5fa      	b.n	200003fe <dcd_rp2040_irq+0x62>
20000808:	2300      	movs	r3, #0
2000080a:	4827      	ldr	r0, [pc, #156]	@ (200008a8 <dcd_rp2040_irq+0x50c>)
2000080c:	f884 31fc 	strb.w	r3, [r4, #508]	@ 0x1fc
20000810:	463e      	mov	r6, r7
20000812:	f000 f97b 	bl	20000b0c <hw_endpoint_start_next_buffer>
20000816:	e5f7      	b.n	20000408 <dcd_rp2040_irq+0x6c>
20000818:	2300      	movs	r3, #0
2000081a:	4824      	ldr	r0, [pc, #144]	@ (200008ac <dcd_rp2040_irq+0x510>)
2000081c:	f884 323c 	strb.w	r3, [r4, #572]	@ 0x23c
20000820:	463e      	mov	r6, r7
20000822:	f000 f973 	bl	20000b0c <hw_endpoint_start_next_buffer>
20000826:	e5f4      	b.n	20000412 <dcd_rp2040_irq+0x76>
20000828:	2300      	movs	r3, #0
2000082a:	4821      	ldr	r0, [pc, #132]	@ (200008b0 <dcd_rp2040_irq+0x514>)
2000082c:	f884 327c 	strb.w	r3, [r4, #636]	@ 0x27c
20000830:	463e      	mov	r6, r7
20000832:	f000 f96b 	bl	20000b0c <hw_endpoint_start_next_buffer>
20000836:	e5f1      	b.n	2000041c <dcd_rp2040_irq+0x80>
20000838:	2300      	movs	r3, #0
2000083a:	481e      	ldr	r0, [pc, #120]	@ (200008b4 <dcd_rp2040_irq+0x518>)
2000083c:	f884 313c 	strb.w	r3, [r4, #316]	@ 0x13c
20000840:	463e      	mov	r6, r7
20000842:	f000 f963 	bl	20000b0c <hw_endpoint_start_next_buffer>
20000846:	e5d0      	b.n	200003ea <dcd_rp2040_irq+0x4e>
20000848:	2300      	movs	r3, #0
2000084a:	481b      	ldr	r0, [pc, #108]	@ (200008b8 <dcd_rp2040_irq+0x51c>)
2000084c:	f884 317c 	strb.w	r3, [r4, #380]	@ 0x17c
20000850:	463e      	mov	r6, r7
20000852:	f000 f95b 	bl	20000b0c <hw_endpoint_start_next_buffer>
20000856:	e5cd      	b.n	200003f4 <dcd_rp2040_irq+0x58>
20000858:	2300      	movs	r3, #0
2000085a:	4818      	ldr	r0, [pc, #96]	@ (200008bc <dcd_rp2040_irq+0x520>)
2000085c:	f884 307c 	strb.w	r3, [r4, #124]	@ 0x7c
20000860:	463e      	mov	r6, r7
20000862:	f000 f953 	bl	20000b0c <hw_endpoint_start_next_buffer>
20000866:	e5b1      	b.n	200003cc <dcd_rp2040_irq+0x30>
20000868:	2300      	movs	r3, #0
2000086a:	4815      	ldr	r0, [pc, #84]	@ (200008c0 <dcd_rp2040_irq+0x524>)
2000086c:	f884 337c 	strb.w	r3, [r4, #892]	@ 0x37c
20000870:	f000 f94c 	bl	20000b0c <hw_endpoint_start_next_buffer>
20000874:	e694      	b.n	200005a0 <dcd_rp2040_irq+0x204>
20000876:	2300      	movs	r3, #0
20000878:	4812      	ldr	r0, [pc, #72]	@ (200008c4 <dcd_rp2040_irq+0x528>)
2000087a:	f884 33bc 	strb.w	r3, [r4, #956]	@ 0x3bc
2000087e:	f000 f945 	bl	20000b0c <hw_endpoint_start_next_buffer>
20000882:	e786      	b.n	20000792 <dcd_rp2040_irq+0x3f6>
20000884:	4810      	ldr	r0, [pc, #64]	@ (200008c8 <dcd_rp2040_irq+0x52c>)
20000886:	ea86 0105 	eor.w	r1, r6, r5
2000088a:	f000 fe91 	bl	200015b0 <__panic_veneer>
2000088e:	bf00      	nop
20000890:	200023d4 	.word	0x200023d4
20000894:	20002354 	.word	0x20002354
20000898:	20002394 	.word	0x20002394
2000089c:	20002154 	.word	0x20002154
200008a0:	20002194 	.word	0x20002194
200008a4:	20002254 	.word	0x20002254
200008a8:	20002294 	.word	0x20002294
200008ac:	200022d4 	.word	0x200022d4
200008b0:	20002314 	.word	0x20002314
200008b4:	200021d4 	.word	0x200021d4
200008b8:	20002214 	.word	0x20002214
200008bc:	20002114 	.word	0x20002114
200008c0:	20002414 	.word	0x20002414
200008c4:	20002454 	.word	0x20002454
200008c8:	10007db4 	.word	0x10007db4

200008cc <prepare_ep_buffer>:
200008cc:	e92d 47f0 	stmdb	sp!, {r4, r5, r6, r7, r8, r9, sl, lr}
200008d0:	8a84      	ldrh	r4, [r0, #20]
200008d2:	8b05      	ldrh	r5, [r0, #24]
200008d4:	78c2      	ldrb	r2, [r0, #3]
200008d6:	42a5      	cmp	r5, r4
200008d8:	bf28      	it	cs
200008da:	4625      	movcs	r5, r4
200008dc:	1e17      	subs	r7, r2, #0
200008de:	bf18      	it	ne
200008e0:	2701      	movne	r7, #1
200008e2:	1b64      	subs	r4, r4, r5
200008e4:	7846      	ldrb	r6, [r0, #1]
200008e6:	f082 0201 	eor.w	r2, r2, #1
200008ea:	b2a4      	uxth	r4, r4
200008ec:	4603      	mov	r3, r0
200008ee:	70c2      	strb	r2, [r0, #3]
200008f0:	8284      	strh	r4, [r0, #20]
200008f2:	f445 6080 	orr.w	r0, r5, #1024	@ 0x400
200008f6:	ea40 3047 	orr.w	r0, r0, r7, lsl #13
200008fa:	bba6      	cbnz	r6, 20000966 <prepare_ep_buffer+0x9a>
200008fc:	e9d3 2603 	ldrd	r2, r6, [r3, #12]
20000900:	1e6f      	subs	r7, r5, #1
20000902:	eb02 1e81 	add.w	lr, r2, r1, lsl #6
20000906:	b355      	cbz	r5, 2000095e <prepare_ep_buffer+0x92>
20000908:	2f05      	cmp	r7, #5
2000090a:	bf98      	it	ls
2000090c:	1c72      	addls	r2, r6, #1
2000090e:	d931      	bls.n	20000974 <prepare_ep_buffer+0xa8>
20000910:	eb02 1c81 	add.w	ip, r2, r1, lsl #6
20000914:	1c72      	adds	r2, r6, #1
20000916:	ebac 0402 	sub.w	r4, ip, r2
2000091a:	2c02      	cmp	r4, #2
2000091c:	d92a      	bls.n	20000974 <prepare_ep_buffer+0xa8>
2000091e:	4632      	mov	r2, r6
20000920:	ea4f 0995 	mov.w	r9, r5, lsr #2
20000924:	ea4f 0a89 	mov.w	sl, r9, lsl #2
20000928:	eb06 0889 	add.w	r8, r6, r9, lsl #2
2000092c:	f852 4b04 	ldr.w	r4, [r2], #4
20000930:	4542      	cmp	r2, r8
20000932:	f84c 4b04 	str.w	r4, [ip], #4
20000936:	d1f9      	bne.n	2000092c <prepare_ep_buffer+0x60>
20000938:	4555      	cmp	r5, sl
2000093a:	eba7 070a 	sub.w	r7, r7, sl
2000093e:	eb0e 040a 	add.w	r4, lr, sl
20000942:	d00a      	beq.n	2000095a <prepare_ep_buffer+0x8e>
20000944:	f816 6029 	ldrb.w	r6, [r6, r9, lsl #2]
20000948:	f80e 6029 	strb.w	r6, [lr, r9, lsl #2]
2000094c:	b12f      	cbz	r7, 2000095a <prepare_ep_buffer+0x8e>
2000094e:	7856      	ldrb	r6, [r2, #1]
20000950:	2f01      	cmp	r7, #1
20000952:	7066      	strb	r6, [r4, #1]
20000954:	d001      	beq.n	2000095a <prepare_ep_buffer+0x8e>
20000956:	7892      	ldrb	r2, [r2, #2]
20000958:	70a2      	strb	r2, [r4, #2]
2000095a:	691e      	ldr	r6, [r3, #16]
2000095c:	8a9c      	ldrh	r4, [r3, #20]
2000095e:	442e      	add	r6, r5
20000960:	611e      	str	r6, [r3, #16]
20000962:	f440 4000 	orr.w	r0, r0, #32768	@ 0x8000
20000966:	b90c      	cbnz	r4, 2000096c <prepare_ep_buffer+0xa0>
20000968:	f440 4080 	orr.w	r0, r0, #16384	@ 0x4000
2000096c:	b101      	cbz	r1, 20000970 <prepare_ep_buffer+0xa4>
2000096e:	0400      	lsls	r0, r0, #16
20000970:	e8bd 87f0 	ldmia.w	sp!, {r4, r5, r6, r7, r8, r9, sl, pc}
20000974:	f10e 3eff 	add.w	lr, lr, #4294967295
20000978:	442e      	add	r6, r5
2000097a:	e000      	b.n	2000097e <prepare_ep_buffer+0xb2>
2000097c:	3201      	adds	r2, #1
2000097e:	f812 4c01 	ldrb.w	r4, [r2, #-1]
20000982:	42b2      	cmp	r2, r6
20000984:	f80e 4f01 	strb.w	r4, [lr, #1]!
20000988:	d1f8      	bne.n	2000097c <prepare_ep_buffer+0xb0>
2000098a:	e7e6      	b.n	2000095a <prepare_ep_buffer+0x8e>

2000098c <sync_ep_buffer>:
2000098c:	6883      	ldr	r3, [r0, #8]
2000098e:	4602      	mov	r2, r0
20000990:	6818      	ldr	r0, [r3, #0]
20000992:	b101      	cbz	r1, 20000996 <sync_ep_buffer+0xa>
20000994:	0c00      	lsrs	r0, r0, #16
20000996:	7853      	ldrb	r3, [r2, #1]
20000998:	f3c0 0009 	ubfx	r0, r0, #0, #10
2000099c:	2b00      	cmp	r3, #0
2000099e:	d03c      	beq.n	20000a1a <sync_ep_buffer+0x8e>
200009a0:	e92d 41f0 	stmdb	sp!, {r4, r5, r6, r7, r8, lr}
200009a4:	e9d2 3403 	ldrd	r3, r4, [r2, #12]
200009a8:	1e46      	subs	r6, r0, #1
200009aa:	eb03 1e81 	add.w	lr, r3, r1, lsl #6
200009ae:	b340      	cbz	r0, 20000a02 <sync_ep_buffer+0x76>
200009b0:	2e05      	cmp	r6, #5
200009b2:	d93b      	bls.n	20000a2c <sync_ep_buffer+0xa0>
200009b4:	0189      	lsls	r1, r1, #6
200009b6:	1c4d      	adds	r5, r1, #1
200009b8:	441d      	add	r5, r3
200009ba:	1b65      	subs	r5, r4, r5
200009bc:	2d02      	cmp	r5, #2
200009be:	d935      	bls.n	20000a2c <sync_ep_buffer+0xa0>
200009c0:	4673      	mov	r3, lr
200009c2:	4621      	mov	r1, r4
200009c4:	f400 777f 	and.w	r7, r0, #1020	@ 0x3fc
200009c8:	ea4f 0890 	mov.w	r8, r0, lsr #2
200009cc:	18fd      	adds	r5, r7, r3
200009ce:	f853 cb04 	ldr.w	ip, [r3], #4
200009d2:	42ab      	cmp	r3, r5
200009d4:	f841 cb04 	str.w	ip, [r1], #4
200009d8:	d1f9      	bne.n	200009ce <sync_ep_buffer+0x42>
200009da:	42b8      	cmp	r0, r7
200009dc:	eba6 0607 	sub.w	r6, r6, r7
200009e0:	eb04 0307 	add.w	r3, r4, r7
200009e4:	eb0e 0107 	add.w	r1, lr, r7
200009e8:	d00a      	beq.n	20000a00 <sync_ep_buffer+0x74>
200009ea:	f81e 5028 	ldrb.w	r5, [lr, r8, lsl #2]
200009ee:	f804 5028 	strb.w	r5, [r4, r8, lsl #2]
200009f2:	b12e      	cbz	r6, 20000a00 <sync_ep_buffer+0x74>
200009f4:	784c      	ldrb	r4, [r1, #1]
200009f6:	2e01      	cmp	r6, #1
200009f8:	705c      	strb	r4, [r3, #1]
200009fa:	d001      	beq.n	20000a00 <sync_ep_buffer+0x74>
200009fc:	7889      	ldrb	r1, [r1, #2]
200009fe:	7099      	strb	r1, [r3, #2]
20000a00:	6914      	ldr	r4, [r2, #16]
20000a02:	8ad3      	ldrh	r3, [r2, #22]
20000a04:	4404      	add	r4, r0
20000a06:	4403      	add	r3, r0
20000a08:	82d3      	strh	r3, [r2, #22]
20000a0a:	8b13      	ldrh	r3, [r2, #24]
20000a0c:	6114      	str	r4, [r2, #16]
20000a0e:	4283      	cmp	r3, r0
20000a10:	bf84      	itt	hi
20000a12:	2300      	movhi	r3, #0
20000a14:	8293      	strhhi	r3, [r2, #20]
20000a16:	e8bd 81f0 	ldmia.w	sp!, {r4, r5, r6, r7, r8, pc}
20000a1a:	8ad3      	ldrh	r3, [r2, #22]
20000a1c:	4403      	add	r3, r0
20000a1e:	82d3      	strh	r3, [r2, #22]
20000a20:	8b13      	ldrh	r3, [r2, #24]
20000a22:	4283      	cmp	r3, r0
20000a24:	bf84      	itt	hi
20000a26:	2300      	movhi	r3, #0
20000a28:	8293      	strhhi	r3, [r2, #20]
20000a2a:	4770      	bx	lr
20000a2c:	3c01      	subs	r4, #1
20000a2e:	eb0e 0100 	add.w	r1, lr, r0
20000a32:	f81e 3b01 	ldrb.w	r3, [lr], #1
20000a36:	4571      	cmp	r1, lr
20000a38:	f804 3f01 	strb.w	r3, [r4, #1]!
20000a3c:	d1f9      	bne.n	20000a32 <sync_ep_buffer+0xa6>
20000a3e:	e7df      	b.n	20000a00 <sync_ep_buffer+0x74>

20000a40 <_hw_endpoint_xfer_sync>:
20000a40:	b510      	push	{r4, lr}
20000a42:	4604      	mov	r4, r0
20000a44:	6883      	ldr	r3, [r0, #8]
20000a46:	2100      	movs	r1, #0
20000a48:	681b      	ldr	r3, [r3, #0]
20000a4a:	f7ff ff9f 	bl	2000098c <sync_ep_buffer>
20000a4e:	6863      	ldr	r3, [r4, #4]
20000a50:	681b      	ldr	r3, [r3, #0]
20000a52:	005b      	lsls	r3, r3, #1
20000a54:	d502      	bpl.n	20000a5c <_hw_endpoint_xfer_sync+0x1c>
20000a56:	8b23      	ldrh	r3, [r4, #24]
20000a58:	4283      	cmp	r3, r0
20000a5a:	d000      	beq.n	20000a5e <_hw_endpoint_xfer_sync+0x1e>
20000a5c:	bd10      	pop	{r4, pc}
20000a5e:	4620      	mov	r0, r4
20000a60:	e8bd 4010 	ldmia.w	sp!, {r4, lr}
20000a64:	2101      	movs	r1, #1
20000a66:	f7ff bf91 	b.w	2000098c <sync_ep_buffer>
20000a6a:	bf00      	nop

20000a6c <e15_is_bulkin_ep>:
20000a6c:	4b08      	ldr	r3, [pc, #32]	@ (20000a90 <e15_is_bulkin_ep+0x24>)
20000a6e:	6c1b      	ldr	r3, [r3, #64]	@ 0x40
20000a70:	f013 0302 	ands.w	r3, r3, #2
20000a74:	d102      	bne.n	20000a7c <e15_is_bulkin_ep+0x10>
20000a76:	7882      	ldrb	r2, [r0, #2]
20000a78:	09d2      	lsrs	r2, r2, #7
20000a7a:	d101      	bne.n	20000a80 <e15_is_bulkin_ep+0x14>
20000a7c:	2000      	movs	r0, #0
20000a7e:	4770      	bx	lr
20000a80:	7ec0      	ldrb	r0, [r0, #27]
20000a82:	f1a0 0002 	sub.w	r0, r0, #2
20000a86:	fab0 f080 	clz	r0, r0
20000a8a:	0940      	lsrs	r0, r0, #5
20000a8c:	4770      	bx	lr
20000a8e:	bf00      	nop
20000a90:	50110000 	.word	0x50110000

20000a94 <e15_is_critical_frame_period>:
20000a94:	b508      	push	{r3, lr}
20000a96:	f7ff ffe9 	bl	20000a6c <e15_is_bulkin_ep>
20000a9a:	b150      	cbz	r0, 20000ab2 <e15_is_critical_frame_period+0x1e>
20000a9c:	4a05      	ldr	r2, [pc, #20]	@ (20000ab4 <e15_is_critical_frame_period+0x20>)
20000a9e:	4b06      	ldr	r3, [pc, #24]	@ (20000ab8 <e15_is_critical_frame_period+0x24>)
20000aa0:	6a90      	ldr	r0, [r2, #40]	@ 0x28
20000aa2:	681b      	ldr	r3, [r3, #0]
20000aa4:	f5a0 7048 	sub.w	r0, r0, #800	@ 0x320
20000aa8:	1ac0      	subs	r0, r0, r3
20000aaa:	28c6      	cmp	r0, #198	@ 0xc6
20000aac:	bf8c      	ite	hi
20000aae:	2000      	movhi	r0, #0
20000ab0:	2001      	movls	r0, #1
20000ab2:	bd08      	pop	{r3, pc}
20000ab4:	400b0000 	.word	0x400b0000
20000ab8:	200020ac 	.word	0x200020ac

20000abc <hw_endpoint_reset_transfer>:
20000abc:	2300      	movs	r3, #0
20000abe:	e9c0 3304 	strd	r3, r3, [r0, #16]
20000ac2:	7683      	strb	r3, [r0, #26]
20000ac4:	4770      	bx	lr
20000ac6:	bf00      	nop

20000ac8 <_hw_endpoint_buffer_control_update32>:
20000ac8:	b510      	push	{r4, lr}
20000aca:	6883      	ldr	r3, [r0, #8]
20000acc:	b109      	cbz	r1, 20000ad2 <_hw_endpoint_buffer_control_update32+0xa>
20000ace:	681c      	ldr	r4, [r3, #0]
20000ad0:	4021      	ands	r1, r4
20000ad2:	b182      	cbz	r2, 20000af6 <_hw_endpoint_buffer_control_update32+0x2e>
20000ad4:	4311      	orrs	r1, r2
20000ad6:	0552      	lsls	r2, r2, #21
20000ad8:	d50d      	bpl.n	20000af6 <_hw_endpoint_buffer_control_update32+0x2e>
20000ada:	681a      	ldr	r2, [r3, #0]
20000adc:	0554      	lsls	r4, r2, #21
20000ade:	d40c      	bmi.n	20000afa <_hw_endpoint_buffer_control_update32+0x32>
20000ae0:	4a08      	ldr	r2, [pc, #32]	@ (20000b04 <_hw_endpoint_buffer_control_update32+0x3c>)
20000ae2:	f421 6480 	bic.w	r4, r1, #1024	@ 0x400
20000ae6:	601c      	str	r4, [r3, #0]
20000ae8:	6c12      	ldr	r2, [r2, #64]	@ 0x40
20000aea:	0792      	lsls	r2, r2, #30
20000aec:	d403      	bmi.n	20000af6 <_hw_endpoint_buffer_control_update32+0x2e>
20000aee:	230c      	movs	r3, #12
20000af0:	3b03      	subs	r3, #3
20000af2:	d2fd      	bcs.n	20000af0 <_hw_endpoint_buffer_control_update32+0x28>
20000af4:	6883      	ldr	r3, [r0, #8]
20000af6:	6019      	str	r1, [r3, #0]
20000af8:	bd10      	pop	{r4, pc}
20000afa:	7881      	ldrb	r1, [r0, #2]
20000afc:	4802      	ldr	r0, [pc, #8]	@ (20000b08 <_hw_endpoint_buffer_control_update32+0x40>)
20000afe:	f000 fd57 	bl	200015b0 <__panic_veneer>
20000b02:	bf00      	nop
20000b04:	50110000 	.word	0x50110000
20000b08:	10007dc8 	.word	0x10007dc8

20000b0c <hw_endpoint_start_next_buffer>:
20000b0c:	b530      	push	{r4, r5, lr}
20000b0e:	6843      	ldr	r3, [r0, #4]
20000b10:	2100      	movs	r1, #0
20000b12:	b083      	sub	sp, #12
20000b14:	4604      	mov	r4, r0
20000b16:	681d      	ldr	r5, [r3, #0]
20000b18:	f7ff fed8 	bl	200008cc <prepare_ep_buffer>
20000b1c:	4b13      	ldr	r3, [pc, #76]	@ (20000b6c <hw_endpoint_start_next_buffer+0x60>)
20000b1e:	f440 5280 	orr.w	r2, r0, #4096	@ 0x1000
20000b22:	6c19      	ldr	r1, [r3, #64]	@ 0x40
20000b24:	78a3      	ldrb	r3, [r4, #2]
20000b26:	0789      	lsls	r1, r1, #30
20000b28:	d50e      	bpl.n	20000b48 <hw_endpoint_start_next_buffer+0x3c>
20000b2a:	065b      	lsls	r3, r3, #25
20000b2c:	d00e      	beq.n	20000b4c <hw_endpoint_start_next_buffer+0x40>
20000b2e:	f025 45a0 	bic.w	r5, r5, #1342177280	@ 0x50000000
20000b32:	f045 5500 	orr.w	r5, r5, #536870912	@ 0x20000000
20000b36:	2100      	movs	r1, #0
20000b38:	4620      	mov	r0, r4
20000b3a:	6863      	ldr	r3, [r4, #4]
20000b3c:	601d      	str	r5, [r3, #0]
20000b3e:	b003      	add	sp, #12
20000b40:	e8bd 4030 	ldmia.w	sp!, {r4, r5, lr}
20000b44:	f7ff bfc0 	b.w	20000ac8 <_hw_endpoint_buffer_control_update32>
20000b48:	09db      	lsrs	r3, r3, #7
20000b4a:	d0f0      	beq.n	20000b2e <hw_endpoint_start_next_buffer+0x22>
20000b4c:	8aa3      	ldrh	r3, [r4, #20]
20000b4e:	2b00      	cmp	r3, #0
20000b50:	d0ed      	beq.n	20000b2e <hw_endpoint_start_next_buffer+0x22>
20000b52:	2101      	movs	r1, #1
20000b54:	4620      	mov	r0, r4
20000b56:	9201      	str	r2, [sp, #4]
20000b58:	f7ff feb8 	bl	200008cc <prepare_ep_buffer>
20000b5c:	9a01      	ldr	r2, [sp, #4]
20000b5e:	f025 5500 	bic.w	r5, r5, #536870912	@ 0x20000000
20000b62:	4302      	orrs	r2, r0
20000b64:	f045 45a0 	orr.w	r5, r5, #1342177280	@ 0x50000000
20000b68:	e7e5      	b.n	20000b36 <hw_endpoint_start_next_buffer+0x2a>
20000b6a:	bf00      	nop
20000b6c:	50110000 	.word	0x50110000

20000b70 <hw_endpoint_xfer_continue>:
20000b70:	b538      	push	{r3, r4, r5, lr}
20000b72:	7e85      	ldrb	r5, [r0, #26]
20000b74:	4604      	mov	r4, r0
20000b76:	b195      	cbz	r5, 20000b9e <hw_endpoint_xfer_continue+0x2e>
20000b78:	f7ff ff62 	bl	20000a40 <_hw_endpoint_xfer_sync>
20000b7c:	8aa3      	ldrh	r3, [r4, #20]
20000b7e:	b90b      	cbnz	r3, 20000b84 <hw_endpoint_xfer_continue+0x14>
20000b80:	4628      	mov	r0, r5
20000b82:	bd38      	pop	{r3, r4, r5, pc}
20000b84:	4620      	mov	r0, r4
20000b86:	f7ff ff85 	bl	20000a94 <e15_is_critical_frame_period>
20000b8a:	b120      	cbz	r0, 20000b96 <hw_endpoint_xfer_continue+0x26>
20000b8c:	2301      	movs	r3, #1
20000b8e:	7723      	strb	r3, [r4, #28]
20000b90:	2500      	movs	r5, #0
20000b92:	4628      	mov	r0, r5
20000b94:	bd38      	pop	{r3, r4, r5, pc}
20000b96:	4620      	mov	r0, r4
20000b98:	f7ff ffb8 	bl	20000b0c <hw_endpoint_start_next_buffer>
20000b9c:	e7f8      	b.n	20000b90 <hw_endpoint_xfer_continue+0x20>
20000b9e:	7881      	ldrb	r1, [r0, #2]
20000ba0:	4801      	ldr	r0, [pc, #4]	@ (20000ba8 <hw_endpoint_xfer_continue+0x38>)
20000ba2:	f000 fd05 	bl	200015b0 <__panic_veneer>
20000ba6:	bf00      	nop
20000ba8:	10007de8 	.word	0x10007de8

20000bac <dcd_event_handler>:
20000bac:	e92d 43f0 	stmdb	sp!, {r4, r5, r6, r7, r8, r9, lr}
20000bb0:	7843      	ldrb	r3, [r0, #1]
20000bb2:	4681      	mov	r9, r0
20000bb4:	3b02      	subs	r3, #2
20000bb6:	460d      	mov	r5, r1
20000bb8:	b085      	sub	sp, #20
20000bba:	2b04      	cmp	r3, #4
20000bbc:	d813      	bhi.n	20000be6 <dcd_event_handler+0x3a>
20000bbe:	e8df f003 	tbb	[pc, r3]
20000bc2:	4a03      	.short	0x4a03
20000bc4:	736a      	.short	0x736a
20000bc6:	44          	.byte	0x44
20000bc7:	00          	.byte	0x00
20000bc8:	2100      	movs	r1, #0
20000bca:	4b7b      	ldr	r3, [pc, #492]	@ (20000db8 <dcd_event_handler+0x20c>)
20000bcc:	781a      	ldrb	r2, [r3, #0]
20000bce:	f022 0201 	bic.w	r2, r2, #1
20000bd2:	701a      	strb	r2, [r3, #0]
20000bd4:	781a      	ldrb	r2, [r3, #0]
20000bd6:	f022 0202 	bic.w	r2, r2, #2
20000bda:	701a      	strb	r2, [r3, #0]
20000bdc:	7059      	strb	r1, [r3, #1]
20000bde:	781a      	ldrb	r2, [r3, #0]
20000be0:	f361 0282 	bfi	r2, r1, #2, #1
20000be4:	701a      	strb	r2, [r3, #0]
20000be6:	4b75      	ldr	r3, [pc, #468]	@ (20000dbc <dcd_event_handler+0x210>)
20000be8:	681c      	ldr	r4, [r3, #0]
20000bea:	6963      	ldr	r3, [r4, #20]
20000bec:	f3ef 8210 	mrs	r2, PRIMASK
20000bf0:	b672      	cpsid	i
20000bf2:	e8d3 0fcf 	ldaexb	r0, [r3]
20000bf6:	2101      	movs	r1, #1
20000bf8:	2800      	cmp	r0, #0
20000bfa:	d1fa      	bne.n	20000bf2 <dcd_event_handler+0x46>
20000bfc:	e8c3 1f40 	strexb	r0, r1, [r3]
20000c00:	2800      	cmp	r0, #0
20000c02:	d1f6      	bne.n	20000bf2 <dcd_event_handler+0x46>
20000c04:	f3bf 8f5f 	dmb	sy
20000c08:	61a2      	str	r2, [r4, #24]
20000c0a:	4649      	mov	r1, r9
20000c0c:	4620      	mov	r0, r4
20000c0e:	f000 fcdb 	bl	200015c8 <__tu_fifo_write_veneer>
20000c12:	2300      	movs	r3, #0
20000c14:	6962      	ldr	r2, [r4, #20]
20000c16:	e8c2 3f8f 	stlb	r3, [r2]
20000c1a:	69a3      	ldr	r3, [r4, #24]
20000c1c:	f383 8810 	msr	PRIMASK, r3
20000c20:	b948      	cbnz	r0, 20000c36 <dcd_event_handler+0x8a>
20000c22:	f04f 23e0 	mov.w	r3, #3758153728	@ 0xe000e000
20000c26:	f8d3 3df0 	ldr.w	r3, [r3, #3568]	@ 0xdf0
20000c2a:	07db      	lsls	r3, r3, #31
20000c2c:	d50a      	bpl.n	20000c44 <dcd_event_handler+0x98>
20000c2e:	be00      	bkpt	0x0000
20000c30:	b005      	add	sp, #20
20000c32:	e8bd 83f0 	ldmia.w	sp!, {r4, r5, r6, r7, r8, r9, pc}
20000c36:	462a      	mov	r2, r5
20000c38:	f899 1001 	ldrb.w	r1, [r9, #1]
20000c3c:	f899 0000 	ldrb.w	r0, [r9]
20000c40:	f000 fcbe 	bl	200015c0 <__tud_event_hook_cb_veneer>
20000c44:	b005      	add	sp, #20
20000c46:	e8bd 83f0 	ldmia.w	sp!, {r4, r5, r6, r7, r8, r9, pc}
20000c4a:	4a5d      	ldr	r2, [pc, #372]	@ (20000dc0 <dcd_event_handler+0x214>)
20000c4c:	7813      	ldrb	r3, [r2, #0]
20000c4e:	3301      	adds	r3, #1
20000c50:	b2db      	uxtb	r3, r3
20000c52:	7013      	strb	r3, [r2, #0]
20000c54:	e7c7      	b.n	20000be6 <dcd_event_handler+0x3a>
20000c56:	2400      	movs	r4, #0
20000c58:	4e5a      	ldr	r6, [pc, #360]	@ (20000dc4 <dcd_event_handler+0x218>)
20000c5a:	4623      	mov	r3, r4
20000c5c:	7831      	ldrb	r1, [r6, #0]
20000c5e:	f8df 816c 	ldr.w	r8, [pc, #364]	@ 20000dcc <dcd_event_handler+0x220>
20000c62:	4f59      	ldr	r7, [pc, #356]	@ (20000dc8 <dcd_event_handler+0x21c>)
20000c64:	e011      	b.n	20000c8a <dcd_event_handler+0xde>
20000c66:	683b      	ldr	r3, [r7, #0]
20000c68:	eb13 1344 	adds.w	r3, r3, r4, lsl #5
20000c6c:	d007      	beq.n	20000c7e <dcd_event_handler+0xd2>
20000c6e:	69db      	ldr	r3, [r3, #28]
20000c70:	b12b      	cbz	r3, 20000c7e <dcd_event_handler+0xd2>
20000c72:	f8d9 1004 	ldr.w	r1, [r9, #4]
20000c76:	f899 0000 	ldrb.w	r0, [r9]
20000c7a:	4798      	blx	r3
20000c7c:	7831      	ldrb	r1, [r6, #0]
20000c7e:	3401      	adds	r4, #1
20000c80:	b2e4      	uxtb	r4, r4
20000c82:	1c4a      	adds	r2, r1, #1
20000c84:	42a2      	cmp	r2, r4
20000c86:	4623      	mov	r3, r4
20000c88:	db17      	blt.n	20000cba <dcd_event_handler+0x10e>
20000c8a:	42a1      	cmp	r1, r4
20000c8c:	d8eb      	bhi.n	20000c66 <dcd_event_handler+0xba>
20000c8e:	1a5b      	subs	r3, r3, r1
20000c90:	eb08 1343 	add.w	r3, r8, r3, lsl #5
20000c94:	e7eb      	b.n	20000c6e <dcd_event_handler+0xc2>
20000c96:	4b48      	ldr	r3, [pc, #288]	@ (20000db8 <dcd_event_handler+0x20c>)
20000c98:	781a      	ldrb	r2, [r3, #0]
20000c9a:	07d6      	lsls	r6, r2, #31
20000c9c:	d5d2      	bpl.n	20000c44 <dcd_event_handler+0x98>
20000c9e:	781a      	ldrb	r2, [r3, #0]
20000ca0:	f042 0204 	orr.w	r2, r2, #4
20000ca4:	701a      	strb	r2, [r3, #0]
20000ca6:	e79e      	b.n	20000be6 <dcd_event_handler+0x3a>
20000ca8:	4b43      	ldr	r3, [pc, #268]	@ (20000db8 <dcd_event_handler+0x20c>)
20000caa:	781a      	ldrb	r2, [r3, #0]
20000cac:	07d4      	lsls	r4, r2, #31
20000cae:	d5c9      	bpl.n	20000c44 <dcd_event_handler+0x98>
20000cb0:	781a      	ldrb	r2, [r3, #0]
20000cb2:	f022 0204 	bic.w	r2, r2, #4
20000cb6:	701a      	strb	r2, [r3, #0]
20000cb8:	e795      	b.n	20000be6 <dcd_event_handler+0x3a>
20000cba:	4c3f      	ldr	r4, [pc, #252]	@ (20000db8 <dcd_event_handler+0x20c>)
20000cbc:	7823      	ldrb	r3, [r4, #0]
20000cbe:	0758      	lsls	r0, r3, #29
20000cc0:	d43a      	bmi.n	20000d38 <dcd_event_handler+0x18c>
20000cc2:	78e3      	ldrb	r3, [r4, #3]
20000cc4:	07da      	lsls	r2, r3, #31
20000cc6:	d5bd      	bpl.n	20000c44 <dcd_event_handler+0x98>
20000cc8:	2303      	movs	r3, #3
20000cca:	2600      	movs	r6, #0
20000ccc:	4a3b      	ldr	r2, [pc, #236]	@ (20000dbc <dcd_event_handler+0x210>)
20000cce:	f899 1000 	ldrb.w	r1, [r9]
20000cd2:	6814      	ldr	r4, [r2, #0]
20000cd4:	f8d9 2004 	ldr.w	r2, [r9, #4]
20000cd8:	f88d 1004 	strb.w	r1, [sp, #4]
20000cdc:	f88d 3005 	strb.w	r3, [sp, #5]
20000ce0:	6963      	ldr	r3, [r4, #20]
20000ce2:	f8cd 6006 	str.w	r6, [sp, #6]
20000ce6:	f8cd 600a 	str.w	r6, [sp, #10]
20000cea:	f8ad 600e 	strh.w	r6, [sp, #14]
20000cee:	9202      	str	r2, [sp, #8]
20000cf0:	f3ef 8210 	mrs	r2, PRIMASK
20000cf4:	b672      	cpsid	i
20000cf6:	e8d3 0fcf 	ldaexb	r0, [r3]
20000cfa:	2101      	movs	r1, #1
20000cfc:	2800      	cmp	r0, #0
20000cfe:	d1fa      	bne.n	20000cf6 <dcd_event_handler+0x14a>
20000d00:	e8c3 1f40 	strexb	r0, r1, [r3]
20000d04:	2800      	cmp	r0, #0
20000d06:	d1f6      	bne.n	20000cf6 <dcd_event_handler+0x14a>
20000d08:	f3bf 8f5f 	dmb	sy
20000d0c:	4620      	mov	r0, r4
20000d0e:	61a2      	str	r2, [r4, #24]
20000d10:	a901      	add	r1, sp, #4
20000d12:	f000 fc59 	bl	200015c8 <__tu_fifo_write_veneer>
20000d16:	6963      	ldr	r3, [r4, #20]
20000d18:	e8c3 6f8f 	stlb	r6, [r3]
20000d1c:	69a3      	ldr	r3, [r4, #24]
20000d1e:	f383 8810 	msr	PRIMASK, r3
20000d22:	2800      	cmp	r0, #0
20000d24:	f43f af7d 	beq.w	20000c22 <dcd_event_handler+0x76>
20000d28:	462a      	mov	r2, r5
20000d2a:	f89d 1005 	ldrb.w	r1, [sp, #5]
20000d2e:	f89d 0004 	ldrb.w	r0, [sp, #4]
20000d32:	f000 fc45 	bl	200015c0 <__tud_event_hook_cb_veneer>
20000d36:	e785      	b.n	20000c44 <dcd_event_handler+0x98>
20000d38:	7823      	ldrb	r3, [r4, #0]
20000d3a:	2700      	movs	r7, #0
20000d3c:	f023 0304 	bic.w	r3, r3, #4
20000d40:	7023      	strb	r3, [r4, #0]
20000d42:	2305      	movs	r3, #5
20000d44:	4a1d      	ldr	r2, [pc, #116]	@ (20000dbc <dcd_event_handler+0x210>)
20000d46:	f88d 3005 	strb.w	r3, [sp, #5]
20000d4a:	6816      	ldr	r6, [r2, #0]
20000d4c:	f899 2000 	ldrb.w	r2, [r9]
20000d50:	f8ad 700e 	strh.w	r7, [sp, #14]
20000d54:	f88d 2004 	strb.w	r2, [sp, #4]
20000d58:	6973      	ldr	r3, [r6, #20]
20000d5a:	f8cd 7006 	str.w	r7, [sp, #6]
20000d5e:	f8cd 700a 	str.w	r7, [sp, #10]
20000d62:	f3ef 8210 	mrs	r2, PRIMASK
20000d66:	b672      	cpsid	i
20000d68:	e8d3 0fcf 	ldaexb	r0, [r3]
20000d6c:	2101      	movs	r1, #1
20000d6e:	2800      	cmp	r0, #0
20000d70:	d1fa      	bne.n	20000d68 <dcd_event_handler+0x1bc>
20000d72:	e8c3 1f40 	strexb	r0, r1, [r3]
20000d76:	2800      	cmp	r0, #0
20000d78:	d1f6      	bne.n	20000d68 <dcd_event_handler+0x1bc>
20000d7a:	f3bf 8f5f 	dmb	sy
20000d7e:	4630      	mov	r0, r6
20000d80:	61b2      	str	r2, [r6, #24]
20000d82:	a901      	add	r1, sp, #4
20000d84:	f000 fc20 	bl	200015c8 <__tu_fifo_write_veneer>
20000d88:	6973      	ldr	r3, [r6, #20]
20000d8a:	e8c3 7f8f 	stlb	r7, [r3]
20000d8e:	69b3      	ldr	r3, [r6, #24]
20000d90:	f383 8810 	msr	PRIMASK, r3
20000d94:	b938      	cbnz	r0, 20000da6 <dcd_event_handler+0x1fa>
20000d96:	f04f 23e0 	mov.w	r3, #3758153728	@ 0xe000e000
20000d9a:	f8d3 3df0 	ldr.w	r3, [r3, #3568]	@ 0xdf0
20000d9e:	07d9      	lsls	r1, r3, #31
20000da0:	d58f      	bpl.n	20000cc2 <dcd_event_handler+0x116>
20000da2:	be00      	bkpt	0x0000
20000da4:	e78d      	b.n	20000cc2 <dcd_event_handler+0x116>
20000da6:	462a      	mov	r2, r5
20000da8:	f89d 1005 	ldrb.w	r1, [sp, #5]
20000dac:	f89d 0004 	ldrb.w	r0, [sp, #4]
20000db0:	f000 fc06 	bl	200015c0 <__tud_event_hook_cb_veneer>
20000db4:	e785      	b.n	20000cc2 <dcd_event_handler+0x116>
20000db6:	bf00      	nop
20000db8:	20001c60 	.word	0x20001c60
20000dbc:	20001cb8 	.word	0x20001cb8
20000dc0:	20002527 	.word	0x20002527
20000dc4:	20002525 	.word	0x20002525
20000dc8:	20001a90 	.word	0x20001a90
20000dcc:	1000822c 	.word	0x1000822c

20000dd0 <spi_write_blocking>:
20000dd0:	4684      	mov	ip, r0
20000dd2:	4610      	mov	r0, r2
20000dd4:	b36a      	cbz	r2, 20000e32 <spi_write_blocking+0x62>
20000dd6:	3901      	subs	r1, #1
20000dd8:	b500      	push	{lr}
20000dda:	eb01 0e02 	add.w	lr, r1, r2
20000dde:	f8dc 300c 	ldr.w	r3, [ip, #12]
20000de2:	079b      	lsls	r3, r3, #30
20000de4:	d5fb      	bpl.n	20000dde <spi_write_blocking+0xe>
20000de6:	f811 3f01 	ldrb.w	r3, [r1, #1]!
20000dea:	4571      	cmp	r1, lr
20000dec:	f8cc 3008 	str.w	r3, [ip, #8]
20000df0:	d1f5      	bne.n	20000dde <spi_write_blocking+0xe>
20000df2:	f8dc 300c 	ldr.w	r3, [ip, #12]
20000df6:	0759      	lsls	r1, r3, #29
20000df8:	d505      	bpl.n	20000e06 <spi_write_blocking+0x36>
20000dfa:	f8dc 3008 	ldr.w	r3, [ip, #8]
20000dfe:	f8dc 300c 	ldr.w	r3, [ip, #12]
20000e02:	0759      	lsls	r1, r3, #29
20000e04:	d4f9      	bmi.n	20000dfa <spi_write_blocking+0x2a>
20000e06:	f8dc 300c 	ldr.w	r3, [ip, #12]
20000e0a:	06da      	lsls	r2, r3, #27
20000e0c:	d506      	bpl.n	20000e1c <spi_write_blocking+0x4c>
20000e0e:	f8dc 300c 	ldr.w	r3, [ip, #12]
20000e12:	06da      	lsls	r2, r3, #27
20000e14:	d4f7      	bmi.n	20000e06 <spi_write_blocking+0x36>
20000e16:	e001      	b.n	20000e1c <spi_write_blocking+0x4c>
20000e18:	f8dc 3008 	ldr.w	r3, [ip, #8]
20000e1c:	f8dc 300c 	ldr.w	r3, [ip, #12]
20000e20:	075b      	lsls	r3, r3, #29
20000e22:	d4f9      	bmi.n	20000e18 <spi_write_blocking+0x48>
20000e24:	2301      	movs	r3, #1
20000e26:	f8cc 3020 	str.w	r3, [ip, #32]
20000e2a:	f85d fb04 	ldr.w	pc, [sp], #4
20000e2e:	f8dc 3008 	ldr.w	r3, [ip, #8]
20000e32:	f8dc 300c 	ldr.w	r3, [ip, #12]
20000e36:	0759      	lsls	r1, r3, #29
20000e38:	d4f9      	bmi.n	20000e2e <spi_write_blocking+0x5e>
20000e3a:	f8dc 300c 	ldr.w	r3, [ip, #12]
20000e3e:	06da      	lsls	r2, r3, #27
20000e40:	d506      	bpl.n	20000e50 <spi_write_blocking+0x80>
20000e42:	f8dc 300c 	ldr.w	r3, [ip, #12]
20000e46:	06da      	lsls	r2, r3, #27
20000e48:	d4f7      	bmi.n	20000e3a <spi_write_blocking+0x6a>
20000e4a:	e001      	b.n	20000e50 <spi_write_blocking+0x80>
20000e4c:	f8dc 3008 	ldr.w	r3, [ip, #8]
20000e50:	f8dc 300c 	ldr.w	r3, [ip, #12]
20000e54:	075b      	lsls	r3, r3, #29
20000e56:	d4f9      	bmi.n	20000e4c <spi_write_blocking+0x7c>
20000e58:	2301      	movs	r3, #1
20000e5a:	f8cc 3020 	str.w	r3, [ip, #32]
20000e5e:	4770      	bx	lr

20000e60 <sqrtf>:
20000e60:	b508      	push	{r3, lr}
20000e62:	ed2d 8b02 	vpush	{d8}
20000e66:	ee08 0a10 	vmov	s16, r0
20000e6a:	f000 f81d 	bl	20000ea8 <__ieee754_sqrtf>
20000e6e:	eeb4 8a48 	vcmp.f32	s16, s16
20000e72:	eef1 fa10 	vmrs	APSR_nzcv, fpscr
20000e76:	d606      	bvs.n	20000e86 <sqrtf+0x26>
20000e78:	eddf 8a0a 	vldr	s17, [pc, #40]	@ 20000ea4 <sqrtf+0x44>
20000e7c:	eeb4 8ae8 	vcmpe.f32	s16, s17
20000e80:	eef1 fa10 	vmrs	APSR_nzcv, fpscr
20000e84:	d402      	bmi.n	20000e8c <sqrtf+0x2c>
20000e86:	ecbd 8b02 	vpop	{d8}
20000e8a:	bd08      	pop	{r3, pc}
20000e8c:	f000 fba4 	bl	200015d8 <____errno_veneer>
20000e90:	eec8 7aa8 	vdiv.f32	s15, s17, s17
20000e94:	4603      	mov	r3, r0
20000e96:	2221      	movs	r2, #33	@ 0x21
20000e98:	601a      	str	r2, [r3, #0]
20000e9a:	ecbd 8b02 	vpop	{d8}
20000e9e:	ee17 0a90 	vmov	r0, s15
20000ea2:	bd08      	pop	{r3, pc}
20000ea4:	00000000 	.word	0x00000000

20000ea8 <__ieee754_sqrtf>:
20000ea8:	ee07 0a90 	vmov	s15, r0
20000eac:	eef1 7ae7 	vsqrt.f32	s15, s15
20000eb0:	ee17 0a90 	vmov	r0, s15
20000eb4:	4770      	bx	lr
20000eb6:	bf00      	nop

20000eb8 <__aeabi_drsub>:
20000eb8:	f081 4100 	eor.w	r1, r1, #2147483648	@ 0x80000000
20000ebc:	e002      	b.n	20000ec4 <__adddf3>
20000ebe:	bf00      	nop

20000ec0 <__aeabi_dsub>:
20000ec0:	f083 4300 	eor.w	r3, r3, #2147483648	@ 0x80000000

20000ec4 <__adddf3>:
20000ec4:	b530      	push	{r4, r5, lr}
20000ec6:	ea4f 0441 	mov.w	r4, r1, lsl #1
20000eca:	ea4f 0543 	mov.w	r5, r3, lsl #1
20000ece:	ea94 0f05 	teq	r4, r5
20000ed2:	bf08      	it	eq
20000ed4:	ea90 0f02 	teqeq	r0, r2
20000ed8:	bf1f      	itttt	ne
20000eda:	ea54 0c00 	orrsne.w	ip, r4, r0
20000ede:	ea55 0c02 	orrsne.w	ip, r5, r2
20000ee2:	ea7f 5c64 	mvnsne.w	ip, r4, asr #21
20000ee6:	ea7f 5c65 	mvnsne.w	ip, r5, asr #21
20000eea:	f000 80e2 	beq.w	200010b2 <__adddf3+0x1ee>
20000eee:	ea4f 5454 	mov.w	r4, r4, lsr #21
20000ef2:	ebd4 5555 	rsbs	r5, r4, r5, lsr #21
20000ef6:	bfb8      	it	lt
20000ef8:	426d      	neglt	r5, r5
20000efa:	dd0c      	ble.n	20000f16 <__adddf3+0x52>
20000efc:	442c      	add	r4, r5
20000efe:	ea80 0202 	eor.w	r2, r0, r2
20000f02:	ea81 0303 	eor.w	r3, r1, r3
20000f06:	ea82 0000 	eor.w	r0, r2, r0
20000f0a:	ea83 0101 	eor.w	r1, r3, r1
20000f0e:	ea80 0202 	eor.w	r2, r0, r2
20000f12:	ea81 0303 	eor.w	r3, r1, r3
20000f16:	2d36      	cmp	r5, #54	@ 0x36
20000f18:	bf88      	it	hi
20000f1a:	bd30      	pophi	{r4, r5, pc}
20000f1c:	f011 4f00 	tst.w	r1, #2147483648	@ 0x80000000
20000f20:	ea4f 3101 	mov.w	r1, r1, lsl #12
20000f24:	f44f 1c80 	mov.w	ip, #1048576	@ 0x100000
20000f28:	ea4c 3111 	orr.w	r1, ip, r1, lsr #12
20000f2c:	d002      	beq.n	20000f34 <__adddf3+0x70>
20000f2e:	4240      	negs	r0, r0
20000f30:	eb61 0141 	sbc.w	r1, r1, r1, lsl #1
20000f34:	f013 4f00 	tst.w	r3, #2147483648	@ 0x80000000
20000f38:	ea4f 3303 	mov.w	r3, r3, lsl #12
20000f3c:	ea4c 3313 	orr.w	r3, ip, r3, lsr #12
20000f40:	d002      	beq.n	20000f48 <__adddf3+0x84>
20000f42:	4252      	negs	r2, r2
20000f44:	eb63 0343 	sbc.w	r3, r3, r3, lsl #1
20000f48:	ea94 0f05 	teq	r4, r5
20000f4c:	f000 80a7 	beq.w	2000109e <__adddf3+0x1da>
20000f50:	f1a4 0401 	sub.w	r4, r4, #1
20000f54:	f1d5 0e20 	rsbs	lr, r5, #32
20000f58:	db0d      	blt.n	20000f76 <__adddf3+0xb2>
20000f5a:	fa02 fc0e 	lsl.w	ip, r2, lr
20000f5e:	fa22 f205 	lsr.w	r2, r2, r5
20000f62:	1880      	adds	r0, r0, r2
20000f64:	f141 0100 	adc.w	r1, r1, #0
20000f68:	fa03 f20e 	lsl.w	r2, r3, lr
20000f6c:	1880      	adds	r0, r0, r2
20000f6e:	fa43 f305 	asr.w	r3, r3, r5
20000f72:	4159      	adcs	r1, r3
20000f74:	e00e      	b.n	20000f94 <__adddf3+0xd0>
20000f76:	f1a5 0520 	sub.w	r5, r5, #32
20000f7a:	f10e 0e20 	add.w	lr, lr, #32
20000f7e:	2a01      	cmp	r2, #1
20000f80:	fa03 fc0e 	lsl.w	ip, r3, lr
20000f84:	bf28      	it	cs
20000f86:	f04c 0c02 	orrcs.w	ip, ip, #2
20000f8a:	fa43 f305 	asr.w	r3, r3, r5
20000f8e:	18c0      	adds	r0, r0, r3
20000f90:	eb51 71e3 	adcs.w	r1, r1, r3, asr #31
20000f94:	f001 4500 	and.w	r5, r1, #2147483648	@ 0x80000000
20000f98:	d507      	bpl.n	20000faa <__adddf3+0xe6>
20000f9a:	f04f 0e00 	mov.w	lr, #0
20000f9e:	f1dc 0c00 	rsbs	ip, ip, #0
20000fa2:	eb7e 0000 	sbcs.w	r0, lr, r0
20000fa6:	eb6e 0101 	sbc.w	r1, lr, r1
20000faa:	f5b1 1f80 	cmp.w	r1, #1048576	@ 0x100000
20000fae:	d31b      	bcc.n	20000fe8 <__adddf3+0x124>
20000fb0:	f5b1 1f00 	cmp.w	r1, #2097152	@ 0x200000
20000fb4:	d30c      	bcc.n	20000fd0 <__adddf3+0x10c>
20000fb6:	0849      	lsrs	r1, r1, #1
20000fb8:	ea5f 0030 	movs.w	r0, r0, rrx
20000fbc:	ea4f 0c3c 	mov.w	ip, ip, rrx
20000fc0:	f104 0401 	add.w	r4, r4, #1
20000fc4:	ea4f 5244 	mov.w	r2, r4, lsl #21
20000fc8:	f512 0f80 	cmn.w	r2, #4194304	@ 0x400000
20000fcc:	f080 809a 	bcs.w	20001104 <__adddf3+0x240>
20000fd0:	f1bc 4f00 	cmp.w	ip, #2147483648	@ 0x80000000
20000fd4:	bf08      	it	eq
20000fd6:	ea5f 0c50 	movseq.w	ip, r0, lsr #1
20000fda:	f150 0000 	adcs.w	r0, r0, #0
20000fde:	eb41 5104 	adc.w	r1, r1, r4, lsl #20
20000fe2:	ea41 0105 	orr.w	r1, r1, r5
20000fe6:	bd30      	pop	{r4, r5, pc}
20000fe8:	ea5f 0c4c 	movs.w	ip, ip, lsl #1
20000fec:	4140      	adcs	r0, r0
20000fee:	eb41 0101 	adc.w	r1, r1, r1
20000ff2:	3c01      	subs	r4, #1
20000ff4:	bf28      	it	cs
20000ff6:	f5b1 1f80 	cmpcs.w	r1, #1048576	@ 0x100000
20000ffa:	d2e9      	bcs.n	20000fd0 <__adddf3+0x10c>
20000ffc:	f091 0f00 	teq	r1, #0
20001000:	bf04      	itt	eq
20001002:	4601      	moveq	r1, r0
20001004:	2000      	moveq	r0, #0
20001006:	fab1 f381 	clz	r3, r1
2000100a:	bf08      	it	eq
2000100c:	3320      	addeq	r3, #32
2000100e:	f1a3 030b 	sub.w	r3, r3, #11
20001012:	f1b3 0220 	subs.w	r2, r3, #32
20001016:	da0c      	bge.n	20001032 <__adddf3+0x16e>
20001018:	320c      	adds	r2, #12
2000101a:	dd08      	ble.n	2000102e <__adddf3+0x16a>
2000101c:	f102 0c14 	add.w	ip, r2, #20
20001020:	f1c2 020c 	rsb	r2, r2, #12
20001024:	fa01 f00c 	lsl.w	r0, r1, ip
20001028:	fa21 f102 	lsr.w	r1, r1, r2
2000102c:	e00c      	b.n	20001048 <__adddf3+0x184>
2000102e:	f102 0214 	add.w	r2, r2, #20
20001032:	bfd8      	it	le
20001034:	f1c2 0c20 	rsble	ip, r2, #32
20001038:	fa01 f102 	lsl.w	r1, r1, r2
2000103c:	fa20 fc0c 	lsr.w	ip, r0, ip
20001040:	bfdc      	itt	le
20001042:	ea41 010c 	orrle.w	r1, r1, ip
20001046:	4090      	lslle	r0, r2
20001048:	1ae4      	subs	r4, r4, r3
2000104a:	bfa2      	ittt	ge
2000104c:	eb01 5104 	addge.w	r1, r1, r4, lsl #20
20001050:	4329      	orrge	r1, r5
20001052:	bd30      	popge	{r4, r5, pc}
20001054:	ea6f 0404 	mvn.w	r4, r4
20001058:	3c1f      	subs	r4, #31
2000105a:	da1c      	bge.n	20001096 <__adddf3+0x1d2>
2000105c:	340c      	adds	r4, #12
2000105e:	dc0e      	bgt.n	2000107e <__adddf3+0x1ba>
20001060:	f104 0414 	add.w	r4, r4, #20
20001064:	f1c4 0220 	rsb	r2, r4, #32
20001068:	fa20 f004 	lsr.w	r0, r0, r4
2000106c:	fa01 f302 	lsl.w	r3, r1, r2
20001070:	ea40 0003 	orr.w	r0, r0, r3
20001074:	fa21 f304 	lsr.w	r3, r1, r4
20001078:	ea45 0103 	orr.w	r1, r5, r3
2000107c:	bd30      	pop	{r4, r5, pc}
2000107e:	f1c4 040c 	rsb	r4, r4, #12
20001082:	f1c4 0220 	rsb	r2, r4, #32
20001086:	fa20 f002 	lsr.w	r0, r0, r2
2000108a:	fa01 f304 	lsl.w	r3, r1, r4
2000108e:	ea40 0003 	orr.w	r0, r0, r3
20001092:	4629      	mov	r1, r5
20001094:	bd30      	pop	{r4, r5, pc}
20001096:	fa21 f004 	lsr.w	r0, r1, r4
2000109a:	4629      	mov	r1, r5
2000109c:	bd30      	pop	{r4, r5, pc}
2000109e:	f094 0f00 	teq	r4, #0
200010a2:	f483 1380 	eor.w	r3, r3, #1048576	@ 0x100000
200010a6:	bf06      	itte	eq
200010a8:	f481 1180 	eoreq.w	r1, r1, #1048576	@ 0x100000
200010ac:	3401      	addeq	r4, #1
200010ae:	3d01      	subne	r5, #1
200010b0:	e74e      	b.n	20000f50 <__adddf3+0x8c>
200010b2:	ea7f 5c64 	mvns.w	ip, r4, asr #21
200010b6:	bf18      	it	ne
200010b8:	ea7f 5c65 	mvnsne.w	ip, r5, asr #21
200010bc:	d029      	beq.n	20001112 <__adddf3+0x24e>
200010be:	ea94 0f05 	teq	r4, r5
200010c2:	bf08      	it	eq
200010c4:	ea90 0f02 	teqeq	r0, r2
200010c8:	d005      	beq.n	200010d6 <__adddf3+0x212>
200010ca:	ea54 0c00 	orrs.w	ip, r4, r0
200010ce:	bf04      	itt	eq
200010d0:	4619      	moveq	r1, r3
200010d2:	4610      	moveq	r0, r2
200010d4:	bd30      	pop	{r4, r5, pc}
200010d6:	ea91 0f03 	teq	r1, r3
200010da:	bf1e      	ittt	ne
200010dc:	2100      	movne	r1, #0
200010de:	2000      	movne	r0, #0
200010e0:	bd30      	popne	{r4, r5, pc}
200010e2:	ea5f 5c54 	movs.w	ip, r4, lsr #21
200010e6:	d105      	bne.n	200010f4 <__adddf3+0x230>
200010e8:	0040      	lsls	r0, r0, #1
200010ea:	4149      	adcs	r1, r1
200010ec:	bf28      	it	cs
200010ee:	f041 4100 	orrcs.w	r1, r1, #2147483648	@ 0x80000000
200010f2:	bd30      	pop	{r4, r5, pc}
200010f4:	f514 0480 	adds.w	r4, r4, #4194304	@ 0x400000
200010f8:	bf3c      	itt	cc
200010fa:	f501 1180 	addcc.w	r1, r1, #1048576	@ 0x100000
200010fe:	bd30      	popcc	{r4, r5, pc}
20001100:	f001 4500 	and.w	r5, r1, #2147483648	@ 0x80000000
20001104:	f045 41fe 	orr.w	r1, r5, #2130706432	@ 0x7f000000
20001108:	f441 0170 	orr.w	r1, r1, #15728640	@ 0xf00000
2000110c:	f04f 0000 	mov.w	r0, #0
20001110:	bd30      	pop	{r4, r5, pc}
20001112:	ea7f 5c64 	mvns.w	ip, r4, asr #21
20001116:	bf1a      	itte	ne
20001118:	4619      	movne	r1, r3
2000111a:	4610      	movne	r0, r2
2000111c:	ea7f 5c65 	mvnseq.w	ip, r5, asr #21
20001120:	bf1c      	itt	ne
20001122:	460b      	movne	r3, r1
20001124:	4602      	movne	r2, r0
20001126:	ea50 3401 	orrs.w	r4, r0, r1, lsl #12
2000112a:	bf06      	itte	eq
2000112c:	ea52 3503 	orrseq.w	r5, r2, r3, lsl #12
20001130:	ea91 0f03 	teqeq	r1, r3
20001134:	f441 2100 	orrne.w	r1, r1, #524288	@ 0x80000
20001138:	bd30      	pop	{r4, r5, pc}
2000113a:	bf00      	nop

2000113c <__aeabi_ui2d>:
2000113c:	f090 0f00 	teq	r0, #0
20001140:	bf04      	itt	eq
20001142:	2100      	moveq	r1, #0
20001144:	4770      	bxeq	lr
20001146:	b530      	push	{r4, r5, lr}
20001148:	f44f 6480 	mov.w	r4, #1024	@ 0x400
2000114c:	f104 0432 	add.w	r4, r4, #50	@ 0x32
20001150:	f04f 0500 	mov.w	r5, #0
20001154:	f04f 0100 	mov.w	r1, #0
20001158:	e750      	b.n	20000ffc <__adddf3+0x138>
2000115a:	bf00      	nop

2000115c <__aeabi_i2d>:
2000115c:	f090 0f00 	teq	r0, #0
20001160:	bf04      	itt	eq
20001162:	2100      	moveq	r1, #0
20001164:	4770      	bxeq	lr
20001166:	b530      	push	{r4, r5, lr}
20001168:	f44f 6480 	mov.w	r4, #1024	@ 0x400
2000116c:	f104 0432 	add.w	r4, r4, #50	@ 0x32
20001170:	f010 4500 	ands.w	r5, r0, #2147483648	@ 0x80000000
20001174:	bf48      	it	mi
20001176:	4240      	negmi	r0, r0
20001178:	f04f 0100 	mov.w	r1, #0
2000117c:	e73e      	b.n	20000ffc <__adddf3+0x138>
2000117e:	bf00      	nop

20001180 <__aeabi_f2d>:
20001180:	0042      	lsls	r2, r0, #1
20001182:	ea4f 01e2 	mov.w	r1, r2, asr #3
20001186:	ea4f 0131 	mov.w	r1, r1, rrx
2000118a:	ea4f 7002 	mov.w	r0, r2, lsl #28
2000118e:	bf1f      	itttt	ne
20001190:	f012 437f 	andsne.w	r3, r2, #4278190080	@ 0xff000000
20001194:	f093 4f7f 	teqne	r3, #4278190080	@ 0xff000000
20001198:	f081 5160 	eorne.w	r1, r1, #939524096	@ 0x38000000
2000119c:	4770      	bxne	lr
2000119e:	f032 427f 	bics.w	r2, r2, #4278190080	@ 0xff000000
200011a2:	bf08      	it	eq
200011a4:	4770      	bxeq	lr
200011a6:	f093 4f7f 	teq	r3, #4278190080	@ 0xff000000
200011aa:	bf04      	itt	eq
200011ac:	f441 2100 	orreq.w	r1, r1, #524288	@ 0x80000
200011b0:	4770      	bxeq	lr
200011b2:	b530      	push	{r4, r5, lr}
200011b4:	f44f 7460 	mov.w	r4, #896	@ 0x380
200011b8:	f001 4500 	and.w	r5, r1, #2147483648	@ 0x80000000
200011bc:	f021 4100 	bic.w	r1, r1, #2147483648	@ 0x80000000
200011c0:	e71c      	b.n	20000ffc <__adddf3+0x138>
200011c2:	bf00      	nop

200011c4 <__aeabi_ul2d>:
200011c4:	ea50 0201 	orrs.w	r2, r0, r1
200011c8:	bf08      	it	eq
200011ca:	4770      	bxeq	lr
200011cc:	b530      	push	{r4, r5, lr}
200011ce:	f04f 0500 	mov.w	r5, #0
200011d2:	e00a      	b.n	200011ea <__aeabi_l2d+0x16>

200011d4 <__aeabi_l2d>:
200011d4:	ea50 0201 	orrs.w	r2, r0, r1
200011d8:	bf08      	it	eq
200011da:	4770      	bxeq	lr
200011dc:	b530      	push	{r4, r5, lr}
200011de:	f011 4500 	ands.w	r5, r1, #2147483648	@ 0x80000000
200011e2:	d502      	bpl.n	200011ea <__aeabi_l2d+0x16>
200011e4:	4240      	negs	r0, r0
200011e6:	eb61 0141 	sbc.w	r1, r1, r1, lsl #1
200011ea:	f44f 6480 	mov.w	r4, #1024	@ 0x400
200011ee:	f104 0432 	add.w	r4, r4, #50	@ 0x32
200011f2:	ea5f 5c91 	movs.w	ip, r1, lsr #22
200011f6:	f43f aed8 	beq.w	20000faa <__adddf3+0xe6>
200011fa:	f04f 0203 	mov.w	r2, #3
200011fe:	ea5f 0cdc 	movs.w	ip, ip, lsr #3
20001202:	bf18      	it	ne
20001204:	3203      	addne	r2, #3
20001206:	ea5f 0cdc 	movs.w	ip, ip, lsr #3
2000120a:	bf18      	it	ne
2000120c:	3203      	addne	r2, #3
2000120e:	eb02 02dc 	add.w	r2, r2, ip, lsr #3
20001212:	f1c2 0320 	rsb	r3, r2, #32
20001216:	fa00 fc03 	lsl.w	ip, r0, r3
2000121a:	fa20 f002 	lsr.w	r0, r0, r2
2000121e:	fa01 fe03 	lsl.w	lr, r1, r3
20001222:	ea40 000e 	orr.w	r0, r0, lr
20001226:	fa21 f102 	lsr.w	r1, r1, r2
2000122a:	4414      	add	r4, r2
2000122c:	e6bd      	b.n	20000faa <__adddf3+0xe6>
2000122e:	bf00      	nop

20001230 <__aeabi_uldivmod>:
20001230:	b953      	cbnz	r3, 20001248 <__aeabi_uldivmod+0x18>
20001232:	b94a      	cbnz	r2, 20001248 <__aeabi_uldivmod+0x18>
20001234:	2900      	cmp	r1, #0
20001236:	bf08      	it	eq
20001238:	2800      	cmpeq	r0, #0
2000123a:	bf1c      	itt	ne
2000123c:	f04f 31ff 	movne.w	r1, #4294967295
20001240:	f04f 30ff 	movne.w	r0, #4294967295
20001244:	f000 b9b2 	b.w	200015ac <__aeabi_idiv0>
20001248:	f1ad 0c08 	sub.w	ip, sp, #8
2000124c:	e96d ce04 	strd	ip, lr, [sp, #-16]!
20001250:	f000 f806 	bl	20001260 <__udivmoddi4>
20001254:	f8dd e004 	ldr.w	lr, [sp, #4]
20001258:	e9dd 2302 	ldrd	r2, r3, [sp, #8]
2000125c:	b004      	add	sp, #16
2000125e:	4770      	bx	lr

20001260 <__udivmoddi4>:
20001260:	e92d 4ff0 	stmdb	sp!, {r4, r5, r6, r7, r8, r9, sl, fp, lr}
20001264:	468c      	mov	ip, r1
20001266:	9e09      	ldr	r6, [sp, #36]	@ 0x24
20001268:	4604      	mov	r4, r0
2000126a:	460f      	mov	r7, r1
2000126c:	2b00      	cmp	r3, #0
2000126e:	d148      	bne.n	20001302 <__udivmoddi4+0xa2>
20001270:	428a      	cmp	r2, r1
20001272:	4615      	mov	r5, r2
20001274:	d95e      	bls.n	20001334 <__udivmoddi4+0xd4>
20001276:	fab2 f382 	clz	r3, r2
2000127a:	b13b      	cbz	r3, 2000128c <__udivmoddi4+0x2c>
2000127c:	f1c3 0220 	rsb	r2, r3, #32
20001280:	409f      	lsls	r7, r3
20001282:	409d      	lsls	r5, r3
20001284:	409c      	lsls	r4, r3
20001286:	fa20 f202 	lsr.w	r2, r0, r2
2000128a:	4317      	orrs	r7, r2
2000128c:	ea4f 4e15 	mov.w	lr, r5, lsr #16
20001290:	fa1f fc85 	uxth.w	ip, r5
20001294:	0c22      	lsrs	r2, r4, #16
20001296:	fbb7 f1fe 	udiv	r1, r7, lr
2000129a:	fb0e 7711 	mls	r7, lr, r1, r7
2000129e:	fb01 f00c 	mul.w	r0, r1, ip
200012a2:	ea42 4207 	orr.w	r2, r2, r7, lsl #16
200012a6:	4290      	cmp	r0, r2
200012a8:	d907      	bls.n	200012ba <__udivmoddi4+0x5a>
200012aa:	18aa      	adds	r2, r5, r2
200012ac:	f101 37ff 	add.w	r7, r1, #4294967295
200012b0:	d202      	bcs.n	200012b8 <__udivmoddi4+0x58>
200012b2:	4290      	cmp	r0, r2
200012b4:	f200 8158 	bhi.w	20001568 <__udivmoddi4+0x308>
200012b8:	4639      	mov	r1, r7
200012ba:	1a12      	subs	r2, r2, r0
200012bc:	b2a4      	uxth	r4, r4
200012be:	fbb2 f0fe 	udiv	r0, r2, lr
200012c2:	fb0e 2210 	mls	r2, lr, r0, r2
200012c6:	fb00 fc0c 	mul.w	ip, r0, ip
200012ca:	ea44 4402 	orr.w	r4, r4, r2, lsl #16
200012ce:	45a4      	cmp	ip, r4
200012d0:	d90b      	bls.n	200012ea <__udivmoddi4+0x8a>
200012d2:	192c      	adds	r4, r5, r4
200012d4:	f100 32ff 	add.w	r2, r0, #4294967295
200012d8:	bf2c      	ite	cs
200012da:	2701      	movcs	r7, #1
200012dc:	2700      	movcc	r7, #0
200012de:	45a4      	cmp	ip, r4
200012e0:	d902      	bls.n	200012e8 <__udivmoddi4+0x88>
200012e2:	2f00      	cmp	r7, #0
200012e4:	f000 8143 	beq.w	2000156e <__udivmoddi4+0x30e>
200012e8:	4610      	mov	r0, r2
200012ea:	ea40 4001 	orr.w	r0, r0, r1, lsl #16
200012ee:	eba4 040c 	sub.w	r4, r4, ip
200012f2:	2100      	movs	r1, #0
200012f4:	b11e      	cbz	r6, 200012fe <__udivmoddi4+0x9e>
200012f6:	40dc      	lsrs	r4, r3
200012f8:	2300      	movs	r3, #0
200012fa:	e9c6 4300 	strd	r4, r3, [r6]
200012fe:	e8bd 8ff0 	ldmia.w	sp!, {r4, r5, r6, r7, r8, r9, sl, fp, pc}
20001302:	428b      	cmp	r3, r1
20001304:	d906      	bls.n	20001314 <__udivmoddi4+0xb4>
20001306:	b10e      	cbz	r6, 2000130c <__udivmoddi4+0xac>
20001308:	e9c6 0100 	strd	r0, r1, [r6]
2000130c:	2100      	movs	r1, #0
2000130e:	4608      	mov	r0, r1
20001310:	e8bd 8ff0 	ldmia.w	sp!, {r4, r5, r6, r7, r8, r9, sl, fp, pc}
20001314:	fab3 f183 	clz	r1, r3
20001318:	2900      	cmp	r1, #0
2000131a:	d151      	bne.n	200013c0 <__udivmoddi4+0x160>
2000131c:	4563      	cmp	r3, ip
2000131e:	f0c0 8116 	bcc.w	2000154e <__udivmoddi4+0x2ee>
20001322:	4282      	cmp	r2, r0
20001324:	f240 8113 	bls.w	2000154e <__udivmoddi4+0x2ee>
20001328:	4608      	mov	r0, r1
2000132a:	2e00      	cmp	r6, #0
2000132c:	d0e7      	beq.n	200012fe <__udivmoddi4+0x9e>
2000132e:	e9c6 4700 	strd	r4, r7, [r6]
20001332:	e7e4      	b.n	200012fe <__udivmoddi4+0x9e>
20001334:	2a00      	cmp	r2, #0
20001336:	f000 80af 	beq.w	20001498 <__udivmoddi4+0x238>
2000133a:	fab2 f382 	clz	r3, r2
2000133e:	2b00      	cmp	r3, #0
20001340:	f040 80c2 	bne.w	200014c8 <__udivmoddi4+0x268>
20001344:	1a8a      	subs	r2, r1, r2
20001346:	ea4f 4e15 	mov.w	lr, r5, lsr #16
2000134a:	b2af      	uxth	r7, r5
2000134c:	2101      	movs	r1, #1
2000134e:	0c20      	lsrs	r0, r4, #16
20001350:	fbb2 fcfe 	udiv	ip, r2, lr
20001354:	fb0e 221c 	mls	r2, lr, ip, r2
20001358:	ea40 4202 	orr.w	r2, r0, r2, lsl #16
2000135c:	fb07 f00c 	mul.w	r0, r7, ip
20001360:	4290      	cmp	r0, r2
20001362:	d90e      	bls.n	20001382 <__udivmoddi4+0x122>
20001364:	18aa      	adds	r2, r5, r2
20001366:	f10c 38ff 	add.w	r8, ip, #4294967295
2000136a:	bf2c      	ite	cs
2000136c:	f04f 0901 	movcs.w	r9, #1
20001370:	f04f 0900 	movcc.w	r9, #0
20001374:	4290      	cmp	r0, r2
20001376:	d903      	bls.n	20001380 <__udivmoddi4+0x120>
20001378:	f1b9 0f00 	cmp.w	r9, #0
2000137c:	f000 80f0 	beq.w	20001560 <__udivmoddi4+0x300>
20001380:	46c4      	mov	ip, r8
20001382:	1a12      	subs	r2, r2, r0
20001384:	b2a4      	uxth	r4, r4
20001386:	fbb2 f0fe 	udiv	r0, r2, lr
2000138a:	fb0e 2210 	mls	r2, lr, r0, r2
2000138e:	fb00 f707 	mul.w	r7, r0, r7
20001392:	ea44 4402 	orr.w	r4, r4, r2, lsl #16
20001396:	42a7      	cmp	r7, r4
20001398:	d90e      	bls.n	200013b8 <__udivmoddi4+0x158>
2000139a:	192c      	adds	r4, r5, r4
2000139c:	f100 32ff 	add.w	r2, r0, #4294967295
200013a0:	bf2c      	ite	cs
200013a2:	f04f 0e01 	movcs.w	lr, #1
200013a6:	f04f 0e00 	movcc.w	lr, #0
200013aa:	42a7      	cmp	r7, r4
200013ac:	d903      	bls.n	200013b6 <__udivmoddi4+0x156>
200013ae:	f1be 0f00 	cmp.w	lr, #0
200013b2:	f000 80d2 	beq.w	2000155a <__udivmoddi4+0x2fa>
200013b6:	4610      	mov	r0, r2
200013b8:	1be4      	subs	r4, r4, r7
200013ba:	ea40 400c 	orr.w	r0, r0, ip, lsl #16
200013be:	e799      	b.n	200012f4 <__udivmoddi4+0x94>
200013c0:	f1c1 0520 	rsb	r5, r1, #32
200013c4:	408b      	lsls	r3, r1
200013c6:	fa0c f401 	lsl.w	r4, ip, r1
200013ca:	fa00 f901 	lsl.w	r9, r0, r1
200013ce:	fa22 f705 	lsr.w	r7, r2, r5
200013d2:	fa2c fc05 	lsr.w	ip, ip, r5
200013d6:	408a      	lsls	r2, r1
200013d8:	431f      	orrs	r7, r3
200013da:	fa20 f305 	lsr.w	r3, r0, r5
200013de:	0c38      	lsrs	r0, r7, #16
200013e0:	4323      	orrs	r3, r4
200013e2:	fa1f fe87 	uxth.w	lr, r7
200013e6:	0c1c      	lsrs	r4, r3, #16
200013e8:	fbbc f8f0 	udiv	r8, ip, r0
200013ec:	fb00 cc18 	mls	ip, r0, r8, ip
200013f0:	ea44 440c 	orr.w	r4, r4, ip, lsl #16
200013f4:	fb08 fc0e 	mul.w	ip, r8, lr
200013f8:	45a4      	cmp	ip, r4
200013fa:	d90e      	bls.n	2000141a <__udivmoddi4+0x1ba>
200013fc:	193c      	adds	r4, r7, r4
200013fe:	f108 3aff 	add.w	sl, r8, #4294967295
20001402:	bf2c      	ite	cs
20001404:	f04f 0b01 	movcs.w	fp, #1
20001408:	f04f 0b00 	movcc.w	fp, #0
2000140c:	45a4      	cmp	ip, r4
2000140e:	d903      	bls.n	20001418 <__udivmoddi4+0x1b8>
20001410:	f1bb 0f00 	cmp.w	fp, #0
20001414:	f000 80b8 	beq.w	20001588 <__udivmoddi4+0x328>
20001418:	46d0      	mov	r8, sl
2000141a:	eba4 040c 	sub.w	r4, r4, ip
2000141e:	fa1f fc83 	uxth.w	ip, r3
20001422:	fbb4 f3f0 	udiv	r3, r4, r0
20001426:	fb00 4413 	mls	r4, r0, r3, r4
2000142a:	fb03 fe0e 	mul.w	lr, r3, lr
2000142e:	ea4c 4404 	orr.w	r4, ip, r4, lsl #16
20001432:	45a6      	cmp	lr, r4
20001434:	d90e      	bls.n	20001454 <__udivmoddi4+0x1f4>
20001436:	193c      	adds	r4, r7, r4
20001438:	f103 30ff 	add.w	r0, r3, #4294967295
2000143c:	bf2c      	ite	cs
2000143e:	f04f 0c01 	movcs.w	ip, #1
20001442:	f04f 0c00 	movcc.w	ip, #0
20001446:	45a6      	cmp	lr, r4
20001448:	d903      	bls.n	20001452 <__udivmoddi4+0x1f2>
2000144a:	f1bc 0f00 	cmp.w	ip, #0
2000144e:	f000 809f 	beq.w	20001590 <__udivmoddi4+0x330>
20001452:	4603      	mov	r3, r0
20001454:	ea43 4008 	orr.w	r0, r3, r8, lsl #16
20001458:	eba4 040e 	sub.w	r4, r4, lr
2000145c:	fba0 ec02 	umull	lr, ip, r0, r2
20001460:	4564      	cmp	r4, ip
20001462:	4673      	mov	r3, lr
20001464:	46e0      	mov	r8, ip
20001466:	d302      	bcc.n	2000146e <__udivmoddi4+0x20e>
20001468:	d107      	bne.n	2000147a <__udivmoddi4+0x21a>
2000146a:	45f1      	cmp	r9, lr
2000146c:	d205      	bcs.n	2000147a <__udivmoddi4+0x21a>
2000146e:	ebbe 0302 	subs.w	r3, lr, r2
20001472:	eb6c 0c07 	sbc.w	ip, ip, r7
20001476:	3801      	subs	r0, #1
20001478:	46e0      	mov	r8, ip
2000147a:	b15e      	cbz	r6, 20001494 <__udivmoddi4+0x234>
2000147c:	ebb9 0203 	subs.w	r2, r9, r3
20001480:	eb64 0408 	sbc.w	r4, r4, r8
20001484:	fa04 f505 	lsl.w	r5, r4, r5
20001488:	fa22 f301 	lsr.w	r3, r2, r1
2000148c:	40cc      	lsrs	r4, r1
2000148e:	431d      	orrs	r5, r3
20001490:	e9c6 5400 	strd	r5, r4, [r6]
20001494:	2100      	movs	r1, #0
20001496:	e732      	b.n	200012fe <__udivmoddi4+0x9e>
20001498:	0842      	lsrs	r2, r0, #1
2000149a:	462f      	mov	r7, r5
2000149c:	084b      	lsrs	r3, r1, #1
2000149e:	46ac      	mov	ip, r5
200014a0:	ea42 72c1 	orr.w	r2, r2, r1, lsl #31
200014a4:	46ae      	mov	lr, r5
200014a6:	07c4      	lsls	r4, r0, #31
200014a8:	0c11      	lsrs	r1, r2, #16
200014aa:	b292      	uxth	r2, r2
200014ac:	ea41 4103 	orr.w	r1, r1, r3, lsl #16
200014b0:	ea42 4201 	orr.w	r2, r2, r1, lsl #16
200014b4:	fbb1 f1f5 	udiv	r1, r1, r5
200014b8:	fbb3 f0f5 	udiv	r0, r3, r5
200014bc:	231f      	movs	r3, #31
200014be:	eba2 020c 	sub.w	r2, r2, ip
200014c2:	ea41 4100 	orr.w	r1, r1, r0, lsl #16
200014c6:	e742      	b.n	2000134e <__udivmoddi4+0xee>
200014c8:	409d      	lsls	r5, r3
200014ca:	f1c3 0220 	rsb	r2, r3, #32
200014ce:	4099      	lsls	r1, r3
200014d0:	409c      	lsls	r4, r3
200014d2:	fa2c fc02 	lsr.w	ip, ip, r2
200014d6:	ea4f 4e15 	mov.w	lr, r5, lsr #16
200014da:	fa20 f202 	lsr.w	r2, r0, r2
200014de:	b2af      	uxth	r7, r5
200014e0:	fbbc f8fe 	udiv	r8, ip, lr
200014e4:	430a      	orrs	r2, r1
200014e6:	fb0e cc18 	mls	ip, lr, r8, ip
200014ea:	0c11      	lsrs	r1, r2, #16
200014ec:	ea41 410c 	orr.w	r1, r1, ip, lsl #16
200014f0:	fb08 fc07 	mul.w	ip, r8, r7
200014f4:	458c      	cmp	ip, r1
200014f6:	d950      	bls.n	2000159a <__udivmoddi4+0x33a>
200014f8:	1869      	adds	r1, r5, r1
200014fa:	f108 30ff 	add.w	r0, r8, #4294967295
200014fe:	bf2c      	ite	cs
20001500:	f04f 0901 	movcs.w	r9, #1
20001504:	f04f 0900 	movcc.w	r9, #0
20001508:	458c      	cmp	ip, r1
2000150a:	d902      	bls.n	20001512 <__udivmoddi4+0x2b2>
2000150c:	f1b9 0f00 	cmp.w	r9, #0
20001510:	d030      	beq.n	20001574 <__udivmoddi4+0x314>
20001512:	eba1 010c 	sub.w	r1, r1, ip
20001516:	fbb1 f8fe 	udiv	r8, r1, lr
2000151a:	fb08 fc07 	mul.w	ip, r8, r7
2000151e:	fb0e 1118 	mls	r1, lr, r8, r1
20001522:	b292      	uxth	r2, r2
20001524:	ea42 4201 	orr.w	r2, r2, r1, lsl #16
20001528:	4562      	cmp	r2, ip
2000152a:	d234      	bcs.n	20001596 <__udivmoddi4+0x336>
2000152c:	18aa      	adds	r2, r5, r2
2000152e:	f108 31ff 	add.w	r1, r8, #4294967295
20001532:	bf2c      	ite	cs
20001534:	f04f 0901 	movcs.w	r9, #1
20001538:	f04f 0900 	movcc.w	r9, #0
2000153c:	4562      	cmp	r2, ip
2000153e:	d2be      	bcs.n	200014be <__udivmoddi4+0x25e>
20001540:	f1b9 0f00 	cmp.w	r9, #0
20001544:	d1bb      	bne.n	200014be <__udivmoddi4+0x25e>
20001546:	f1a8 0102 	sub.w	r1, r8, #2
2000154a:	442a      	add	r2, r5
2000154c:	e7b7      	b.n	200014be <__udivmoddi4+0x25e>
2000154e:	1a84      	subs	r4, r0, r2
20001550:	eb6c 0203 	sbc.w	r2, ip, r3
20001554:	2001      	movs	r0, #1
20001556:	4617      	mov	r7, r2
20001558:	e6e7      	b.n	2000132a <__udivmoddi4+0xca>
2000155a:	442c      	add	r4, r5
2000155c:	3802      	subs	r0, #2
2000155e:	e72b      	b.n	200013b8 <__udivmoddi4+0x158>
20001560:	f1ac 0c02 	sub.w	ip, ip, #2
20001564:	442a      	add	r2, r5
20001566:	e70c      	b.n	20001382 <__udivmoddi4+0x122>
20001568:	3902      	subs	r1, #2
2000156a:	442a      	add	r2, r5
2000156c:	e6a5      	b.n	200012ba <__udivmoddi4+0x5a>
2000156e:	442c      	add	r4, r5
20001570:	3802      	subs	r0, #2
20001572:	e6ba      	b.n	200012ea <__udivmoddi4+0x8a>
20001574:	eba5 0c0c 	sub.w	ip, r5, ip
20001578:	f1a8 0002 	sub.w	r0, r8, #2
2000157c:	4461      	add	r1, ip
2000157e:	fbb1 f8fe 	udiv	r8, r1, lr
20001582:	fb08 fc07 	mul.w	ip, r8, r7
20001586:	e7ca      	b.n	2000151e <__udivmoddi4+0x2be>
20001588:	f1a8 0802 	sub.w	r8, r8, #2
2000158c:	443c      	add	r4, r7
2000158e:	e744      	b.n	2000141a <__udivmoddi4+0x1ba>
20001590:	3b02      	subs	r3, #2
20001592:	443c      	add	r4, r7
20001594:	e75e      	b.n	20001454 <__udivmoddi4+0x1f4>
20001596:	4641      	mov	r1, r8
20001598:	e791      	b.n	200014be <__udivmoddi4+0x25e>
2000159a:	eba1 010c 	sub.w	r1, r1, ip
2000159e:	4640      	mov	r0, r8
200015a0:	fbb1 f8fe 	udiv	r8, r1, lr
200015a4:	fb08 fc07 	mul.w	ip, r8, r7
200015a8:	e7b9      	b.n	2000151e <__udivmoddi4+0x2be>
200015aa:	bf00      	nop

200015ac <__aeabi_idiv0>:
200015ac:	4770      	bx	lr
200015ae:	bf00      	nop

200015b0 <__panic_veneer>:
200015b0:	f85f f000 	ldr.w	pc, [pc]	@ 200015b4 <__panic_veneer+0x4>
200015b4:	10001625 	.word	0x10001625

200015b8 <__memset_veneer>:
200015b8:	f85f f000 	ldr.w	pc, [pc]	@ 200015bc <__memset_veneer+0x4>
200015bc:	1000739d 	.word	0x1000739d

200015c0 <__tud_event_hook_cb_veneer>:
200015c0:	f85f f000 	ldr.w	pc, [pc]	@ 200015c4 <__tud_event_hook_cb_veneer+0x4>
200015c4:	1000562d 	.word	0x1000562d

200015c8 <__tu_fifo_write_veneer>:
200015c8:	f85f f000 	ldr.w	pc, [pc]	@ 200015cc <__tu_fifo_write_veneer+0x4>
200015cc:	10007005 	.word	0x10007005

200015d0 <__time_us_64_veneer>:
200015d0:	f85f f000 	ldr.w	pc, [pc]	@ 200015d4 <__time_us_64_veneer+0x4>
200015d4:	10002519 	.word	0x10002519

200015d8 <____errno_veneer>:
200015d8:	f85f f000 	ldr.w	pc, [pc]	@ 200015dc <____errno_veneer+0x4>
200015dc:	10007439 	.word	0x10007439

200015e0 <__best_effort_wfe_or_timeout_veneer>:
200015e0:	f85f f000 	ldr.w	pc, [pc]	@ 200015e4 <__best_effort_wfe_or_timeout_veneer+0x4>
200015e4:	10002411 	.word	0x10002411

200015e8 <striped_spin_lock_num>:
200015e8:	00000010                                ....

200015ec <irq_handler_chain_slots>:
200015ec:	00000000 	.word	0x00000000
200015f0:	00010000 	.word	0x00010000
	...
200015fc:	00020000 	.word	0x00020000
	...
20001608:	00030000 	.word	0x00030000
	...
20001614:	00ff0000 	.word	0x00ff0000
20001618:	00000000 	.word	0x00000000

2000161c <irq_handler_chain_first_slot>:
2000161c:	b501      	push	{r0, lr}
2000161e:	6848      	ldr	r0, [r1, #4]
20001620:	3101      	adds	r1, #1
20001622:	468e      	mov	lr, r1
20001624:	4700      	bx	r0

20001626 <irq_handler_chain_remove_tail>:
20001626:	4670      	mov	r0, lr
20001628:	3809      	subs	r0, #9
2000162a:	4901      	ldr	r1, [pc, #4]	@ (20001630 <irq_handler_chain_remove_tail+0xa>)
2000162c:	4788      	blx	r1
2000162e:	bd01      	pop	{r0, pc}
20001630:	10001a99 	.word	0x10001a99

20001634 <default_alarm_pool>:
	...
20001648:	200017d0                                ... 

2000164c <stdio_usb>:
2000164c:	10004dd1 10004d7d 10004cf5 10004c65     .M..}M...L..eL..
2000165c:	00000000 00000100                       ........

20001664 <_usbd_qdef>:
20001664:	20001cbc 000c0010 00000000 00000000     ... ............
	...

20001680 <_usbd_rhport>:
20001680:	000000ff                                ....

20001684 <_impure_ptr>:
20001684:	20001688                                ... 

20001688 <_impure_data>:
20001688:	00000000 20001958 200019c0 20001a28     ....X.. ... (.. 
	...
20001720:	00000001 00000000 abcd330e e66d1234     .........3..4.m.
20001730:	0005deec 0000000b 00000000 00000000     ................
	...

200017c8 <print_mutex>:
	...
