:020000041000EA
:10000000002008205D0100101B0100101D010010E0
:100010001101001011010010110100101101001058
:100020001901001019010010190100101F01001022
:10003000110100101901001021010010230100100E
:100040001101001011010010110100101101001028
:100050001101001011010010110100101101001018
:100060001101001011010010110100101101001008
:1000700011010010110100101101001011010010F8
:1000800011010010110100101101001011010010E8
:1000900011010010110100101101001011010010D8
:1000A00011010010110100101101001011010010C8
:1000B00011010010110100101101001011010010B8
:1000C00011010010110100101101001011010010A8
:1000D0001101001011010010110100101101001098
:1000E0001101001011010010110100101101001088
:1000F0001101001011010010110100101101001078
:100100001101001011010010110100101101001067
:10011000EFF30580103800BE00BE00BE00BE00BE7A
:1001200000BE00BEF2EB8871748200109482001051
:10013000A001001090A31AE7D3DEFFFF42012110B7
:10014000FF0100001C980000793512AB4FF0000051
:100150001E49086006C881F3088810474FF05040D8
:10016000006810B14FF00000F2E70DA40ECC00299A
:1001700002D000F012F8F9E71549164A002000E015
:1001800001C19142FCD11449884714498847144958
:10019000884700BEFDE701C901C29A42FBD3704700
:1001A0009482001010010020D017002054990010F4
:1001B00000000820000008205499001000100820BA
:1001C00000100820000000007047000008ED00E06B
:1001D000D017002030250020914600103502001075
:1001E00089460010F8B500BF064B0749C91A8910A7
:1001F00048BF0131491003D0044B0BB101481847E7
:10020000704700BFD0170020D0170020000000006A
:1002100008B5054B1BB105490548AFF30080BDE8A3
:100220000840FFF7E1BF00BF00000000C02400202D
:1002300040760010F0B591B004F052FB00F0A0F849
:1002400001F04CF844F20820434B444A444901F081
:1002500047F802E0642002F06DF804F013FF002874
:10026000F8D04FF4FA7002F065F800263D4D3E4F8D
:100270003E4804F0F7FB41F2F3103D4B3D4A3E4946
:1002800001F02EF8002404F073FB0A2804F10103A6
:1002900018D00D280CBF012200222A7015D02C285E
:1002A000F1D004F140021F2B6A44ECD8202808BF8B
:1002B0005F2002F8200C1C4604F05AFB0A2804F1C7
:1002C0000103E6D12B78002B3BD16C4401A884F8C4
:1002D000206000F05DFB0028CAD0284804F0C2FB73
:1002E000002404F045FB0A2804F1010318D00D286E
:1002F0000CBF012200222A7014D02C28F1D004F166
:1003000040021F2B6A44ECD8202808BF5F2002F867
:10031000200C1C4604F02CFB0A2804F10103E6D152
:100320002B7883B96C4484F82060BDF82030632BAF
:100330009ED09DF8203043B108A901A800F004FE2A
:10034000CBE72E709FE72E70CBE797E8030008906D
:10035000ADF82410F0E700BF40760010587600108A
:10036000647600102B250020047700106C760010B6
:1003700090760010A8760010C8780010B4760010AF
:1003800008B506F079FF1F211A2001F0E5F80022D8
:100390001A20114601F0FEF800211A2001F00EF992
:1003A000034B044A1B6803F47043136008BD00BF8D
:1003B00000000A4000100A4004210B4B0B4A196050
:1003C0001368DB05FCD55368DFED096A9BB207EEC5
:1003D000903AF8EEE77A9FED077A67EEA67AC7EED5
:1003E000877A17EE900A704700200A4000000A4002
:1003F0003333534000F07F45F0B5002585B08DF8CC
:100400000D102A215BBAADF80E30030A2C468DF888
:100410000C5063F3070560F30F25130A63F31745C8
:1004200062F31F6514278DF80710029544EC4070A5
:10043000112544EC405001220DF107011E4807F040
:10044000D7F84FF0010646EC405046EC407044ECC3
:100450004050042202A9184807F0CAF846EC405060
:100460002B238DF8073044EC407044EC40500122BF
:100470000DF10701104807F0BBF846EC405046EC80
:10048000407044EC4050042203A90B4807F0B0F838
:1004900046EC40502C238DF8073044EC407044EC7F
:1004A000405001220DF10701034807F0A1F846EC86
:1004B000405005B0F0BD00BF0000084070B51E46BA
:1004C000831890B0B3F5A07FBDF850C04BDC144644
:1004D000013A024492B28B19F02B3FDC731E0B449D
:1004E0009BB200254FEA1C2E6EF307055FFA8CFCC9
:1004F0006CF30F256EF317456CF31F65CDE90055BE
:10050000CDE90255CDE90455CDE90655CDE90855AB
:10051000CDE90A55CDE90C55CDE90E55FFF76CFF35
:1005200014234FF0010242EC403011234FF000023F
:1005300042EC403006FB04F4202C254628BF202541
:1005400069460C486A0007F053F8641BF4D1112384
:100550004FF0010242EC403010B070BDC1F1F00626
:10056000EF23B6B2BDE7C0F5A07440F23F12A4B2CB
:10057000B1E700BF000008402DE9F04702274FF027
:100580000109804C96B08049204606F08DFE7F4BD5
:1005900062685F6023687E4E7E4D83F007033A40B9
:1005A00003F0CF03336001216A60122000F0D4FF12
:1005B0000121132000F0D0FF774B02AE0FCB86E86D
:1005C0000F0006AD56F8047B4FF00104384601F0E9
:1005D00005F844EC4470B542F4D1112644EC406077
:1005E0001623002747EC40304FF0150A44EC40A09A
:1005F0000A2001F09FFE47EC40A00A2001F09AFE7D
:1006000044EC40A0782001F095FE8DF818904FF052
:10061000140947EC409047EC4060012229465948B4
:1006200006F0E6FF44EC4060962001F083FE8DF872
:10063000186047EC409047EC406001222946514841
:1006400006F0D6FF44EC4060782001F073FE55239D
:100650008DF8063060238DF807303A238DF8183076
:1006600047EC409047EC406001222946454806F09F
:10067000BFFF44EC406044EC409047EC40600122F6
:100680000DF106013F4806F0B3FF44EC406036230D
:100690008DF8183047EC409047EC40600122294625
:1006A000384806F0A5FF44EC406044EC409047EC2D
:1006B000406001220DF10701324806F099FF44EC39
:1006C000406021238DF8183047EC409047EC4060A3
:1006D000012229462B4806F08BFF44EC406013238F
:1006E0008DF8183047EC409047EC406001222946D5
:1006F000244806F07DFF44EC40600A2001F01AFE19
:10070000EF2340F23F1239463846CDE90677CDE96E
:100710000877CDE90A77CDE90C77CDE90E77CDE9F9
:100720001077CDE91277CDE91477FFF765FE44EC39
:10073000409047EC40604FF416644022294611482F
:1007400006F056FF013CF8D111274FF0010646ECA8
:100750004070292214238DF8182044EC403044ECDA
:10076000407001222946074806F042FF46EC4070DF
:100770000A2001F0DFFD162346EC403016B0BDE83C
:10078000F08700BF00000840005A620200300840B5
:100790000010084000200840EC7F001070B4B0F555
:1007A000A07FBDF80C6007D2EF2905D822B11BB19C
:1007B000039670BCFFF782BE70BC7047844610B5CC
:1007C00000244FEA1C2E21465FFA8CFC20466EF373
:1007D00007046CF30F246EF3174490B06CF31F649E
:1007E000EF2340F23F12CDE90044CDE90244CDE9C8
:1007F0000444CDE90644CDE90844CDE90A44CDE9F5
:100800000C44CDE90E44FFF7F7FD14234FF001022D
:1008100042EC403011234FF0000242EC40304FF4E4
:10082000166440226946064806F0E2FE013CF8D113
:1008300011234FF0010242EC403010B010BD00BF58
:10084000000008402DE9F04F1E46137889B0BDF82E
:1008500048A0BDF84C900391002B00F0828006EB7D
:10086000860505449046ADB2AB4607464D4606EBBD
:10087000460252000792CDF81080203BDAB25E2A81
:1008800088BF9B23384A98BF03EB830313445A1E47
:1008900003F10409CDF814B04B4693460697B7F51B
:1008A000A07F0BF1010B32D28EB39BF800905C4617
:1008B000BB464F4602934FF00009DDF80C8047FA23
:1008C00009F111F0010F0CBFAC46D446B8F1EF0F9F
:1008D00007D83346324641465846CDF800C0FFF7A8
:1008E000EDFD09F10109B044B9F1070F1FFA88F8CD
:1008F000E5D1029B06EB0B009C421FFA80FB0AD05D
:10090000BBF5A07F14F8017FD5D35F46A3463744DB
:100910005B45BFB2C3D1DDE905B7BBF5A07F14D2FB
:100920009EB1039907248846B8F1EF0F06D83346E5
:100930003246414658460095FFF7C0FD013CB044A1
:10094000A4B21FFA88F8002CEED1049A12F8013FE5
:100950000492079A17449344BFB21FFA8BFB002BF3
:100960008BD109B0BDE8F08F107E001010B50C4699
:1009700006F0DEFD30B100EB40004000013810FB16
:1009800004F080B210BD00BFC0EBC00080B2704761
:100990002DE9F04F2DED0A8B80469DB0DA4804F02A
:1009A00061F8DA4804F05EF8D94804F05BF80324F3
:1009B0002346D84A08210CA803F022FE2146D64837
:1009C00004F0D0F84CF28030D44BD5490CAA00F09A
:1009D00087FC4FF47A7001F0ADFC013CE8D1D148BE
:1009E00004F040F841F2F310CF4BD04ACC4900F06C
:1009F00077FC0824DFEDCE8AFFF7DEFC07EE900AD5
:100A0000013C78EEA78AF7D101F086FDB4EE00AA8A
:100A1000DFEDC79A68EE8A8A9FEDC6BADFEDC6AAF7
:100A20000646B0EE699A0F4608259FEDC18AFFF78A
:100A3000C3FC07EE900A013D38EE278AF7D168EE35
:100A40008B8A28EE0A8A013407EE904AE8EE2A8A59
:100A5000F8EEE76A78EEC97A87EEA67A42F210736A
:100A60004FF0FF316FF0004239EE079AF31847F16B
:100A7000000799421E4672EB07033CBF0E4617461D
:100A800038EEC97A30463946E7EE879A01F0F4FB32
:100A9000B4F5FA7FC8D19FEDA97AC9EE877AF5EE51
:100AA000407AF1EE10FA88ED009A00F11C82B1EE66
:100AB000E78A18EE100A06F073FD06460F4688ED29
:100AC000018A19EE100A06F06BFD9FED99CA0246E5
:100AD0000B46CDE900679A4804F044F8DFED95AA8B
:100AE0009FED95AAF0EE4CBAB0EE4CBA08F1100AA0
:100AF000032405F101094B464021924A0CA80094B9
:100B000003F07EFD10214B468F4A009408A803F0A5
:100B100077FD0CA803F0A6FF23467E4A082106A80D
:100B200003F06EFD21467C4804F01CF84CF2803046
:100B3000864908AB06AA00F0D3FB4FF47A7001F0A7
:100B4000F9FB013CE8D1824803F08CFF4CF28200B3
:100B5000804A7F4908AB00F0C3FB0827DFED748AA9
:100B6000FFF72AFC07EE900A013F78EEA78AF7D13B
:100B700001F0D2FCF4EE009A9FED6D9A68EEA98A1E
:100B800006468B4608249FED6A8AFFF715FC07EEA0
:100B9000900A013C38EE278AF7D168EEAA8A28EE3F
:100BA000298A0137012FE8EE0A8A00F01B81B4EE92
:100BB000E89A42F21073F1EE10FA4FF0FF316FF045
:100BC000004248BFB0EE689AF3184BF1000B99420F
:100BD0001E4672EB0B033CBF0E4693463046594609
:100BE00001F04AFBB7F5967FCCD18AED009A19EE59
:100BF000100A06F0D5FC02460B46574803F0B2FF38
:100C00003BEE09BA002D00F00481F4EEC9BAF1EE12
:100C100010FAB4EEC9CA79FE2BBAF1EE10FA58BF39
:100C2000B0EE4C9AB9F1030F40F0F580B0EE087ABF
:100C3000CBEE077AC8ED027A17EE900A06F0B0FC08
:100C400002460B46454803F08DFFDFED457AB4EED2
:100C5000E79AF1EE10FA00F32381D8ED027A98EDCD
:100C6000007AF6EE006A37EEC77AB4EEE67AF1EE75
:100C700010FA00F1ED8000260127F5EEC07AF1EEC2
:100C800010FA40F3F38039EE6B9A9FED367A89EED5
:100C9000278A28EE078A18EE100A06F081FC024621
:100CA0000B46314803F05EFFF3EE047AB4EEE78AB8
:100CB000F1EE10FA06DD2D4803F0D4FE2C4B002E89
:100CC00008BF1E46D8ED016AB0EE087AD8ED007A6A
:100CD000E6EE877AC8ED037A17EE900A06F060FC1C
:100CE00002460B46234803F03DFFD8F8000006F00B
:100CF00057FC0446D8F80C000D4606F051FCCDE92F
:100D00000401D8F8080037E0587700107877001011
:100D1000B4770010E8770010EC770010F877001037
:100D20000C780010147800102C7800104478001013
:100D300000000000CDCC4C3FCDCC4C3E0000FA432F
:100D40005478001080780010B4780010C478001037
:100D5000D0780010DC780010E878001024790010BA
:100D6000CDCC4C400000C842D0790010007A001071
:100D700040770010447A001006F012FCCDE9020121
:100D8000D8F8040006F00CFC2246CDE900012B4601
:100D90005A4803F0E7FE002F7ED0D8ED027A98ED96
:100DA000007AF4EEC77AF1EE10FA65D917EE900AE0
:100DB00006F0F6FB04460D46514A1821CDE90045E0
:100DC0000CA803F01DFC002E7DD033464CF2803081
:100DD0004C490CAA00F084FA01201DB0BDEC0A8B2E
:100DE000BDE8F08F42F210734FF0FF316FF0004218
:100DF000F3184BF1000B99421E4672EB0B033CBFFC
:100E00000E4693463046594601F036FAB0EE689ADF
:100E1000B8E6F0EE49BA3C4803F024FE0524234628
:100E200008213A4A06A803F0EBFB41F20640384B92
:100E3000384906AA00F054FA4FF47A7001F07AFAB1
:100E4000013CECD14D46B0EE49CA0AF1040A4FE626
:100E5000314803F007FED8ED027AF5EEC07AF1EEE4
:100E600010FA4FF000072D4E3FF70DAF0022002380
:100E70002B4803F077FE25E72A4803F073FE4CF277
:100E80008200294B294A2A4900F02AFA00201DB085
:100E9000BDEC0A8BBDE8F08F264803F0E3FD7CE74C
:100EA000254803F0DFFDD8ED027A98ED007AF6EEE2
:100EB000006A37EEC77AB4EEE67AF1EE10FA0AD499
:100EC00000271E4ED9E641F206401D4B1D490CAAD3
:100ED00000F006FA80E7104803F0C4FD0027D8EDC3
:100EE000027A164EC9E617EE900A06F075FB08EE78
:100EF000100A06F055FB06460F46E0E5587A00104A
:100F0000307B00103C7B0010F87800100079001056
:100F1000047900101C79001048790010287700101F
:100F2000D0790010B47A0010007B0010187B0010FC
:100F3000287B0010747A0010907900100C77001054
:100F4000447B00105C7B00102DE9F04F82462DEDB4
:100F50000A8B0C46DAED007A9AED02BAA1B0A448E9
:100F60003BEE67BA0F9103F0FDFD204600F08AFAD0
:100F70004FF00808DFED9F8AFFF71EFA07EE900A90
:100F8000B8F1010878EEA78AF6D1F4EE007A68EE9F
:100F9000A78A01F0C1FA0023CDE910010446002020
:100FA00009EE103A0AEE903A0BEE903A0D460A938B
:100FB00003F098FC20F0200051289FED8FAADFED70
:100FC0008F9ADFED8FCA9FED8FCAC146C3468E4F01
:100FD00036D008269FED878AFFF7EEF907EE900AD4
:100FE000013E38EE278AF7D1F4EE007A68EE8A8A5D
:100FF00028EE278A07FB09F3844AE8EE298AB2EB38
:10100000730F80F0918042F210734FF0FF316FF058
:101010000042E31845F1000599421C4672EB0503B6
:101020003CBF0C4615462046294601F025F9002014
:1010300003F058FC20F02000512809F10109C8D123
:101040000A9C44F6206003F04DFC0230F9D1B8F15F
:10105000000F00F0BD8007EE908AB8EE678A204648
:1010600006F09EFACAEE887ACDE90A0117EE900AD8
:1010700006F096FA804619EE100A894606F090FAB4
:1010800007EE90BAF8EE677A9FED5D7AC7EE886A50
:1010900066EE877A044617EE900A0D4606F080FA4F
:1010A000DDE90A2306460F46DDF83CB0CDE90245EE
:1010B0005946CDE90089CDE90467554803F052FD52
:1010C000DAF8080006F06CFACDE90801DAF8000059
:1010D00006F066FADDE90A23CDE90601CDE90467E9
:1010E0005946CDE90245CDE900894A4803F03AFD69
:1010F0001821CDE90089484A12A803F081FA20217D
:10110000CDE90267CDE90045444A18A803F078FA12
:1011100041F2F310424918AB12AA00F0E1F821B0F5
:10112000BDEC0A8BBDE8F08FDAED007A78EEE77A55
:1011300087EE8B8A28EE2C8A9AED037AB5EEC08A68
:10114000F1EE10FAB4EEE87A48BFB0EE6B8AF1EE39
:1011500010FA4CBF0126002601F0DEF9109B08F1C1
:101160000108C01A119BB34461EB030101F008FEB2
:1011700007EE900AC7EE8C7A17EE900ACDED0A7A48
:1011800006F00EFA02460B4618EE100ACDE90C23C3
:10119000049606F005FACDE9020118EE900A06F071
:1011A000FFF9DDE90C23CDE900010F991D4803F09B
:1011B000D9FCB4EEC89AF1EE10FA314618EE100AD6
:1011C0007AEE88AA48BFB0EE489A00F009F91AE70B
:1011D000154803F047FC44F208204246134B1449DB
:1011E00021B0BDEC0A8BBDE8F04F00F079B800BF2C
:1011F000687B001000000000CDCC4C3FCDCC4C3EB5
:101200000000C84200247449CDCCCCCC99999919DE
:10121000D07B0010247C00104C7C00105C7C001003
:101220007C7C0010987B0010B47B0010447B001085
:10123000C87B0010F0B583B0002837D04CF282078D
:101240003C234FF4A072B42100200097FFF7A6FAC8
:101250000420FFF799FBC0F13C067608B4361D4D1B
:10126000B6B2042421462846FFF780FBB0F5967FEE
:1012700004F1FF3302D9DCB2012CF3D12146284618
:10128000FFF774FB23464FF6FF74B0F5A07F34BF21
:10129000C0F5A07000202A46314638BFC0F34F0089
:1012A00001970094FFF7CEFA03B0F0BD44F208278F
:1012B0003C234FF4A072B4210097FFF76FFA04208B
:1012C000FFF762FBC0F13C067608B436024DB6B2B9
:1012D000C7E700BF887C00101C790010FFF74CB9ED
:1012E0002DE9F0410E4682B0804615461F46FFF7B5
:1012F00065FA2EB3062421463046FFF737FBB0F5DA
:10130000967F04F1FF3302D9DCB2012CF3D12146E0
:101310003046FFF72BFB4FF6FF71B0F5A07F38BFCB
:10132000C0F5A070009128BF0020234632464FF040
:10133000320138BFC0F34F00CDF80480FFF782FAC6
:101340002DB3042421462846FFF710FBB0F5967F05
:1013500004F1FF3302D9DCB2012CF3D12146284637
:10136000FFF704FB4FF6FF71B0F5A07F38BFC0F563
:10137000A070009128BF002023462A464FF0870125
:1013800038BFC0F34F00CDF80480FFF75BFA0FB30E
:1013900002213846FFF7EAFA0346B3F5967F8CBF81
:1013A0000124022438462146FFF7E0FA4FF6FF7584
:1013B000B0F5A07F34BFC0F5A070002023463A46A8
:1013C0004FF0B90138BFC0F34F00CDF8048000954D
:1013D000FFF738FA02B0BDE8F08100BF000000005E
:1013E00007EE100ADFED247AB4EEE77AF1EE10FA98
:1013F00030B50D4685B037DC06F0D2F8CDE90001F6
:1014000008211E4A0DEB010003F0FAF807242146DB
:1014100002A8FFF7ABFAB0F5967F04F1FF3302D9CB
:10142000DCB2012CF3D1214602A8FFF79FFA234634
:1014300000214FF6FF74B0F5A07FCDE9004138BF21
:10144000C0F5A0700E4C2CBF0020C0F34F00462109
:1014500002AAFFF7F7F92378AB4203D02846FFF73B
:10146000E9FE257005B030BD01A1D1E90001C5E755
:1014700000000040333F8F409AF97944907C00107F
:101480002A250020F0B5044683B00020FFF796F926
:1014900003212046FFF76AFAB0F5967F55D902215D
:1014A0002046FFF763FAB0F5967F8CBF012602262F
:1014B00031462046FFF75AFA00254FF6FF77B0F580
:1014C000A07F3CBFC0F5A07CCCF34F003346224642
:1014D00028BF0020CDE900750A21FFF7B3F90720E6
:1014E000FFF752FA022104461948FFF73FFA034674
:1014F000B3F5967F8CBF0126022615483146FFF7CB
:1015000035FAB0F5A07F28BF28464FF6FF774FF099
:10151000000504F14E0438BFC0F5A070A4B2214606
:1015200038BFC0F34F003346094ACDE90075FFF7D5
:1015300089F9084B28461D70FFF77CFE29460020DC
:1015400003B0BDE8F040FFF74BBF0326B0E700BF94
:10155000987C00102A25002010B44FF480740C4BA6
:1015600053F8202003EB8003C00082F0400200F11A
:10157000804003F5805C02F0C00200F5203003F5E6
:101580004053CCF8002041601C605DF8044B70476C
:101590000480034010B4084CC90041EA820154F8A9
:1015A000202004EB8003514003F5805301F00C012F
:1015B0005DF8044B1960704704800340064B4022DD
:1015C00003EB800319B103F500531A60704703F56C
:1015D00040531A60704700BF0480034030B44FF09E
:1015E000000343EC440043EC400005254FF48074B5
:1015F0000B4BC20053F8201003EB800081F0400138
:1016000002F1804303F5203301F0C00200F5805160
:1016100000F540500A605D60046030BC704700BF58
:10162000048003400FB400B583B0049C074803F066
:1016300019FA3CB105A92046019103F00BF80448C2
:1016400003F010FA012003F01DF800BFA07C001089
:10165000B07C001070B58646EFF3108572B6124C60
:10166000D4E8CF6F0120002EFAD1C4E8460F002E37
:10167000F6D1BFF35F8F4FF0010CC80801F00703EC
:101680000CFA03F31EF800C01CEA030608D14CEA6A
:10169000030C0EF800C0C4E88F6F85F3108870BD8E
:1016A0001046FFF7BFFF00BF3F1C0020F8B5EFF367
:1016B000108772B61C4ED6E8CF5F0124002DFAD1F8
:1016C000C6E8454F002DF6D1BFF35F8F9A421BD875
:1016D000012502E00132934222D3D40810F804E03D
:1016E00002F0070C05FA0CFC1EEA0C0FF2D14EEAD0
:1016F0000C0E00F804E010460023C6E88F3F87F385
:101700001088984207DBF8BD0023C6E88F3F87F3B7
:1017100010884FF0FF300029F5D00698FFF782FFC0
:101720004FF0FF30E8E700BF3F1C0020044A10786C
:10173000431CDBB2182B28BF10231370704700BF67
:10174000E815002010B5054C82B001461F23182271
:1017500000940348FFF7AAFF02B010BDB47C00104C
:10176000502000204FF0E022936843F00053936034
:10177000704700BF0021044B03F12002C3E88F1F14
:1017800001339342FAD17047341C00204FF0E0231C
:101790004FF08032C3F80024C3F80424C3F80824AF
:1017A000C3F80C24C3F81024C3F81424C3F8182475
:1017B000C3F81C24C3F82024C3F82424C3F8282425
:1017C000C3F82C24C3F8302462B67047012300F01C
:1017D0001F029340400941B1800000F1604000F5D4
:1017E0006140C0F8803103607047024A203042F8FF
:1017F0002030704700E100E00123064A410952F819
:10180000212000F01F0003FA00F01040003818BF3C
:101810000120704700E100E001224309034900F084
:101820001F008240403341F82320704700E100E070
:10183000054A10309268054B52F82000C01A2F2834
:101840008CBF00200120704700ED00E0EC15002067
:10185000F8B50D46EFF3108772B6124ED6E8CF2FCB
:101860000123002AFAD1C6E8423F002AF6D1BFF38D
:101870005F8F0D4B00F110049B680C4A53F8243025
:10188000934203D0994201D001F002F8064B9B68C5
:1018900043F82450BFF35F8F0023C6E88F3F87F3E0
:1018A0001088F8BD3D1C002000ED00E01101001083
:1018B0002DE9F04F81468B46164683B0EFF3108337
:1018C00072B6DFF8D0A10093DAE8CF1F0123002918
:1018D000FAD1CAE8413F0029F6D1BFF35F8F664BCA
:1018E00093F90040002CC0F2A080644D04EB440743
:1018F00005EB870898F8061009F110091970604B7C
:10190000BF009B6853F829006300411B2F292FD982
:101910005C49884240F0A4801C445B4B02372F4452
:10192000043BDB1BC3F34A036FEAC3434FF421417B
:101930006FEAD34325F8241005EB840463804BF64B
:101940000153A380FF2348F00100E671C4F808B0FA
:10195000A3714B4B9B6843F82900BFF35F8F0023B3
:10196000CAE88F3F009B83F3108803B0BDE8F08F77
:1019700020F0010E9EF80710B1422ED84FF42143FB
:10198000EB53414BB91C2944043B04375B1A2F44E9
:10199000AEF10401C91BC1F34A043C49C3F34A0335
:1019A0000B432143A8F804103949A8F802304AF63D
:1019B000AA2073465B1B5B415843000D88F8076003
:1019C00088F80600C8F808B048F00100CEF800100A
:1019D000BFE7D179B1422ED996469EF906C00CEBED
:1019E0004C02BCF1000F05EB8202F2DA4BF601511A
:1019F0000EF10402A8F10407BF1AC7F34A076FEA01
:101A0000C7476FEAD7478EF8064003EB0408204C1F
:101A100005EB8803AEF8047045F82840998083F8F8
:101A200006C0DE71C3F808B093E700F031FF124B37
:101A300093F9004059E7724632F8041F490514D45F
:101A40004915023102EB410101916FF00701C91BF9
:101A5000019F491B3944C1F34A0141F46041C9E780
:101A6000019300F015FF019B56E701F5FF1101F509
:101A7000FF511F31E4E700BF28250020EC150020AE
:101A800000ED00E0110100101C16002000E0FFFF37
:101A9000014880473D1C0020F0B5EFF30585EDB20D
:101AA000EFF3108C72B62649D1E8CF2F0123002A1C
:101AB000FAD1C1E8423F002AF6D1BFF35F8F214E31
:101AC00040F0010EB4684AF6AA2354F825701E4A65
:101AD0000446A41A644163431B0D77455BB21BD0D7
:101AE00092F906409C421CD092F912409C4223D0AD
:101AF00092F91E409C4221D092F92A409C4208BF94
:101B000003240FD0114A0024157813708571C1E8A1
:101B10008F4F8CF31088F0BDB2680D4C42F8254011
:101B2000F0E7002404EB440402EB8402FF249471E8
:101B30004BF601549480E5E70124F3E70224F1E732
:101B40003D1C002000ED00E0EC15002028250020C1
:101B50001101001010B5074C82B001460523002288
:101B600000940548FFF7A2FD0028A8BFC0F133008C
:101B700002B010BDD07C00102E250020014B0B447C
:101B800003607047341C002070B5104C104DAC42FF
:101B90000ED2FF26236863B1FFF7C8FD0146204639
:101BA000FFF7ECFFA680BFF35F8F0834AC42F1D3A0
:101BB00070BDFFF7BBFD01462046FFF7DFFF267132
:101BC000BFF35F8F0834AC42E4D370BDC817002068
:101BD000D017002010B50446FFF7A8FD01462046A7
:101BE000FFF7CCFFFF232371BFF35F8F10BD00BF52
:101BF00010B504460120FFF7A5FD034B0344236005
:101C0000BFF35F8F10BD00BF341C0020024B0B449C
:101C10000360BFF35F8F7047341C00200D4B1A68C0
:101C2000EFF3108172B6D2E8CFCF0120BCF1000FE4
:101C3000F9D1C2E84C0FBCF1000FF4D1BFF35F8FB4
:101C400000221B68C3E88F2F81F3108840BF00205B
:101C500000217047082500202DE9F04F2DED028B63
:101C600085B0EFF30583DBB2103B9A0818BF012261
:101C70004FF0010103F0030B18BFAF4DAF4B08BF8E
:101C8000AF4D0BEB820253F8226001FA0BF205F51F
:101C900041539FEDA78B01925A602FE0B3881C043B
:101CA00040F19380B379002B40F0DD80B6F9082035
:101CB000002AC0F21E81736902EB420203EBC203E9
:101CC000D3E90247B7F1FF3F08BFB4F1FF3F0ED0A1
:101CD00005EB8B01AB6A0A69D21AE31A934205D36A
:101CE00001232A6A03FA0BF3134200D10C61284640
:101CF00000F00AFCA042B941C0F2FB80B6F90830FE
:101D0000019A002B0093EA63C8DBD6F8148003EB3A
:101D10004309284608EBC907D7E9024A00F0F4FB5B
:101D2000A04271EB0A01B9DBBAF1000FC0F2C38027
:101D3000D7E90431834A934200F0ED807A88B6F9FE
:101D4000080092B242EA0040984702460B4652EA27
:101D5000030100F0B080002B80F2D180B4EB020EC2
:101D60006AEB030A38F93930C7E902EA002B95DB40
:101D7000716903EB430201EBC202D2E90270BE4576
:101D80007AEB000C4FEA430288DBB4462CF8083F9C
:101D900006E003EB430001EBC0005A00D0E90270FB
:101DA000BE451A447AEB000001EBC20404DB31F9B2
:101DB0003230A446002BECDA28F83930009BACF81E
:101DC0000030B3881C043FF56DAF3369EFF3108228
:101DD00072B6D3E8CF0F01210028FAD1C3E8401F23
:101DE0000028F6D1BFF35F8F4FF6FF74B088002351
:101DF000316900B2B480C1E88F3F82F31088984205
:101E0000FFF650AF0746A946746906F1080807EBCC
:101E1000470E04EBCE03D3E90250B6F90830C446AE
:101E2000002B13DBB246009704E034F936309446B9
:101E3000002B09DB03EB430604EBC602D2E9027177
:101E4000BD4270EB0101F0DA5646009FACF800701D
:101E500034F93E7024F83E30002FD8DAB3794D467D
:101E6000002B3FF423AF0023B371B6F9083006F11D
:101E70000808581C3DD01A46776903E08046591C73
:101E80003FF416AF03EB430107EBC100B0F802C00B
:101E90001C461CF4004F9E4637F93130EED0944278
:101EA00080ED028B05D0A8F80030328927F8312068
:101EB00034817246E3E738F8393033813369EFF320
:101EC000108272B6D3E8CF0F01210028FAD1C3E8FF
:101ED000401F0028F6D1BFF35F8F7388316928F85F
:101EE0003930009B73800023C1E88F3F82F3108854
:101EF000D4E640BF05B0BDEC028BBDE8F08F2846AC
:101F0000CDE9022300F000FB029A039B10EB020EC6
:101F100043EB010A26E708460B690291984700281F
:101F2000C9D00299D1E9002311E700BFAFF30080C7
:101F3000FFFFFFFFFFFFFFFF00800B40E0240020BA
:101F400000000B40591C00102DE9F84F364C256954
:101F50002DB1BDE8F84F0A213448FFF70FBEDFF876
:101F6000E4800321404600F0BDFA0326C4F80C804B
:101F7000FFF7DCFB4FF0504C2D4B267003442361E0
:101F8000DCF800300F216370636961801D834FF0BE
:101F90000405A3F878504FF00505A3F890504FF0D2
:101FA0000605A3F8A8504FF007050E214FF6FF7263
:101FB00008274FF00A0EA3F8C0504FF001094FF068
:101FC0000C0C4FF0020B4FF0090A0D204FF00B05DF
:101FD000A3F868111749A280A3F808E1A160A3F84B
:101FE00048B0A3F8F0A0A3F82051A3F838C1A3F893
:101FF0005001A3F83090A3F86060A3F8D8701A805D
:102000000D4B3046C8F820700C49DC60FFF720FC0F
:1020100049463046FFF7DAFB094B0A211F640348A3
:10202000BDE8F84FFFF7AABD3416002008250020B0
:10203000341C0020FFFF1000E0240020591C001079
:1020400000200B4000000B40004870473416002071
:10205000F8B59DF82050044617461E4635B900F0E5
:102060005BFA874266EB010100295CDB2169EFF333
:10207000108372B6D1E8CF0F01220028FAD1C1E84F
:10208000402F0028F6D1BFF35F8FB4F902206569B5
:1020900002EB4201002A4FEAC10C206905EBC101A5
:1020A00039DB35F80CE0A4F802E04FF0000EC0E890
:1020B0008FEF83F310884888069B0130C0F30E0031
:1020C000012838BF01200B61079B48804B61C1E9A3
:1020D000027640EA02402369EFF3108172B6D3E83A
:1020E000CF7F0126002FFAD1C3E8476F002FF6D12A
:1020F000BFF35F8FA38825F80C30A2802369C3E863
:102100008FEF81F310880122E368217803F50153F2
:102110008A405A60F8BD0022C0E88F2F83F31088F0
:102120004FF0FF30F8BD2846F8BD00BF0146F0B5BE
:102130000069EFF3108772B6D0E8CF5F0124002D5D
:10214000FAD1C0E8454F002DF6D1BFF35F8FB1F94A
:1021500002E04C690EEB4E0CBEF1000F4FEACC05CD
:10216000086904EBCC0C3CDB665B4E800026C0E8C3
:102170008F6F87F31088BCF80200CCE9022301308E
:10218000C0F30E00012838BF0120059BACF8020007
:10219000CCF81030069B40EA0E40CCF814300B69A6
:1021A000EFF3108272B6D3E8CFCF0127BCF1000F56
:1021B000F9D1C3E84C7FBCF1000FF4D1BFF35F8FBE
:1021C0008B886353A1F804E00B69C3E88F6F82F337
:1021D00010880122CB68097803F501538A405A60C0
:1021E000F0BD0023C0E88F3F87F310884FF0FF3029
:1021F000F0BD00BF03464089B0EB214F37DD586981
:102200000A1402EB420210B500EBC2001C69EFF3A6
:10221000108C72B6D4E8CFEF0122BEF1000FF9D1D5
:10222000C4E84E2FBEF1000FF4D1BFF35F8F428898
:1022300089B292B28A4207D000221B69C3E88F2F6D
:102240008CF31088002010BD42F40042428001212E
:10225000002218699971C0E88F2F8CF310881C78C0
:10226000DA68084602F50153A140596010BD00200C
:10227000704700BF407870472DE9F041851F41F15C
:10228000FF37A84271EB070338BF002582B038BF83
:102290002F4604460E4600F03FF9281A67EB010C62
:1022A00001287CF1000C06DA2046314602B0BDE878
:1022B000F04100F069B900F02FF9854267EB0101A8
:1022C00000290ADB0021174B2A46009316483B469B
:1022D0000191FFF72BFF0130E6D04FF0000C134ABD
:1022E0001349536A9F4204D8906AA842DCD29F42A5
:1022F000DAD10B68EFF3108072B6D3E8CF8F5FF0BE
:10230000010EB8F1000FF8D1C3E848EFB8F1000FA3
:10231000F3D1BFF35F8F0B68C3E88FCF80F31088D2
:1023200020BFDEE71D1C00103416002000000B400B
:10233000082500202DE9F04182B0064600F0ECF8B7
:102340004FF47A7304464FF0FF306FF00042E6FB23
:102350000341A04272EB01033ABF044615460D4605
:10236000A61F45F1FF37B44275EB07033CBF0026BB
:10237000374600F0D1F8301A67EB0101012871F1FE
:10238000000106DA2046294602B0BDE8F04100F01F
:10239000FBB800F0C1F8864267EB010100290ADBB7
:1023A0000021174B3246009316483B460191FFF738
:1023B000BDFE0130E6D04FF0000C134A1349536ABA
:1023C0009F4204D8906AB042DCD29F42DAD10B68B7
:1023D000EFF3108072B6D3E8CF8F5FF0010EB8F143
:1023E000000FF8D1C3E848EFB8F1000FF3D1BFF305
:1023F0005F8F0B68C3E88FCF80F3108820BFDEE7C4
:102400001D1C00103416002000000B400825002081
:102410002DE9F04306460D4683B0EFF30584E4B2A0
:102420003CB12D4B5A6AAA421CD2002003B0BDE831
:10243000F0832A4FD7F80C9097F80080484600F0B8
:1024400063F808F1040859F828301B1A301A65EBB4
:102450000101984271F1000110DB20BF1E4B5A6A46
:10246000AA42E2D314BF012400249B6AB34234BFC2
:10247000204644F0010003B0BDE8F08300F04CF8C2
:10248000864265EB0101002914DB154B3846CDE986
:10249000003432462B46FFF749FE011E0ADD0E4B83
:1024A0005A6AAA4216D39B6AB34211D30B48FFF76C
:1024B000A1FEB6E7084B5C6AAC42B6D3641B18BFFA
:1024C00001249B6AB34234BF204644F00100ADE7CB
:1024D000AA42EBD120BFE9E700000B4034160020F0
:1024E0001D1C001010B4054B054C064AA04214BF39
:1024F0001846581C5DF8044BFFF7ACB85420002078
:1025000000800B40EC7C00100346416A0A46986A42
:10251000596A8A42FAD17047034B596A0A46986A47
:10252000596A9142FAD1704700000B4030B4154A05
:10253000536A9C46946A536A6345FAD10219594119
:102540004FF0000528BF01250E4B5B6AB5B15A1C40
:1025500008BF1A4608D04FF0FF310A460948436ABF
:102560008B42FCD38B4207D1064902E0486A98426D
:1025700002D1886A9042F9D330BC70479942EDD8B5
:10258000F0E700BF00000B40074A536A9942FCD8AD
:10259000994207D1044B02E05A6A914202D19A6AE9
:1025A0009042F9D8704700BF00000B4000EB400C90
:1025B0004FEA8C0C0CF1804C0CF5803CF0B51646C3
:1025C000DCF80420051FB2F5803F38BF4FF480329D
:1025D000EDB238BFCCF80420012D2AD94FF40067A2
:1025E000254C0CF54052176054F82020B2B9DCF8A5
:1025F0000020012D82EA461202F0E0020CF580561E
:1026000032602AD94FF4006144F820304FF480330F
:102610000CF500521160CCF80430F0BD6769B7FBCF
:10262000F2FE0EF1010E0EEB4E0EBEF1030EFCD2C9
:10263000DDE70129D2D103240CF540521460DCF807
:102640000820D207FBD5DCF800200B4C82EA4612AA
:1026500002F0E0020CF5805632600122DCF80050F6
:102660004D4005F00305356002FA01F1DCF8082061
:102670000A42FBD0C6E700BF58200020014B53F8A8
:10268000200070475820002070B4039D04682D037B
:1026900045EA03451B4B002CB3FBF1F3B2FBF3F609
:1026A0001FDB194A194B904214BF4FF480424FF47C
:1026B0000042174C1A6003F580531A60A36832EA8F
:1026C0000303FBD1212200F54053043301608660EF
:1026D0001A600268002AFCDA0822C5601A6070BC21
:1026E0007047036803F03F038B42DAD18368C3F37A
:1026F0000B03B342D5D1C36803F4EE23AB42D0D170
:10270000EDE700BF001BB70000800540002002403D
:102710000000024030B44FF080441C4B1C60E0B11C
:102720001B4CA3F54053DC611A4C40F001004440BF
:102730001C62596298624FF080454FF0E061134B84
:102740001548164C1D60846019604AB930BC4FF0C2
:102750000042A3F580531A607047114BD861EAE735
:102760004FF47A7303FB02F2B2F1807F2ABF6FF05D
:102770007F4313461A464FF080410A4C08482360B5
:10278000094B426030BC1960704700BF00B00D407B
:10279000D3C007B02D3FF84F00A00140F3FFFF0169
:1027A00000800D40B824002000A00D40012300EB64
:1027B0004000800000F1804000F58410416003601B
:1027C000704700BF002370B5DB8A04460D46002227
:1027D00042E800F2520254BF1021042144F2522078
:1027E000984786462B462246F446BDE870400A21AB
:1027F0004FF48170604700BF0023DB8A002242E86B
:1028000000F2520201D4102118470421184700BFDA
:1028100008B503460846191E02DB1AB140F0300025
:10282000FFF7D0FF40F02000FAE700BF034AD2F8DC
:102830002838002BFBD0BFF35F8F704700000E409D
:102840000021044B044ABFF35F8F43F8041B9342FB
:10285000F9D170470C080E402C080E4010B44FF40C
:102860008D704FF42A64064A064B07491460D06005
:1028700019605368002BFCDA5DF8044B704700BF09
:102880000080044000A0044000B0FA00704700BF80
:1028900008B50148FEF7C6FE107D001038B5054C9E
:1028A000054DAC4204D254F8043B9847AC42FAD3ED
:1028B00038BD00BFF87500103876001010B4074816
:1028C000074C084B084A094904601A608B6832EAD1
:1028D0000303FBD15DF8044B704700BF00200240AA
:1028E0007F3BEFEF00300240F6FFF30300000240B1
:1028F000044BDB6CB3F5004F03D14FF48022024B45
:10290000DA64704700001150002011504FF0E022AF
:10291000044BD2F8881D0B43C2F8883D10EE3004FA
:10292000704700BF030330006FF06041044B054A5D
:1029300019609368DB4333F06043FAD1704700BFFE
:10294000003002400000024010B545F25320FFF76E
:1029500053FFBDE8104003460420184710B545F268
:102960005320FFF749FFBDE81040034601201847F8
:10297000FEF700BF1449154B70B55C1AA610442E23
:10298000324628BF4422124D9200284604F05AFDD8
:10299000B4F5867F13D80F4AC6F1440012D02B1924
:1029A000410803EBC101C3E9002208338B42FAD18D
:1029B000C30704D520F00100304445F82020064B21
:1029C0009D6070BD4320F8E700000010100100106A
:1029D000000000201101001000ED00E0002370B5A0
:1029E0002B4C82B0C4F88430FFF738FF0122294B0A
:1029F000DA63636C012BFCD10321264A244B11635B
:102A00009C6B012CFCD10226052521460523224A78
:102A100022480096FFF738FE21462B46204A2148DF
:102A20000095FFF731FE0022042031461E4BFFF7D0
:102A3000BDFD2146284600221C4BFFF7B7FD0022B2
:102A4000082011461A4BFFF7B1FD0022092011465C
:102A5000174BFFF7ABFD002206201146134BFFF783
:102A6000A5FD0022114B07201146FFF79FFD042012
:102A7000FFF704FE00240F4BA3FB0035AD0CE0B2C2
:102A800029460134FFF792FE062CF8D102B070BD42
:102A90000000014000300140002F6859000005404F
:102AA000008C864700800540001BB70080D1F008ED
:102AB000006CDC0283DE1B4386B003B451FC0804C7
:102AC000CDE9020151FC0904CDE9040151EC0A04ED
:102AD000CDE9060103BCF047BDE800504EEC00C450
:102AE000BDE800504EEC01C4BDE800504EEC02C4FD
:102AF00000BD000000B5FFF7DFFF02E010FE30F47C
:102B0000F8D441EC100443EC112400EE010410EE63
:102B1000010480EE200451EC1004704700B5FFF76B
:102B2000CBFF02E010FE30F4F8D441EC100443EC8B
:102B3000112400EE010410EE210480EE200451EC7B
:102B40003004704700B5FFF7B7FF02E010FE30F425
:102B5000F8D410B541EC100443EC112451EC0404FA
:102B600053EC0524A0FB024C5FF0000EE0FB03CE0B
:102B7000E1FB02CE4CEC20440024E1FB03E444ECF6
:102B800030E480EE200451EC5004BDE81040704762
:102B900000B5FFF791FF02E010FE30F4F8D441ECED
:102BA000100443EC112451EC2104A0FB01126FEA44
:102BB000820252FB100052FB12F252FB1000A0EBFB
:102BC000D07C53EC04245CFB13F153EC1524A1FBE3
:102BD000022001FB030053EC4424A2EB000050FB55
:102BE0001CF24FEA111312EB017043EBE27140EA61
:102BF000515020EA915020F0070053EC7524A0FBBF
:102C0000023C53EC752400FB03CC01FB02CC53ECDB
:102C10000424ACEB824C40EA5C70A0F1010041EC72
:102C2000400480EE200451EC7004704700B5FFF7BB
:102C300043FF02E010FE30F4F8D440EC700400EEE4
:102C4000010410EE210480EE200451EC30047047A2
:102C500000B5FFF731FF02E010FE30F4F8D440EC8D
:102C6000600400EE010410EE210480EE200451EC1B
:102C70003004704700B5FFF71FFF02E010FE30F48C
:102C8000F8D441EC800400EE010410EE010480EE63
:102C9000400410EE1304704700B5FFF70DFF02E08B
:102CA00010FE30F4F8D441EC800400EE010410EE84
:102CB000010480EE400410EE3304704700B5FFF7C6
:102CC000FBFE02E010FE30F4F8D441EC100443ECBB
:102CD000112400EE010410EE3004C0F300707047C0
:102CE00000B5FFF7E9FE02E010FE30F4F8D443EC43
:102CF000102441EC110400EE010410EE30F48CBFFE
:102D000001200020704700BF00B5FFF7D5FE02E0AC
:102D100010FE30F4F8D443EC102441EC110400EE22
:102D2000010410EE30F42CBF01200020704700BFDA
:102D300000B5FFF7C1FE02E010FE30F4F8D441EC1C
:102D4000100443EC112400EE010410EE30F42CBF0B
:102D500001200020704700BF00B5FFF7ADFE02E084
:102D600010FE30F4F8D441EC100443EC112400EED2
:102D7000010410EE30F48CBF01200020704700BF2A
:102D80000022002980F2A980404261EB4101B1B3E9
:102D9000B1FA81F3083B16D4994010FA03FCC3F151
:102DA000200320FA03F040EA0100A2EB0302C2F183
:102DB00095021CEB0C0C40EBC25040F0004020D0C0
:102DC000FE2A16D2704703F1210311FA03FC5CEAD4
:102DD000000CC3F1210321FA03F0A3EB020202F17C
:102DE000B50240EBC25040F000400AD0FE2A38BF86
:102DF00070474FF00040A8BFCFF680707047114673
:102E00000AE028BF20F00100FE2A38BF7047F0E733
:102E1000002880F233804042B0FA80F3083B0CD4A3
:102E2000984001EB0302C2F1950200EBC25040F062
:102E30000040FE2A38BF704713E003F1210310FA67
:102E400003FCC3F1210320FA03F0A3EB010202F11A
:102E5000950240EBC25040F0004008D0FE2A38BF37
:102E600070474FF00040A8BF40F0FF40704728BFB8
:102E700020F00100FE2A38BF7047F2E720B3B0FA15
:102E800080F3083B0AD4984001EB0302C2F195029B
:102E900000EBC250FE2A38BF704711E003F1210356
:102EA00010FA03FCC3F1210320FA03F0A3EB0102A3
:102EB00002F1950240EBC25007D0FE2A38BF70479E
:102EC000ACBF4FF0FF400020704728BF20F001004A
:102ED000FE2A38BF7047F3E7002289B3B1FA81F3C5
:102EE000083B14D4994010FA03FCC3F1200320FAE4
:102EF00003F040EA0100A2EB0302C2F195021CEBD1
:102F00000C0C40EBC2501ED0FE2A14D2704703F1C5
:102F1000210311FA03FC5CEA000CC3F1210321FA3E
:102F200003F0A3EB020202F1B50240EBC2500AD05B
:102F3000FE2A38BF7047ACBF4FF0FF4000207047FB
:102F40001146FFF79BBF28BF20F00100FE2A38BFC3
:102F50007047F0E79A4238BF88547047704700BF07
:102F60002DE9F04F83B09946DDE90DAB0F9B884604
:102F700011469A07074616D1DA453AD20C460D4655
:102F8000ABEB0A060E4422464B4641462020013454
:102F9000B847B442F7D12946BAF1000F08D120460C
:102FA00003B0BDE8F08F0C46BAF1000F10D00E460A
:102FB00055460C9B2E449A440191721B4B46013D91
:102FC00041461AF8010D3446B847002DF5D1019954
:102FD0000F9B9B07E3D5651AAB45E0D922464B46CC
:102FE000414620200135B8475D4504F10104F5D381
:102FF000D5E70C46BAF1000FD9D1D0E72DE9F04F53
:103000000F9FDDF8248017F0020F0A9C9DF82CA07A
:103010000E9DDDE90C9644D1F5BBB44241D207F0D8
:10302000010B04F1FF3C4FF0300EC44404E00134C6
:10303000A6420CF801EF01D9202CF8D1BBF1000F0A
:1030400000F08880A5422CD904F1FF3C4FF0300EEF
:10305000C44404E00134AC420CF801EF21D0202C30
:10306000F8D117F0100F0ED017F4806F54D1A6428C
:1030700063D0A54261D0B9F1100F50D0B9F1020F61
:1030800056D0202C29D12024CDE90B57CDE9098435
:10309000BDE8F04FFFF764BF17F0010B34D1B44225
:1030A000BFD317F0100F1ED017F4806FE3D1002CA0
:1030B000DDD1B9F1100F63D0B9F1020F77D0302410
:1030C00088F800400124BAF1000F11D17E0748D5DD
:1030D0002B2608F804600134D6E7264601344FF069
:1030E000300C08F806C0202CCDD0BAF1000FEDD07E
:1030F0002D2608F804600134CDE90B57CDE9098489
:10310000BDE8F04FFFF72CBFBAF1000F30D0B4424A
:1031100005F1FF3585D395E7B9F1100FB3D1BE06A0
:103120003BD5202CAFD0582608F804600134A8E71E
:10313000202CA8D02646013407E0661EB9D0B9F18C
:10314000100F36D0B9F1020FC9D14FF0620C08F858
:1031500006C096E717F0100FC5D017F4806F86D021
:1031600089E73E0790D5202608F8046001348BE7F4
:1031700017F00C0F00D0013DB442FFF452AF61E7ED
:10318000BC0612D4782488F80040302488F8014026
:103190000224BAF1000F99D0AAE7202C3FF473AFB4
:1031A000782608F8046001346BE75824EBE76224C2
:1031B000E9E717F0200FA4F1020C04D04FF0580EED
:1031C00008F80CE08BE74FF0780E08F80CE086E783
:1031D00000B9704701F004BC10B1D1E900311847C3
:1031E000704700BF000000002DE9F04F97B09DED43
:1031F000207BDDE9225B0746884651EC170B249CB7
:1032000099460C920B4602468DED047B0794FFF71E
:1032100059FD002840F0F481DDE904014FF0FF3250
:103220006FF48013FFF760FD002840F01B81DDE99B
:1032300004014FF0FF32AC4BFFF792FD002840F045
:10324000EE80DDE90401A4A3D3E90023FFF788FDA4
:10325000002840F0D380DDE90401A1A3D3E90023D5
:10326000FFF742FD002840F0C980DDE9040100229B
:103270000023FFF739FD002840F0E88023460D9039
:1032800013F4806F08BF062530212B460EAAA5F146
:10329000200605E0013BB34202F8011B00F09381D8
:1032A000092BF7D81E46ED1ADDE90401FFF7E6FC0D
:1032B0008E4B044603EBC60393ED007B8DED087B3C
:1032C000FFF7B8FC02460B46DDE90401FFF72AFCD4
:1032D000DDE90823FFF73AFC02460B46CDE90A2355
:1032E000FFF7DEFC8246FFF7B7FC02460B46DDE93E
:1032F0000A01FFF717FC02460B46CDE90A2300221C
:103300007B4BFFF72DFD002800F0FE800AF1010A3B
:103310005046FFF7A1FC02460B46DDE90801FFF726
:10332000F7FC10B14FF0000A0134002E00F0FD80D0
:10333000681E0EABDFF8CCC118440FE0ACFB0A21CD
:10334000C90801EB8102AAEB42023032BAF1090F3F
:1033500000F8012F40F21C818A461D46202D05F100
:10336000010306F1FF36E9D12025691E0EAB614845
:10337000194410E080FB0462C3EBA20303EB830259
:10338000A4EB420404F1300201351C4601F8012F80
:10339000002B00F0EB80202D4FEAE473EAD1079B6D
:1033A00003F00303012B18D1BBF1000F15D00D9BC7
:1033B000002B00F00A810BF1FF3BBBF1200F0CD971
:1033C0006B1E0EA930220B4405E001355D4503F864
:1033D000012F80F0D180202DF7D1079B0EACCDE9D5
:1033E00002B341464B4638460C9A01950094FFF7CC
:1033F000B7FD8246504617B0BDE8F08F079B9DEDA4
:10340000047BCDE923B341464B4638460C9A8DEDFB
:10341000207B229517B0BDE8F04F00F045B9610759
:1034200023464CBF042303234146219338464B4691
:10343000079A48BF304CCDE922B258BF2F4C0C9AA6
:10344000209417B0BDE8F04FFFF78ABDDDE90423F3
:1034500000200021FFF766FB0123CDE904010D9355
:1034600023460DE723469C0740F0AA80BBF1040FDA
:1034700040F2A6800C9B1D461C1F04EB0B0A2A463B
:103480004B46414620200135B847AA45F7D155465D
:103490001B4C261F14F8010D2A464B464146B847DF
:1034A000B44205F10105F5D1079B0AF1040A98071A
:1034B000A0D50C9CAAEB04039B459BD952464B46D6
:1034C000414620200AF1010AB847AAEB04035B45F4
:1034D000F4D38FE7AFF300800000000065CDCD414D
:1034E0000000000065CDCDC1FFFFEF7F60800010C0
:1034F0000000E03F676666665C7D0010647D00103A
:10350000707D0010CDCCCCCC0022DDE90A01634BEC
:10351000FFF7EAFB00287FF408AFBAF1000F6AD189
:103520000AF1010A002E7FF403AF2046FFF782FB69
:1035300002460B46DDE90401FFF7F4FA02460B46AA
:10354000CDE904230022554BFFF7CEFB00287FF482
:103550000CAFDDE904010022504BFFF701FC00280D
:103560007FF403AF013424F00104FEE6079B03F06F
:103570000303012B00F08280202D3FF42EAF0D9B22
:103580007BB32D220DEB050383F83820013524E7AA
:10359000202B3FF4E9AE0EAA15441E44302204E06D
:1035A000202B05F8012F3FF4DFAE9E4203F101030B
:1035B000F6D12E220DEB060383F83820751CD4E6D5
:1035C000DDF830A063E720256EE6079B13F00C0FB3
:1035D00050D00BF1FF3BAB453FF6F2AE202D3FF450
:1035E000FCAE079B5A0701D52B22CBE71B077FF5C3
:1035F000F4AE2022C6E71AF0010F3FF496AE8FE733
:10360000A60734D1BBF1030F31D90C9B1D46DC1E3C
:1036100004EB0B0A2A464B46414620200135B847A9
:103620005545F7D155461E4CE61E14F8010D2A46A5
:103630004B464146B847A64205F10105F5D1079B27
:103640000AF1030A9D077FF5D5AE0C9CAAEB040393
:103650009B457FF6CFAE52464B46414620200AF1AD
:10366000010AB847AAEB04039B45F4D8C2E6DDF88B
:1036700030A0D7E7AB453FF6A3AEAEE6BBF1000FF7
:103680003FF47AAF0D9B002B9FD00BF1FF3B5D45C4
:10369000FFF496AE202D7FF474AF9EE60000E03F6D
:1036A0006B7D0010000000002DE9F04F9FB02A9EB6
:1036B000DDE92845074693460891099322462B46A3
:1036C000204629460E96DDE92BA6FFF7FBFA0028D7
:1036D00040F0BE80204629464FF0FF32784BFFF77E
:1036E0003FFB002840F0B480204629464FF0FF32CF
:1036F0006FF48013FFF7F8FA002840F0A980204605
:10370000294600220023FFF7EFFA002840F0D58178
:10371000CDE90A45DDE90A239046994606F40062A0
:1037200016F480630F92139340F0A18058EA0903C6
:1037300040F0CA80002A40F0E38106230E9316F081
:103740000202109240F0D4815346042B38BF042368
:103750000C920422043B12920F9320462946002229
:103760000023FFF7C1FA002840F0F3819DED0A7BAA
:103770000F9B5A4603930E9B8DED007B029326F41C
:10378000006304933846099B0899FFF72DFD024614
:1037900016F0200F099B08990CBF6520452002F107
:1037A0000108B8470C9A129B16AC5D1E82EAE273C0
:1037B000A3EBE273D10F002622469946DFF804C13D
:1037C00001E0202E10D0CE46ACFB0930C00800EB43
:1037D0008003A9EB43033033BEF1090F814606F1A4
:1037E000010602F8013BECD80523002006930A23CA
:1037F00005950094099D089C4246CDE90330CDE92A
:1038000001612B4621463846FFF7F8FB109A8046A7
:10381000D2B1A0EB0B06B24516D90BEB06022B4634
:10382000214620200136B847B245F6D80BF1FF33C8
:103830005344CBF10102A3EB08034244924538BF45
:10384000002308F10108984440461FB0BDE8F08FFE
:103850005A463846CDE92845CDE92BA60E9C099B52
:1038600008992A941FB0BDE8F04FFFF7BDBC58EA95
:1038700009032BD1002A3FF462AF00230C930E9B67
:103880000C9A934200F3B9814FF000082046294674
:1038900000220023FFF728FA002840F013819DED55
:1038A0000A7B26F4006646F480668DED287B5A4636
:1038B0003846CDE92A8A099B08992C96D2E700BFA1
:1038C000FFFFEF7FCDCCCCCC06230E93C9F30A507B
:1038D000A0F2FF30FFF7AEF9C1A3D3E90023FFF751
:1038E00035F9C1A3D3E90023FFF708F9C9F3130998
:1038F000CDE90C0149F07F5140460022B24B41F422
:103900004011FFF70FF9A4A3D3E90023FFF71EF935
:1039100002460B46DDE90C01FFF7F0F8FFF7AEF9C0
:103920000C90FFF787F99EA3D3E9002380468946D0
:10393000FFF70CF90022A54BFFF7E0F8FFF79EF91F
:10394000034649464046129397A3D3E90023FFF765
:10395000FDF8804612988946FFF76CF994A3D3E9E5
:103960000023FFF7F3F802460B4640464946FFF7AF
:10397000D9F802460B4680468946FFF7E7F84246EB
:103980004B46CDE9100140464946FFF7B7F8002203
:10399000CDE91401DDE910018D4BFFF7FDF80022A0
:1039A0008C4BFFF7ABF802460B46DDE91001FFF741
:1039B000F3F80022884BFFF7A1F802460B46DDE939
:1039C0001001FFF7E9F842464B4680468946002041
:1039D0004FF08041FFF7A6F802460B4640464946A5
:1039E000FFF78CF802460B46DDE91401FFF7D4F827
:1039F00000227A4BFFF782F8129B002203F2FF3C71
:103A00004FEA0C53FFF7A2F880468946DDE90A0128
:103A100042464B46FFF768F950B10C9B4046013BCC
:103A200049460C9300226B4BFFF7B6F88046894657
:103A30000C9A43466332C62A06F0020210924946A7
:103A40000F9A2CD8002A5ED0042212920B433FF426
:103A500016AFDDE90A0158A3D3E90023FFF76CF99B
:103A600048B1DDE90A0156A3D3E90023FFF73CF989
:103A700000287FF404AF0E9B002B50D0139A002A2D
:103A80007DD0013B0E93129B9A4505D9109B002BCC
:103A900000F0AE800223109300230F9344E022BB7A
:103AA000BAF1050F4FD906F00203002B49D10523C7
:103AB0001293AAF105030F933AE005F100430A942B
:103AC0000B9327E626F4006646F4806638462C966B
:103AD000DDE90A67344607F100455A46CDE92A8AEE
:103AE000CDE92845099B0899BCE605221292ADE76D
:103AF00000230222CDE90F3204220C9312922CE60D
:103B00004FF00508C2E6BAF1040F1FD9109B002B35
:103B100078D104231293AAF104030F9304E0129BBB
:103B20009A4531D80E9B0F930C9B002B3FF415AE9A
:103B3000DDE90A0142464B46FFF72EF8CDE90A01BE
:103B40000BE60223109305231293F1E7042312934B
:103B5000EAE7DDE90A45A0460F9B05F1004903931A
:103B60000E9B5A46029326F4006304933846CDE92F
:103B70000089099B0899FFF737FB024608E6129B6C
:103B80009A4544D80F92CFE7109B8BB30E9B0F93AF
:103B900002231093C8E700BF61436F63A787D23F3A
:103BA00071A379094F930A401655B5BBB16B02401A
:103BB000EF39FAFE422EE63F2D431CEBE2361A3F68
:103BC0000000000080842E410000F83F0000E03F2C
:103BD00000002C4000002440000018400000F03F8E
:103BE000FB799F501344D33FB3C8608B288AC63FEC
:103BF000129BAAEB03030F9396E7A3EB020808F1CD
:103C0000FF3843E604231293022310938CE7109BA2
:103C1000002BEDD002230F92109385E72DE9F04F92
:103C20009BB0249C954D0A94954CB1F1000A18BFA5
:103C3000834625601878934C914608BFA3460993A4
:103C4000002800F093824FF000080AE042464B46FD
:103C5000514608F10108D847099B1878002800F060
:103C6000CE80099B252803F101030993EED11C4660
:103C70000023224612F8010BA0F1200110290AD8D6
:103C8000DFE801F04009093C090909090909093877
:103C9000093409093000A0F130010929099440F2E2
:103CA0008A802A2800F0F08000252E2800F09680D7
:103CB0000026A0F1680112292DD8DFE811F0490192
:103CC0002C0043012C0038012C002C002C002C006F
:103CD0002C002C002C0027002C002C002C002C0089
:103CE0002C002700144643F00103C2E7144643F0BA
:103CF0000203BEE7144643F00403BAE7144643F058
:103D00001003B6E7144643F00803B2E70999487870
:103D100043F480730132672809927ED8242840F248
:103D2000C180A0F12502422A00F2BC80DFE812F037
:103D30005001BA00BA00BA00BA00BA00BA00BA001C
:103D4000BA00BA00BA00BA00BA00BA00BA00BA00A3
:103D5000BA00BA00BA00BA00BA00BA00BA00BA0093
:103D6000BA00BA00BA00BA00BA00BA00BA00BA0083
:103D7000190137011901BA00BA00BA00BA00BA0035
:103D8000BA00BA00BA00BA00BA00BA00BA00BA0063
:103D9000BA00BA00BA00BC01BA00BA00BA00BA0050
:103DA000BA00BA00BA00BA00BA00BC015801BC019E
:103DB000190137011901002500E0013205EB8505E5
:103DC00000EB45051078303DA0F130010929F4D908
:103DD0002E28099202F101027FF46AAF099943F497
:103DE000806348781146A0F13006092E40F2218107
:103DF0002A2800F02F8109920026013259E7444613
:103E0000C14501D809F1FF384B46424651460020D2
:103E1000D84720461BB0BDE8F08FA0F16902D2B2AE
:103E20000F2A3FD8012149F241079140394040F023
:103E3000F3800A2A3DD0072A34D10A9D55F8042B75
:103E4000002A00F0138143F0210012AB1F460B93B0
:103E500003E0202900F014811A4602F00F042346E3
:103E6000092C94BF303337330F2A07F8013B01F197
:103E700001014FEA1213ECD802E100BF1D3C001013
:103E8000B42400205D2F00100A99099851F8045BB2
:103E90004078002DCDE90921BCBF43F002036D42FB
:103EA000013202E742464B46514608F10108D84725
:103EB000D2E60A99002E51F8047B18BF32463878B2
:103EC00008BF4FF0FF32002800F07B83BC18A446E7
:103ED0003A4604E012F8014F002C00F03F8194456F
:103EE000F8D16446E41B5A0540F12281B44228BF50
:103EF000344613F0020300F088820223CDE90A5110
:103F000042461D46464408E04B465146D84717F8FE
:103F1000010F08F1010810B142464645F4D12B4685
:103F20000B990A9D002B40F041810A9194E6099972
:103F300048786C287FF4ECAE0A46887843F44073E6
:103F40000332E8E6099943F4007348780132E2E667
:103F500009994878682800F0038143F08003013212
:103F6000D9E6672800F0D980472800F0DC80452892
:103F700000F0DB80CDE903530A9B0296073323F060
:103F800007031C464246F4E802674B465146584632
:103F9000CDE900670A94FFF787FB80465CE6462878
:103FA00008BF43F02003CDE903530A9B0296073371
:103FB00023F007031C464246F4E802674B4651468D
:103FC0005846CDE900670A94FFF70EF9804643E6AC
:103FD00042464B465146252008F10108D8473BE6AA
:103FE0000A9A990702F1040408F1010640F1C6801B
:103FF00010784B4642465146D847012D88BFA84409
:1040000040F2BD8132464B46514620200136D8470A
:104010004645F7D10A941FE66F2800F0818040F2F0
:104020004882782800F090810A2723F01003BC46CC
:1040300041E0002606EB860600EB4600A0F13006C4
:1040400011F8010FA0F13002092AF3D90A460991AB
:1040500001322EE6DDE9092151F8046B9078023235
:1040600009920A91013226EAE67622E623F0100050
:1040700013F4806240F021003FF4E7AE12AB0B93E3
:104080000B9B0690009308231020059300234246C3
:10409000CDE9023001914B46514658460496FEF751
:1040A000ADFF0A958046D7E5582862D0622840F0D7
:1040B0008F800227BC4613F4806000F0DD8023F07F
:1040C0000D0313F4007240F081810A990F1D13F45F
:1040D000807140F037825C060A9A40F13B81127889
:1040E000002A40F04E8123F01003002800F049819F
:1040F000114612AA0B92CDE90553CDE903C60191F1
:104100000B9B4246009300235146029358464B4670
:10411000FEF774FF0A9780469EE543F4006329E7A3
:104120000827BC46C7E743F4006343F0200321E7B8
:1041300013F0020300F08E8102230A951E460D46FD
:1041400042464B465146D84717F8010F08F101087F
:104150000028F5D1294633460A9DE3E6D41BC2E682
:104160000A46887843F0C0030332D4E5044680460B
:1041700046E6102743F02003BC469CE7012D40F2A1
:10418000F880464608F1FF372F4432464B465146E9
:1041900020200136D847BE42F7D10A9B3246187814
:1041A00051464B46D847A8440A9455E54646A54291
:1041B0007FF6BBAEA844A8EB04080C4632464B463B
:1041C000514620200136D8474645F7D12146ACE676
:1041D00013F4806200F0BB804FF4806223F0110C76
:1041E0001CF400770A9B4AD11CF4807003F104048C
:1041F00040F034811CF0400F40F0A3801CF0800F91
:1042000000F0D381B3F9001081EAE177A7EBE17701
:10421000BFB2CB0F002900F056813A4612A90F46D3
:10422000DFF8D8E30B910A930C9501E020280FD01A
:104230001546AEFB0213DB0803EB8301A2EB410141
:104240003031092D1A4600F1010007F8011BEDD8A5
:104250000A9B0C9DCDE9055CCDE9010304960B9BFF
:10426000424600930A235146039358464B46FEF7B5
:10427000C5FE0A948046EFE423F00C0321E70733E0
:1042800023F00703194608465B6850F8081BDF0F48
:104290000A9051EA030062D1002A40F09F81134640
:1042A000114612AACDE90C7500201546CDE90E681D
:1042B000DFF848E30B9201E020282DD05A1842F194
:1042C0000002AEFB027828F0030707EB9807D21B29
:1042D0001E469B1A61F100070C464FF0CC3101FBE2
:1042E00003F10EFB0711A3FB0E731944052307F01E
:1042F0000108A8FB03389B180A2E03F130034FEA8C
:10430000570774F1000405F8013B00F1010047EA8A
:10431000C1734FEA5101CFD2DDE90C75DDE90E68BA
:104320000B9B424600930A23CDE9055CCDE90107CA
:10433000049603934B4651465846FEF75FFE80466F
:104340008AE419780F4664E71027BC46B3E623F0E9
:10435000100C45E71C064CBF12881268C0E60A46DE
:10436000191E01DB13469CE75242134661EB4101E3
:1043700097E713465146187842464B46D847B04611
:1043800048E613F0200F14BF4120612012ACA6466E
:104390000B940A93A0F10A040C9502E0202912D094
:1043A0002A46B2FBFCF50CFB1520C3B2092803F129
:1043B00030008ABF1B19C3B2DBB262450EF8013B65
:1043C00001F10101EAD20A9B0C9D94E60A9A073298
:1043D00022F00702516852F8084B8E460A9254EABE
:1043E000010276D123F01003002872D0002211467A
:1043F00012AA0B92CDE905530B9B42460093002372
:10440000CDE903C60191029394E7A54298BF013418
:104410007FF674AD4FF48063CDE90A7505EB0802B1
:104420001F460D46141B42464B465146202008F1BC
:104430000108D847A045F6D13B460A9F294638785F
:104440000B9D6C1C00283FF470AD002B3FF475AE43
:10445000002353E5A542DFD801346EE61968CB0F7F
:10446000002900F0A88081EAE172A2EBE17212A9B2
:104470000846DFF888E10B910A930C9501E0202FA4
:104480000FD01546AEFB0213DB0803EB8301A2EB52
:1044900041013031092D1A4607F1010700F8011BCF
:1044A000EDD80A9B0C9DCDE9055CCDE9017304961E
:1044B000D5E6692823F0100C40F08C8013F480625C
:1044C0003FF48EAE88E6002A3FF4A8AE12AA0B9203
:1044D000C0E613F0200F14BF41226122002012A970
:1044E0000A3ACDE90E68CDE90C35CDF844B0064660
:1044F0008846754693460B91CDF840C003E0202EC8
:1045000017D004460D4629463A460023204603F0BC
:104510004FF8D2B2092A02F1300388BF02EB0B0335
:10452000BC42DBB275F1000508F8013B06F101065B
:10453000E5D23146DDE90C35DDE910CBDDF83C8014
:104540000E9E57E70A99096851B923F0100338B154
:1045500012A90B91CDE90553CDE903C60192CFE530
:1045600013F0200F14BF4120612012ACA6460B941B
:104570000A93A0F10A040C9502E0202A12D02946E1
:10458000B1FBFCF50CFB1510C3B2092803F1300098
:104590008ABF1B19C3B2DBB261450EF8013B02F1C1
:1045A0000102EAD20A9B0C9DD4E7196881EAE177FF
:1045B000A7EBE1772DE6002A3FF459AF12AA0B9240
:1045C00071E713F480640DD013F0020412D0044696
:1045D0004646ECE50A276346BC466CE512AB002074
:1045E0000B939DE613F002037FF4E0AD002D7FF402
:1045F00013AF9AE4002D7FF40DAF96E4CDCCCCCC74
:1046000084460CB410B584B006AC54F8043B0A469A
:104610000094614604480394FFF700FB04B0BDE832
:10462000104002B0704700BF552F001070B594467F
:104630001E4605460C4684B04FF0FF32634602A981
:1046400000960348CDE90254FFF7E8FA04B070BDC4
:10465000D931001010B5094B84B01C684CB1034629
:1046600000914FF0FF3203A90548A047012004B094
:1046700010BD00F0F7F9204604B010BDB4240020AE
:10468000D131001000BEFDE708B5FFF7FBFF00BF0A
:1046900038B5064C064DFEF701F9AC4204D254F889
:1046A000043B9847AC42FAD338BD00BF38760010BF
:1046B0004076001003680846114618472DE9F0417E
:1046C0001546427D07468846002A46D0002D1DDD4E
:1046D0000B780A2B23D0012D4FF0000C18D0464642
:1046E000012416F8012F21460A2A04F1010422D0E0
:1046F000A542F6D165450BDC08EB050313F8013C38
:10470000A3F10D03B3FA83F35B093B75BDE8F081B8
:104710003B68A5EB0C0108EB0C009847ECE7037D28
:10472000002BD8D1036802210F489847012DE3D010
:104730004FF0010CD3E716F8013C0D2BD8D08C4577
:1047400008EB0C00A1EB0C0101DA3B689847022151
:1047500005483B689847A446CAE7294640463B6857
:10476000BDE8F041184700BFB08000100B682DE98C
:10477000F041802B0D46064605D05A1C2B442A607A
:104780001E71BDE8F0810F4B1C68A4B10E4F01F102
:10479000040801E0246974B12368002BFAD03B6857
:1047A0000BB1A342F6D1204641462A68FFF786FFA7
:1047B0002469002CF0D1002301222B442A601E71B1
:1047C000BDE8F081A8200020B02000202DE9F047AE
:1047D00082B00D4691461C460646FDF79DFE4FF001
:1047E000FF3C6FF000472E4A821841F100039445C8
:1047F00077EB03013CBF62463B462A4802F0E8FEE5
:104800006B1C804640D00CB3274F284B1C68B4B1BA
:10481000B9F1000F1CD1DFF89C9001E0246974B15C
:104820002368002BFAD0D9F800300BB19C42F5D1A7
:1048300020462A463146B8472469002CF0D1B8F109
:10484000000F26D1284602B0BDE8F087184FDCE7FC
:104850004FF00A0ADFF85C9002E02469002CEED0E9
:104860002368002BF9D0D9F800300BB1A342F4D162
:104870002A4631462046B847012220460DF107015D
:104880008DF807A0B847E8E7304602F051FE05462C
:10489000B9E7044802F090FE284602B0BDE8F08770
:1048A00040420F00C8170020BD460010A82000207D
:1048B000B5460010B0200020084A136823B90AE06A
:1048C00003F110021B6933B18342F9D129B9186988
:1048D00010601961704701B110607047A820002076
:1048E00000F05CBB2DE9F04182B00646FDF714FEF6
:1048F0004FF0FF326FF00043361841F10007B2422B
:1049000073EB07013CBF16461F46DFF86080154D6C
:10491000D8F8004014B912E0246984B12B680BB1B7
:104920009C42F9D1A368002BF6D0012101A8984739
:104930000028F1DD9DF8040002B0BDE8F0810A4BCB
:104940005A6A974209D89B6AB34204D36FF00100B8
:1049500002B0BDE8F0819742F8D101200021FDF7B7
:10496000E5FDD5E7B020002000000B40A820002086
:10497000F0B5174B85B01A68164E5F68164D019258
:10498000346814B911E024697CB12B680BB19C42E6
:10499000F9D1A368002BF6D0012103A8984700287D
:1049A000F1DD9DF80C0005B0F0BD0C4B5A6A974242
:1049B00009D89B6A01998B4203D36FF0010005B0BF
:1049C000F0BD9742F9D101200021FDF7AFFDD7E7F7
:1049D00000800010A8200020B020002000000B4024
:1049E000F0B583B006468DF80700FDF795FD4FF052
:1049F000FF356FF00044174A821841F100039542D9
:104A000074EB03013CBF23462A46134802F0E0FD45
:104A1000124B07461C689CB1114D01E024697CB122
:104A20002368002BFAD02B680BB19C42F6D12046AC
:104A300001220DF10701FFF741FE2469002CEFD19F
:104A400017B9304603B0F0BD034802F0B5FD30465B
:104A500003B0F0BD40420F00C8170020A82000207E
:104A6000B020002038B5044602F062FD012305465F
:104A70001A4620462946FFF7A9FE084B1C682CB1B0
:104A800063682BB198472469002CF9D1284638BDBA
:104A90002469002CF4D1284638BD00BFA82000208E
:104AA0002DE9F041A2B004460D46FDF735FD4FF06B
:104AB000FF376FF00046264ADFF8A480821841F1E4
:104AC0000003974276EB03013CBF3A463346214848
:104AD00002F07EFD00272B462246064601A91E480D
:104AE0000197FFF7A3FD019B0546D8F80040C3B12D
:104AF000002C2BD0194F01E0246974B12368002BDE
:104B0000FAD03B680BB1A342F6D12046019A02A924
:104B1000FFF7D4FD2469002CF0D10023D8F8004021
:104B200001932CB1636843B198472469002CF9D1F3
:104B30002EB9284622B0BDE8F0812469F1E7054886
:104B400002F03AFD284622B0BDE8F0810194EFE77B
:104B500040420F00C81700206D470010B020002011
:104B6000A82000200FB400B583B004A951F8040BAD
:104B70000191FFF795FF03B05DF804EB04B07047B7
:104B8000704700BF0022014B1A7070472925002092
:104B90004B79FF2B0BD1887948B9CB79012B07D101
:104BA000082A05D9034B8A7809201A70704700201B
:104BB000704700BF2925002001207047012901D03E
:104BC0000120704708B5104B91881B78994201D09D
:104BD000002008BD5378012B08D0022BF8D100210A
:104BE00064220846FDF796FD012008BD5188CB05DB
:104BF00048BF480AC1F3402258BF4FF0FF3001F0D0
:104C00007F01FDF705FE00BF292500200048704701
:104C10007C810010012907D15378012B02D19388A0
:104C2000072B03D000207047012070471146A623B0
:104C3000014A01F03DBA00BFD480001003460122B2
:104C400001481A70704700BFB480001008B50B68A7
:104C5000B3F5966F00D008BD00224FF0FF3011462B
:104C6000FDF7D6FD024A034B10601960704700BF84
:104C7000482000204C200020184B70B51A68002AEC
:104C800028D0EFF3108172B6D2E8CF4F0120002C6C
:104C9000FAD1C2E8440F002CF6D1BFF35F8F002297
:104CA0000F4C186859602270C0E88F2F81F310886C
:104CB000002400250B4E3078FCF79EFD20B900241F
:104CC00000252046294670BD3078FCF7A5FD20461A
:104CD000294670BD4FF47A740025EBE7D8240020F4
:104CE0002D2500202C250020014B1878FCF794BDC1
:104CF0002C25002038B5044600200D4601F008FBA5
:104D0000A8B3002001F01AFB88B3FDF705FC4FF0B3
:104D1000FF3E6FF0004C174A821841F100039645A0
:104D20007CEB03013CBF72466346134802F050FC23
:104D3000E8B1002001F0ECFA58B900214FF0FF3043
:104D400000F00EFD6FF002040B4802F035FC204627
:104D500038BD002001F0F2FA0028EED021462A46A4
:104D6000002001F0F5FA04460028EDD1EAE76FF0E3
:104D70000204ECE740420F000C25002008B5FDF7C7
:104D8000CBFB4FF0FF3E6FF0004C0F4A821841F111
:104D9000000396457CEB03013CBF724663460B481B
:104DA00002F016FC70B14FF0FF30002100F0D8FC8B
:104DB000002001F015FB0028F5D1BDE808400348AC
:104DC00002F0FABB08BD00BF40420F000C250020D6
:104DD0002DE9F84380460F46FDF79EFB4FF0FF3567
:104DE0006FF00044334A821841F10003954274EB9E
:104DF00003013CBF2A4623462F4802F0E9FB08B9CD
:104E0000BDE8F883002001F083FA002847D0002F86
:104E100040DD0025DFF8A890284E13E02246002050
:104E200001F024FB002104464FF0FF3000F098FC15
:104E3000002001F0D5FAFDF76FFBC9E90001254418
:104E4000AF4227DD002001F031FB7C1B8442A8BF6C
:104E5000044608EB0501002CE0D121464FF0FF305D
:104E600000F07EFC204601F0BBFA204601F050FA2B
:104E700080B1204601F01AFB0028E1D1FDF74CFB80
:104E8000D9F80030D9F804209B1942F1000283427E
:104E90008A41D5D20848BDE8F84302F08DBB002016
:104EA0000021074BC3E90001BDE8F843024802F0C6
:104EB00083BB00BF40420F000C25002020A107004B
:104EC0005019002030B5002185B02E4802F08CFB2F
:104ED000F0B92D4B1A68CAB1EFF3108172B6D2E85F
:104EE000CF5F0124002DFAD1C2E8454F002DF6D145
:104EF000BFF35F8F254C1D6822785960D3B2012221
:104F00002270C5E88F0F81F31088CBB105B030BD9A
:104F100000214FF0FF3000F023FC002001F00EFADA
:104F20000446184802F048FB002CEFD0184B1B68D1
:104F3000002BEBD0174A106805B0BDE83040184789
:104F4000FDF782F80446FDF7E7FA4FF0FF3C6FF0FB
:104F5000004510F57A7241F10003944575EB0301A9
:104F600038BF2B464FF000014FF0010520460A4C98
:104F700038BF6246CDE901150094FDF769F805B028
:104F800030BD00BF0C250020D82400202D25002096
:104F9000482000204C200020794C00104FF0504356
:104FA00030B585B01C68FDF74FF8FDF763F9A042F6
:104FB00002D0002005B030BD00212A4B08461B78E6
:104FC00001F03CFD28480368002B47D00120FCF786
:104FD000C1FD0346254C2649C0B22370FCF738FCBE
:104FE00020780121FCF7F2FB0E20FCF721FC40BBEE
:104FF000204B0125C3E90000FDF726F80446FDF724
:105000008BFA4FF0FF3E6FF0004C10F57A7241F1D1
:10501000000396457CEB03014FF000012046164C3F
:105020003CBF72466346CDE901150094FDF710F8C8
:105030000028BEDB01211148FFF73EFC012005B02E
:1050400030BD0120FCF77EFB01460A48FCF7DEFD7F
:1050500000220E200A49FCF72BFCEBE7FCF7BAFD17
:10506000B4E700BF908200100C2500202C25002002
:10507000C54E0010D8240020794C00104C1600209A
:10508000E94C0010002001F043B900BF0048704710
:105090001882001000487047C481001038B5184BC2
:1050A00004461A780AB344B940F209424FF44173F6
:1050B000144D6A8013482B8038BD052C1DD8124B27
:1050C000104D53F8241028460023013903E0132B18
:1050D00020F8022F0ED011F8012F0133DBB2002A85
:1050E000F5D15B0043F44073E4E71121184600F06A
:1050F00025F8D8E74FF44A73DCE7002038BD00BF3D
:105100001425002080200020AC81001000B545F25D
:1051100047308BB0FDF770FB01220346092101A83F
:105120009847DDE90332044912BA1BBAC1E90023EA
:105130000BB05DF804FB00BF00250020012901F140
:10514000FF3300F0B3805D490A784FEA121C9F2AB2
:105150008CBF0CF1370C0CF1300C012B80F800C027
:1051600000F0A78002F00F02092A8CBF37323032DC
:10517000022B427000F09D804A784FEA121C9F2A51
:105180008CBF0CF1370C0CF1300C032B80F802C0F3
:1051900000F08F8002F00F02092A8CBF37323032C4
:1051A000042BC27000F085808A784FEA121C9F2A77
:1051B0008CBF0CF1370C0CF1300C052B80F804C0BF
:1051C00077D002F00F02092A8CBF37323032062B1B
:1051D00042716ED0CA784FEA121C9F2A8CBF0CF124
:1051E000370C0CF1300C072B80F806C061D002F0B0
:1051F0000F02092A8CBF37323032082BC27158D0C7
:105200000A794FEA121C9F2A8CBF0CF1370C0CF163
:10521000300C092B80F808C04BD002F00F02092A8D
:105220008CBF373230320A2B427242D04A794FEA71
:10523000121C9F2A8CBF0CF1370C0CF1300C0B2B7D
:1052400080F80AC035D002F00F02092A8CBF37322D
:1052500030320C2BC2722CD08A794FEA121C9F2A52
:105260008CBF0CF1370C0CF1300C0D2B80F80CC0FE
:105270001FD002F00F02092A8CBF373230320E2BBA
:10528000427316D0CA7911099F2A8CBF3731303149
:105290000F2B81730DD002F00F02092A94BF303218
:1052A0003732102BC27318BF103002D000230370A6
:1052B0007047184400230370704700BF002500208A
:1052C00070B500F02DF90C234026194CFF22A3677E
:1052D0000E201849FCF7ECFA32460021164802F07D
:1052E0005DF80125002380211348144A418445704C
:1052F0000683068782604360136042F8043C80F8AE
:10530000213080F83B3043620D4B4FF00056C360B4
:10531000C362803B836202F063F94FF48032094933
:10532000094B25642846E664C4F89010DA6470BD21
:10533000000011509D030020B42000208400105074
:105340000001105010D001000020115001210E204A
:10535000FCF73CBA00220248114600F001B900BF38
:10536000D4200020044B197021B14FF40032034BBC
:10537000C3F89020704700BF262500200020115060
:105380000B785B0602D14B78052B00D070474B8819
:10539000014ADBB21360704700001150CB782DE951
:1053A000F04103F0030EBEF1010FC3F301005BD027
:1053B000002791F802C0344C0CF07F025600898817
:1053C00006EBDC1304EB43134FEADC15D876C1F38C
:1053D0000A0185F0010083F802C019835870DF705C
:1053E000D3008DBB2948043304EB821C03EB000877
:1053F000CCF808801F5082B3254BD2001344CCF860
:105400000430244B3F311A6821F03F01BEF1020FF6
:1054100008BF4900114419601F4B771904EB471767
:105420009942FA602BD82E4404EB4613D97E82F0C1
:10543000A04282F480125B6842EA816242F000423C
:105440001A600120BDE8F081104804EB821C03447F
:10545000CCF8283040F832704AB900220F4904EBEA
:105460004513D9605A60ECE70020BDE8F081D20016
:1054700002F1A04202F58012CCF82420C1E7FDF72A
:1054800007FAFA68CFE700BFB42000208000105070
:1054900004001050BC240020FF0F105000011050D9
:1054A00002F09EB88C4608B5114607481A460CF023
:1054B0007F034FEADC1C0CEB430C00EB4C1000F0BC
:1054C0004FF8012008BD00BFB420002011F07F027A
:1054D00005D100290CBF02200120064B9866C9099E
:1054E000054B01EB420003EB40104FF4006200213A
:1054F00002F06AB800201150B420002011F07F03A0
:1055000000D17047002205485B0003EBD11300EB8C
:1055100043106FF40061C27002F056B8B42000204E
:105520004FF0805209480A4908B50A4B02600A60E8
:105530009968C94311F08051FAD14FF4805206485E
:1055400001F02CFF0922054B5A6708BD00200240DC
:1055500000300240000002400000105000001150D6
:1055600000234FF0010C10B580F81AC08282C3826C
:105570000161044602F024F820B14FF40032074BD9
:10558000C3F89020204602F00FF810B101232377D2
:1055900010BD2046BDE8104001F0FEBF00201150B4
:1055A0002DE9F04100241D4E054623463278DFF8F0
:1055B00078801B4F0DE03B6813EB441324D0DB686D
:1055C0002846984732780134E4B2511CA142234660
:1055D00006DBA242A3EB0203EDD808EB4313EEE790
:1055E000542200210F4801F0D9FE4FF0FF330D483F
:1055F0002022041D4360C4E90133E360FF21BDE8BC
:10560000F041143001F0CABE4FF0E023D3F8F03D72
:10561000DB0700D500BEBDE8F08100BF25250020D6
:10562000901A0020601C00202C820010704700BFE0
:10563000704700BF0020704700207047704700BFD0
:10564000704700BF704700BF704700BF024B5878DB
:10565000003818BF01207047601C0020024B1878EA
:10566000C0F38000704700BF601C00202DE9F047A8
:10567000DFF8E4A09AF80030FF2B56D10E4600293F
:105680003ED0002154220746294801F087FE00221F
:10569000284C294B20461A70FCF79CFA274B2848C7
:1056A0001C60284CFCF7A4FA204601F0ABFD264A0A
:1056B000264B146023B12648FFF7C0FA254B18602B
:1056C0000024234D23462A78DFF89090DFF8848069
:1056D0000EE0D8F8003013EB441311D05B687BB1B7
:1056E00098472A780134E4B2511CA142234611DBC9
:1056F000A242EED89B1A09EB43135B68002BEFD153
:105700004FF0E023D3F8F03DDB0700D500BE0020CA
:10571000BDE8F087314638468AF80070FFF7D0FDC3
:105720000028EDD03846FFF711FE0120BDE8F087D4
:10573000601C0020581C002027250020B41C0020DD
:105740007816002064160020B81C00203D4C001084
:1057500025250020901A0020801600202C820010A1
:105760002DE9F04FDFF8C8928BB099F80030FF2B8D
:1057700000F0F180A84CA94DDFF8B0A2DFF8B4B278
:1057800026687369EFF3108272B6D3E8CF0F012158
:105790000028FAD1C3E8401F0028F6D1BFF35F8F7D
:1057A000B261304607A901F077FB00237269C2E8B5
:1057B0008F3FB36983F31088002800F0CC809DF8F8
:1057C0001D30013B072B00F27D83DFE803F0A7B11A
:1057D000959D8E350A04089B002BD1D009989847D7
:1057E000CEE79DF8201001F07F0605EB460000EBA8
:1057F000D11090F8343023F0010380F8343090F861
:10580000343023F0040380F83430002E00F0A680FA
:10581000037D9AF80020934280F09380804A1268BA
:1058200012EB431300F090809E699DF82120099BA4
:105830009DF81C00B047A3E79BF80030002B00F058
:1058400083809BF80030013BDBB28BF800309BF883
:10585000003003F0FF00002B92D1704F9DF81C80A8
:105860003B7843F001033B7097F8343060F300035A
:1058700087F8343097F8343060F3820387F8343097
:1058800097F8353060F3000387F8353097F83530F6
:1058900060F3820387F8353000F06CFC9DF820300F
:1058A00003F06002602A6CD0402A7CD003F01F0312
:1058B000012B00F0C180022B00F08180002B60D111
:1058C000202A00F0E981002A5BD19DF82130092BC4
:1058D00057D8DFE813F0B001A2015600C10156000D
:1058E00095016B0156006001F4002B78D9077FF514
:1058F00047AFFFF7A9FE43E7EB78DA077FF540AF44
:105900000898FFF795FE3BE72B78D8077FF538AF6F
:105910002878C0F3C000FFF795FE31E79DF81C0022
:10592000FFF73EFE00F01CFC9DF82030AB7027E72F
:105930009DF81C00FFF734FE00F012FCFFF780FE1C
:105940001EE7501C984211DA4FF0E023D3F8F03DE7
:10595000DC0700D500BE0BB0BDE8F08F099B9DF8B9
:1059600021209DF81C0000F019FC09E79B1A2D4A24
:1059700002EB431358E7FFF78DFB0246002840F087
:1059800082814FF0E023D3F8F03DDE0700D500BE62
:105990009DF81C000021FFF799FD80219DF81C0057
:1059A000FFF794FDECE6204800F0E4FB01214046BF
:1059B00008AAFFF72FF900287FF4E2AEE8E79DF888
:1059C000241011F0700FDCD101F07F0607EB4600C8
:1059D000164B00EBD1101B78007D760001969842A3
:1059E0004FEAD116009659D35E1C8642C0F26681FA
:1059F000C01A0C4B03EB4016002A00F0638170695B
:105A000000F0B8FB01214046736908AA98470028B6
:105A10007FF4B6AEBCE700BFB81C0020601C0020BD
:105A2000901A00202C820010154C00102525002013
:105A300080160020272500209DF824300F2BA7D8A2
:105A4000AE4A3B441B791278934232D3511C99429F
:105A50009EDBAB4E9B1A06EB4316706900F08AFB87
:105A600001214046736908AA984700287FF488AE50
:105A70009DF8203013F060068AD19DF821300A3B52
:105A8000012B85D800F076FB9DF821300A2B00F021
:105A9000F281404608A900F0F1FA71E6994B1B68C3
:105AA00003EB4016002A00F00D81002E3FF470AF8A
:105AB000A5E7944A166816EB4316CED168E77B78C3
:105AC0009DF822609E4200F04F817B78002B40F0D1
:105AD000BE817E70002E00F04581701EC0B2FFF7BF
:105AE000D9FA0346002800F05F814278022A40F08C
:105AF0005B81C17903F10906C1F340121201C1F3C0
:105B0000801142EA41123146387820F030000243D9
:105B10003A705A88CDF80C809A180192019B8B42FA
:105B200040F2A4814A780B2A00F0AF810123042AB5
:105B300040F03A810026019A0096521A92B20292DF
:105B40006E4A049312781DE06E4B1B6813EB4618E7
:105B500000F02A81029AD8F81030039805919847EE
:105B600008280246059906F1010303D902989042DC
:105B700080F0FF80DEB2614B00961A78531C9E4283
:105B800000F31281009BB242A3EB0202DCD85C4B13
:105B900003EB4218DEE77B7840468DF81A300DF1B2
:105BA0001A02012308A900F083FAE9E5BDF82200F2
:105BB000030A013B020AC0B20E2B3FF6E9AE01A177
:105BC00051F823F0D95D0010755C0010155E0010CF
:105BD0009159001091590010F75D0010755C00108C
:105BE00091590010915900109159001091590010CD
:105BF000915900109159001091590010CB5D00107F
:105C000008A800F0BDFA40469DF82210FFF7A2FB5D
:105C10003B7843F002033B70B2E5BDF82230012B24
:105C20007FF4B6AE3B78404623F0080308A93B70EA
:105C300000F024FAA4E540463B789A0802F00202FC
:105C4000C3F340131343ADF81A300DF11A020223C7
:105C500008A900F02DFA93E5BDF82230012B7FF45E
:105C600097AE3B78404643F0080308A93B7000F02C
:105C700005FA85E5022A3FF47EAEFFF7DDFC024619
:105C800000283FF485AE4046538808A900F010FA7A
:105C900000287FF475AD7BE69DF824300F2B3FF68E
:105CA00077AE164A3B441B79127893421DD2154AAF
:105CB000166816EB43167FF4A2AE69E6002A7FF45D
:105CC00067AE00269DF8212002F0FD03012B1BD0BA
:105CD000002A7FF456AE019B009A3B44134493F88C
:105CE00034304046C3F34003ADE7511C9942FFF600
:105CF0004FAE034E9B1A06EB431680E62525002087
:105D00002C820010901A0020BDF82230B3B9012A6D
:105D100099F8000000F08680FFF7D8FB019B009AFD
:105D20003B44134493F8342042F0020283F83420B9
:105D300093F8342042F0010283F83420002E3FF41F
:105D40001FAD706900F016FA7369012108AA404678
:105D50009847002000F00EFA97F83530DF073FF53E
:105D60000FAD96E6FFF76CFC404608A900F086F9F7
:105D700006E5049B012B00F09E80002B00F08A803A
:105D8000002091F8028005E08CF804605FFA80FC46
:105D900063457FD908EB000C57FA8CFC9CF804E0B3
:105DA0000130BEF1FF0FEFD04FF0E023D3F8F03D0C
:105DB000DA0700D500BE4FF0E023D3F8F03DDB0753
:105DC00000D500BE00237B70E2E5FEF71FFF024610
:105DD00000287FF458AFDBE5FFF758F902460028AA
:105DE0003FF4CFAD4046122308A900F061F9002826
:105DF0007FF4C6ACCCE5FFF71DFC024600283FF45B
:105E0000C7AD4046137808A900F052F900287FF486
:105E1000B7ACBDE5BDF82410FFF740F902460028F5
:105E2000EFD1B5E50293FFF769FB019A009B3A4475
:105E30001A4492F83410029B63F3410182F8341043
:105E400092F8341063F3000182F8341076E70021F1
:105E50004046FFF787FA4046FFF722FBBB784046F3
:105E60000093FFF79DFB009BBB7032E6DDF80C80D2
:105E7000FFF7E4FB78E74046012308A90DF11A0279
:105E80008DF81A6000F014F97AE40A78CB7811449E
:105E90004A784CE6334610480492029100F076FEB0
:105EA0000E4B049A02991B781144009A01339342D5
:105EB000BFF634AE78E7D8F810C00948844508BF6B
:105EC00002235DE74FF0E023D3F8F03DDB077FF5D9
:105ED00057AC00BE54E400BF741C002025250020F0
:105EE000AD6500102DE9F84F0A9F002A40D00C46FE
:105EF0001E4615464FF0000ADFF87C90DFF87C80E4
:105F000018E0204698F8021099F800B000F00EFE54
:105F1000E0B121465846FFF741FAF0B1A2780AF104
:105F2000010AD10916BF0B9B3A701A702278AA4554
:105F300014441DD06278052A0FD1E17801F00301E5
:105F4000B1420AD1A27812F0700FDAD04FF0E023FC
:105F5000D3F8F03DDA0700D500BE4FF0E023D3F8C8
:105F6000F03DDB0702D40020BDE8F88F00BEFAE761
:105F70000120BDE8F88F00BF80160020601C0020C3
:105F800038B58B7813F0700F08D04FF0E023D3F8BA
:105F9000F03DDB0700D500BE002038BD074A084BA6
:105FA0000C46084691781D7800F0C0FD0028ECD022
:105FB00021462846BDE83840FFF7F0B9601C0020B4
:105FC000801600200B46064A06481168DA0934326A
:105FD00003F07F0302EB4303184400F061BD00BFF0
:105FE000B41C0020601C00200B46064A06481168BD
:105FF000DA09343203F07F0302EB4303184400F064
:1060000079BD00BFB41C0020601C002010B51948E9
:1060100001F07F0C00EB4C0000EBD11090F834C085
:106020001CF0010F08D04FF0E023D3F8F03DDA0761
:1060300000D500BE002010BD00F1300494F804C06B
:106040000D484CF0010C007884F804C0FFF72AFAE0
:106050000028F0D14FF0E021227960F30002227194
:10606000227960F382022271D1F8F03DDB07E1D59D
:1060700000BEDFE7601C00208016002030B50B4C0E
:106080008C46A6460546086849680023AEE803002A
:106090009CF800102846C943C4E90233BDE83040EB
:1060A0001A4601F08001FFF7B1BF00BF201C00209D
:1060B0002DE9F041284F4FF00008BE468C460646B9
:1060C00008684968BA60AEE80300A7F80E80154674
:1060D000BCF80620934228BF1346BB819AB11C46E8
:1060E00033B3DDB197F90030402C28BF4024002B9A
:1060F00029DB414623463046184AFFF787FF68B13F
:106100000120BDE8F0819CF800101346C9433046D9
:1061100001F08001FFF77AFF0028F1D14FF0E02372
:10612000D3F8F03DDB0700D500BE0020BDE8F081CC
:106130001A46397801F0800123463046FFF766FFA2
:106140000028DDD1EAE722462946044801F07AF921
:106150008021024AF0E700BF201C0020E01B002045
:106160000022034BC3E90022C3E902221A617047EF
:10617000201C0020014B1861704700BF201C00202C
:1061800030B40246044C0025234600685168C4E937
:10619000025530BC03C37047201C002070B53D4C35
:1061A000C90922780646B1EBD21F1D4682B017D02E
:1061B00053B14FF0E023D3F8F03DDB0702D40020C9
:1061C00002B070BD00BEFAE72146FFF7D9F8236997
:1061D0001BB12246032130469847012002B070BD12
:1061E00094F90030002B06DBA0680028E7D02A468F
:1061F000294901F027F9E089A168E388284480B2A1
:1062000029448342E081A16016D03F2D14D9A28990
:1062100094F90040131A9BB2402B28BF4023002C56
:1062200027DB90424FF0000131D01B4A3046FFF788
:10623000EDFE0028D1D1BCE7236923B1022130460D
:10624000144A984760B121780023C94330461A4662
:1062500001F08001FFF7DAFE0028AAD00120BDE797
:1062600001463046FFF732F980213046FFF72EF91C
:10627000B3E7904208D01A460748019301F0E2F8CC
:106280008021054A019BD1E780210022CEE70A4602
:10629000CCE700BF201C0020E01B00202DE9F041CE
:1062A0000446FFF7D3F908B9BDE8F081FFF7D6F946
:1062B00005460028F8D1C82304FB03F3124EF71853
:1062C000F9780029F0D010331E44304600F0D2FD9A
:1062D0003F28E9D92846F978FFF774FE0028E3D073
:1062E000304600F0C7FD3F28F97808D9074A28460C
:1062F00002EBC4124023BDE8F041FFF787BE2846F9
:10630000BDE8F041FFF770BE181B0020941A002072
:1063100010B50446FFF79AF908B9002010BDFFF741
:106320009DF90028F9D1C822034B02FB04331879E8
:1063300000F0010010BD00BF181B0020C82208B5E6
:10634000024B02FB003000F07BFD08BD281B002043
:106350002DE9F8434FF6FF73C8249A4228BF1A4626
:1063600000FB04F4DFF8748004F110054544064690
:1063700092B2284600F0DAFD0746FFF767F910B938
:106380003846BDE8F883FFF769F981460028F7D160
:10639000A04498F80330002BF2D0284600F06AFDA4
:1063A0003F28EDD9484698F80310FFF70BFE002868
:1063B000E6D0284600F05EFD3F2898F8031007D984
:1063C000054A4846402302EBC612FFF71FFED7E7F7
:1063D0004846FFF709FED3E7941A0020181B002057
:1063E0002DE9F0410446FFF731F910B90020BDE86E
:1063F000F081FFF733F905460028F7D1C82604FBE2
:1064000006F6DFF8648006F124074744384600F0BA
:1064100017FD0028EAD0B044284698F80210FFF78C
:10642000D1FD0028E2D00F4E384606EBC4163146A7
:10643000402200F07BFD98F80210044668B1034644
:1064400032462846FFF7E2FD50B94FF0E023D3F87B
:10645000F03DDB07CAD500BEC8E7FFF7C5FDC5E7BD
:106460002046C4E7D41A0020181B002038B54FF688
:10647000FF75C823AA4228BF2A460B4C92B203FBE1
:1064800000440546204600F00FFE034620461C4609
:1064900000F0D6FC3F2801D8204638BD2846FFF73B
:1064A0009FFF204638BD00BF3C1B0020C82208B516
:1064B000024B02FB003000F0DDFC08BD3C1B00205D
:1064C000F0B5002483B0C8220021174800F066FF11
:1064D000FF234FF4E131082214480470124800945D
:1064E000074643718160827300F138010123402225
:1064F000103000F075FC0123402207F17801009371
:1065000007F1B80607F1240000F06AFC07F1C005A6
:106510003046FBF75FFB2846FBF75CFBC7E9074605
:10652000C7E90C5403B0F0BD181B0020141B002059
:106530000A4A116B136A61B13BB10023C2E90C3303
:10654000D36100231362012070470120C2E90C339C
:106550007047002BF7D0D161F3E700BF181B002074
:10656000002210B50E4C0F48237802600271DA0742
:1065700007D59B070BD5BDE8104001210A4800F064
:106580005DBE103000F03EFE23789B07F3D4064832
:1065900000F038FEBDE810400121034800F04EBE77
:1065A000141B0020181B00203C1B0020F0B54B7969
:1065B00083B0022B02D18B79022B03D00025284611
:1065C00003B0F0BD274FBB783BB14FF0E023D3F8C9
:1065D000F03DDB07F2D500BEF0E78B7806463B7056
:1065E0000B78CC186178242908BF092507D036E03C
:1065F00023781C4461782B4424299DB207D1AA42F8
:10660000F6D20020FFF74AFE284603B0F0BD0B4645
:10661000052916D0042BF4D163790A2BF1D1124B42
:106620002778019301330093022330461A46E1197B
:10663000FFF758FC0028C8D00E3517FA85F5ADB223
:10664000DFE721463046FFF79BFC0028BDD0A3784A
:106650007B7023785A191C44637895B2DAE70B46AD
:106660000925D5E7181B00201A1B0020137803F01A
:106670006003202B08D170B5264C938894F800C095
:106680009C4503D0002070BD002070475378203B0C
:10669000032BF7D8DFE803F027230D0201292ED0C2
:1066A00003291ED11C4BE3B100205188AFF30080B9
:1066B00017E0012923D0032913D15588174805F085
:1066C000010686F00101257100F0B8FD144B43B1BD
:1066D00031460020C5F34002AFF3008001E00129FC
:1066E00011D0012070BD01290DD00329F9D10D4B26
:1066F000002BF6D000200C49FEF7A8FAF1E711466E
:10670000FFF7BCFCEDE711460723074AFFF7D0FC73
:10671000E7E700BF181B0020000000003C1B002022
:10672000000000004D4C0010201B00202DE9F84314
:10673000354E0C46F27807468A421D463DD0B37866
:106740008B4212D04FF0E023D3F8F03DDB0732D478
:106750000020BDE8F8832D4B23B12D4800F080FBCD
:1067600000284DD00020FFF799FDB378A34201D057
:106770000120EEE7274B13B10020AFF3008000208B
:10678000FFF72EFE0028F3D1234800F059FB002824
:10679000EED1002DECD015F03F05E9D13846B178A7
:1067A000FFF710FC0028E3D02B462A463846B17884
:1067B000FFF72CFCDCE700BECAE79AB2174906F1E6
:1067C000100000F071FC164B002BC4D07379FF2B26
:1067D000C1D0002DBFD0DFF8448008EB050902E0EE
:1067E000C845B8D0737918F8012B9A42F8D10848F7
:1067F00000F036FB0028F3D17179AFF30080EFE7AA
:10680000AFF30080AEE700BF181B002000000000BF
:10681000281B0020000000003C1B0020941A0020D0
:1068200000000000F0B54FF4137285B0002112484B
:1068300000F0B4FD402600234FF480750E4F0F4C3E
:1068400007F5A6721946CDE90246009201951A464F
:1068500007F5947000F0C6F90023384607F12801C7
:106860003444009101221946CDE9024601950430D5
:1068700000F0B8F905B0F0BDFC1D00207C1D002023
:1068800008B5054800F0DAF9034BA3F5927000F063
:10689000D5F9012008BD00BF241F002038B5002510
:1068A000064C04F59870257000F0ACFC04F10C0067
:1068B00000F0A8FC84F82951657138BDFC1D00204A
:1068C0002DE9F8434B79FF2B51D1354E96F82931FC
:1068D000002B4CD196F80580B8F1000F47D18B788A
:1068E0000C7833700B790F460C44ABB38146A51876
:1068F00003E0A54230D923781C446378052BF8D1F6
:10690000AC4229D221464846FFF73AFB40B3A37870
:10691000DB092FD1234800F075FCA37896F82821D5
:1069200086F82931A3884846C3F30A03A3F5007308
:10693000B3FA83F35B0963F341021B4986F828210C
:1069400000F0EAF960B123783A7908F101081C44B3
:106950005FFA88F39A42D0D8E11B88B2BDE8F88389
:106960004FF0E023D3F8F03DDB0700D500BE002058
:10697000BDE8F8830D4800F045FCA37832797371C7
:10698000A3880B49C3F30A03A3F50073B3FA83F397
:106990005B0963F341020020327100F085F9D2E710
:1069A000FC1D00202C1F0020241F0020081E00209A
:1069B000001E002070B51B4C064694F829C11D46E8
:1069C0008C4511D063798B4201D0002070BD164BED
:1069D0001BB10020A9B2AFF300803046134900F08C
:1069E00063F9C8B1012070BDB4F8343163B9104BFC
:1069F00023B100200F49AAB2AFF3008030460E4900
:106A000000F08AF90120EEE7D4F82C11AAB204F5BF
:106A1000987000F049FBEAE72A463046034900F047
:106A20000FF9DFE7FC1D002000000000001E002021
:106A3000000000007C1D0020241F002010B582B043
:106A4000C9B101280CD80B7853B1144C012B235435
:106A500002D0012002B010BDFEF708FE0028F8D1D8
:106A60004FF0E023D3F8F03DDB0702D4002002B062
:106A700010BD00BEFAE70124084601A9ADF80440A4
:106A8000FEF7F4FD38B94FF0E023D3F8F03DDA0714
:106A9000EDD500BEEBE7014B1C70E8E7541C00206D
:106AA000F8B5037813F001041AD1037805465A07A4
:106AB000C3F3800701D52046F8BD0E464FF0FF31E5
:106AC000304600F065FD2B7813F001040BD12B78D4
:106AD0005B0709D42B78012443F004032B7003E0F7
:106AE00000242046F8BD3C46304600F065FD2046B7
:106AF000F8BD00BF70B50C4605464FF0FF3120468B
:106B000000F046FD2B78C3F380065B0708D52B7891
:106B100013F0010311BF00262A7863F382022A7062
:106B2000204600F049FD304670BD00BFC378828822
:106B300003F003000228C2F30A0215D003280AD08A
:106B400001281CD1022940F2FF3308BF4FF48063B3
:106B500093420DD37047022914BF40234FF4806342
:106B6000934205D30120704702290AD0402AF9D95F
:106B70004FF0E023D3F8F03DDB0700D500BE002046
:106B80007047B2F5007FEDD0F2E700BF0A449142B2
:106B900026D291F801C0BCF1050F05D091F800C0D4
:106BA00061448A42F5D8704700B591F802C00CF0F4
:106BB0007F0E00EB4E0E4FEADC1C0EF80C3091F805
:106BC00000C061448A4209D991F801C0BCF1050FA7
:106BD000EBD091F800C061448A42F5D85DF804FB1F
:106BE000704700BF2DE9F0418E4682B0009390F8C7
:106BF00000C0089EBDF824706EF3000C04461546D4
:106C0000012331463A4600F808CBBDF82C8000F04D
:106C1000E7F806B13FB901200A9BA4F8028063603F
:106C200002B0BDE8F08104F11C063046FAF7D2FF4D
:106C30000DB135460026C4E90556ECE70120704742
:106C4000F8B50746084640F2FF13154610F8082B22
:106C50000C4612F0020F0CBF3F261E4600F0F0F863
:106C600028B925B12E4202D12378DA0701D50020B8
:106C7000F8BD38466178FFF7A5F90028F7D02378EA
:106C800013F0010307D04FF0E023D3F8F03DDB070A
:106C9000EDD500BEEBE71A4638466178FFF7B6F946
:106CA0000028F0D0F8BD00BF70B501F10805064618
:106CB00028460C4600F0C4F810B12378DA0701D555
:106CC000002070BD30466178FFF77CF90028F7D0CE
:106CD00028466288616800F029F92378054603F0A8
:106CE000010340B173B14FF0E023D3F8F03DDB076F
:106CF000E6D500BEE4E7002BE2D130466178FFF72D
:106D000073F9DDE70346626830466178FFF77EF984
:106D10000028E8D0284670BD8A892DE9F0410B781B
:106D20000C46064622B9DD0734D50020BDE8F081C7
:106D300004F108079907384647BF4FF47E484FF4DF
:106D400000754FF6C078402500F094F88542ECD8E5
:106D50002378DA07E9D430466178FFF733F9002861
:106D6000E3D0384600F086F82378854203F001032B
:106D70002DD8BBB9658808EA0008454528BF4546B7
:106D800061785DB362682B463046FFF73FF948B142
:106D90002846CBE74978FFF715F90028C5D02378B6
:106DA000D80707D54FF0E023D3F8F03DDB07BCD57B
:106DB00000BEBAE7638861783BB162683046FFF78E
:106DC00025F90028EED06088B0E71A46F6E7002BD8
:106DD000ABD130466178FFF707F9A6E72A46D2E73C
:106DE0002DE9F041B2F5004F9DF8188024D80446F3
:106DF000C06817460E461D4618B14FF0FF3100F02F
:106E0000C7FB206918B14FF0FF3100F0C1FB002231
:106E1000C5F30E03E06843EAC83362812660A780A9
:106E2000E380228108B100F0C7FB206908B100F0BF
:106E3000C3FB0120BDE8F0810020BDE8F08100BF68
:106E4000038942899BB292B28088934236BFC2EBDB
:106E500040029B1A9B189BB2984228BF1846704765
:106E60000289438990B29BB2C01AB0FA80F04009FF
:106E7000704700BF038942899BB2808892B29342D7
:106E800036BFC2EB40029B1A9B189BB2984286BF4A
:106E9000C01A80B20020704738B5044600690D461C
:106EA00018B14FF0FF3100F073FB2189638989B27B
:106EB0009BB2A288994236BFC3EB4200C81A401861
:106EC00080B250B3824209D291422CBF891A8918EC
:106ED0008BB29A42638103D89B1A9BB29A42FBD928
:106EE000E2882168C2F30E0202FB0311284600F07B
:106EF000A9FA6189012589B24B1C9BB29942A288EB
:106F00000ED9002302FA05F15B1A9BB22069638156
:106F100008B100F051FB284638BD054663899BB295
:106F2000B3EB420F4FEA4201F0DBEDE72DE9F0470A
:106F3000064600698846914618B14FF0FF3100F0CF
:106F400027FB338974899BB2A4B2B588A34236BFAC
:106F5000C4EB45071F1BFF18BFB2002F4AD0BD422C
:106F600040D3B94528BFB946A5421FFA89F703D8CF
:106F7000641BA4B2A542FBD9B6F806A02B1B31684E
:106F80009BB2CAF30E029F42924602FB041123D920
:106F900013FB02F31FFA83F94A4640467D1B00F0BB
:106FA00051FA621912FB0AF2316808EB090092B239
:106FB00000F048FA7289B58892B2D3199BB29A420E
:106FC0001AD96A009B1A9BB23069738108B100F02C
:106FD000F3FA3846BDE8F087404607FB02F200F0BE
:106FE00031FAE7E7AB422CBF5B1B5B199CB22F4623
:106FF0007481B6E773899BB2B3EB450F4FEA450244
:10700000E2DBDFE7F8B50446C0680E4618B14FF082
:10701000FF3100F0BDFA2589238961899BB289B2CD
:10702000A2888B4236BFC1EB42015B1A5B189BB250
:107030009A42ADB208D8E779FF0905D1E06808B1F6
:1070400000F0BAFA3846F8BD954228BF2B4618D34F
:107050009B1A9BB29342FBD2E2882068C2F30E02D5
:1070600002FB0300314600F0EDF96B1C9BB29D4220
:10707000A28812D9002351005B1A9BB201272381F9
:10708000DCE7E2882068C2F30E0205FB020031460D
:1070900000F0D8F90135A288ABB2B3EB420F4FEA4A
:1070A0004201EBDBE8E700BF2DE9F04F174683B064
:1070B000002A75D00646C068894618B14FF0FF31E6
:1070C00000F066FAF379B6F808807289DB09B588B2
:1070D0001FFA88F892B23CD1904536BFC2EB450208
:1070E000A8EB0202424492B2AA425ED2AA1A92B21B
:1070F000BA4228BF3A46B6F806B097B27B1B08EBF7
:10710000070ACBF30E0B9BB21FFA8AFAA845444636
:1071100003D3641BA4B2AC42FBD22D1B3068ADB2CA
:10712000BD420BFB040057D349460BFB07F200F0AE
:1071300089F9B288D0454FEA420302D8BAEB420F30
:1071400003DBAAEB03031FFA83FA3D46A6F808A067
:107150002CE0B6F806B0AF42CBF30E0B2FD2904521
:1071600036BFC2EB4501A8EB0201414489B2680079
:1071700039447B1B81429BB20DDB02EB050A1FFAEF
:107180008AFAAAEB07081FFA88F8424537D9A8EB14
:1071900000001FFA80F807EB080A1FFA8AFAB5E721
:1071A0001546284603B0BDE8F08F0025F06800289A
:1071B000F7D000F001FA284603B0BDE8F08F002DAB
:1071C000F4D07F1B02EB050A0BFB079990462F4674
:1071D00000231FFA8AFA99E715FB0BF5ADB22A4690
:1071E0004946019300F02EF9019B3068E21812FB2A
:1071F0000BF209EB050192B200F024F999E7404542
:1072000084DCC4E710B50446C06818B14FF0FF3104
:1072100000F0BEF9206918B14FF0FF3100F0B8F965
:107220000023E0686381238108B100F0C5F920697B
:1072300008B100F0C1F9012010BD00BF38B5044607
:10724000C0680D4618B14FF0FF3100F0A1F9206978
:1072500018B14FF0FF3100F09BF9E379E06865F376
:10726000C713E37108B100F0A7F9206908B100F075
:10727000A3F9012038BD00BF012307480749084A88
:1072800003600B609368D907FCD50123054A13609E
:107290001368DB05FCD57047002002400030024037
:1072A0000000024000000A40384B2DE9F0479842A8
:1072B00014BF4FF400234FF4802307460E46344D8D
:1072C000344C354A2B602360956833EA0505FBD1C1
:1072D0000620FBF7D3F939464FF0020A51F804EFC4
:1072E0004FEAD6594FEA462C01F5405863464A46C4
:1072F00054460EEA0A0EC8F800A008E013EB0C038F
:1073000004F1020442EB0902B4F5807F03D09842F5
:1073100075EB020AF2D24FF48073C4EB042201E051
:10732000012B30D0B0FBF2FC66459946A2EB04027B
:1073300003F1FF33F4D209FB04F91D023C6102247E
:107340003B4603263A6801F500516A4007F5805C28
:1073500002F47F42CCF80020C1F800E07D68C8F854
:10736000004053F8242B254082F0070202F0CF02A0
:1073700003F50053CCF80020B0FBF9F00D601E605F
:107380000C60BDE8F087A146D8E700BF00000840C8
:10739000002002400030024000000240830730B568
:1073A00046D08418844604E003F8011B9D0704D0EE
:1073B0009C46A4456346F7D130BD013A0244A2EB96
:1073C0000C02032A29D9CCB20F2A04EB042404EBC3
:1073D00004442FD9A2F1100C03F110052CF00F0C6E
:1073E000AC44C3E90044C3E9024410336345F8D117
:1073F00012F00C0F02F00F0E18D02EF0030CAEF1AD
:1074000004051A469C4442F8044B6245FBD125F022
:10741000030404330EF003022344002ACCD0C9B283
:107420001A4403F8011B9342FBD130BD7246F4E7C6
:107430000346C6E79646E0E7014B1868704700BF71
:1074400084160020844641EA000313F0030349D167
:10745000403A23D30B6803604B6843608B688360BA
:10746000CB68C3600B6903614B6943618B698361BE
:10747000CB69C3610B6A03624B6A43628B6A8362A6
:10748000CB6AC3620B6B03634B6B43638B6B83638E
:10749000CB6BC36340304031403ADBD230320BD348
:1074A0000B6803604B6843608B688360CB68C36084
:1074B00010301031103AF3D20C3205D351F8043B9E
:1074C00040F8043B043AF9D2043208D0D2071CBF7A
:1074D00011F8013B00F8013B01D30B8803806046A3
:1074E000704700BF082A13D38B07B1D010F00303F5
:1074F000AED0C3F10403D21ADB071CBF11F8013B65
:1075000000F8013BA4D331F8023B20F8023B9FE78F
:10751000043AD9D3013A11F8013B00F8013BF9D202
:107520000B7803704B7843708B788370604670479C
:1075300020F0030110F00300C0F1000051F8043BFB
:1075400000F1040C4FEACC0C6FF000021CBF22FAD1
:107550000CF213434FF0010C4CEA0C2C4CEA0C4C8F
:10756000A3EB0C0222EA030212EACC1204BF51F888
:10757000043B0430F4D0C2F1000102EA0102B2FA85
:1075800082F2C2F11F0200EBD2007047F8B500BFD3
:107590005FF800F0350200205FF800F00D0B0020CE
:1075A0005FF800F0811100205FF800F0950A0020DC
:1075B0005FF800F0311200205FF800F06D0200204B
:1075C0005FF800F06D0A00205FF800F0C90A0020A3
:1075D0005FF800F0CD0100205FF800F0610E0020A0
:1075E0005FF800F0A90200205FF800F01101002010
:1075F0005FF800F0D10D002049290010BD280010CF
:10760000F1280010DD290010292900104128001060
:10761000712900102D280010891B001075290010F9
:10762000491F00108D2800105D2900100D29001041
:10763000651700108D1700100D5100101102001079
:1076400072756E20656D675F636170747572652E0B
:107650007079000000000000666F72206C61707429
:107660006F70000057414954494E47000A507265F7
:10767000737320456E74657220746F207374617229
:10768000742063616C6962726174696F6E2E0000B0
:107690006F6E206C6170746F7020746F2063616C0A
:1076A0006962726174650000507265737320456E83
:1076B000746572000A547269616C206C6162656C59
:1076C0002028652E672E20776974685F7375707047
:1076D0006F7274202F20776974686F75745F73758B
:1076E00070706F7274292C206F72206320746F2069
:1076F000726563616C6962726174653A00000000D2
:1077000063000000747269616C0000004761696E7B
:1077100020746F6F2068696768202D207475726E01
:1077200020444F574E0000005765616B2073696716
:107730006E616C202D206761696E2055500000003D
:107740005265707320766172792061206C6F7420AD
:107750002D207265646F3F003D3D3D204D796F5790
:1077600061726520322E302063616C6962726174CF
:10777000696F6E203D3D3D004D616B6520737572F4
:107780006520656C656374726F64657320617265F2
:1077900020706C6163656420616E6420737461792C
:1077A00020696E207468652073616D652073706F49
:1077B000742E0A005374657020313A2052454C41B2
:1077C0005820746865206D7573636C6520636F6DF8
:1077D000706C6574656C792E205374617274696E77
:1077E0006720696E000000002564000020202564E9
:1077F000202E2E2E0A00000072656C617820796FB1
:107800007572206D7573636C6500000052454C41C4
:10781000580000005265636F7264696E6720626190
:1078200073656C696E652E2E2E000000737461798D
:1078300020636F6D706C6574656C79207374696C0E
:107840006C0000005265636F7264696E672E2E2EA5
:1078500000000000426173656C696E653A20252E58
:1078600033662056202020286E6F6973652073745C
:10787000643A20252E34662056290A0A00000000AA
:107880005374657020323A2072657020256C752F14
:107890002575202D206765742072656164792074D8
:1078A0006F2073717565657A65204D415820696E4A
:1078B0000000000052657020256C75206F66202541
:1078C00075000000474554205245414459000000CE
:1078D00053515545455A4521000000004D4158205F
:1078E0006566666F727400005065616B3A20252EE4
:1078F000336620560A000000526573742E2E2E0047
:10790000256C750072656C61782C206E657874202A
:1079100072657020636F6D696E6700005245535445
:10792000000000000A4D56432028617665726167A9
:1079300065206F66207065616B73293A20252E33B0
:107940006620560A000000005741524E494E473A01
:10795000207765616B207369676E616C2072616E60
:1079600067652E205475726E206761696E205550D0
:10797000206F7220636865636B20656C6563747249
:107980006F646520706C6163656D656E742E0000B8
:107990005741524E494E473A207369676E616C20D9
:1079A00069732073617475726174696E672E2054F7
:1079B00075726E20746865206761696E20706F74DF
:1079C00020444F574E20616E64207265646F2E0014
:1079D0005065616B2D746F2D7065616B20766172DF
:1079E000696174696F6E206163726F737320726571
:1079F00070733A20252E31662025250A00000000EC
:107A00005741524E494E473A207265707320766155
:107A100072792061206C6F742E2054727920746FFB
:107A20002067697665206120636F6E736973746582
:107A30006E74206D6178696D616C206566666F7229
:107A4000742E00000A5468726573686F6C643A2083
:107A5000252E336620560A0043414C2C252E3466D1
:107A60002C252E35662C252E34662C252E34660AC0
:107A7000000000000A46697820746865207761720A
:107A80006E696E67732061626F766520616E642037
:107A9000726563616C69627261746520666F7220E1
:107AA000612072656C6961626C6520726573756CCA
:107AB000742E00004552524F523A204D56432069D1
:107AC00073206E6F742061626F76652062617365EA
:107AD0006C696E652C2025254D56432063616E6EC2
:107AE0006F7420626520636F6D70757465642E20FD
:107AF000526563616C6962726174696E672E0A0017
:107B00004D5643206E6F742061626F76652062610E
:107B100073656C696E6500004E6F20636F6E7472E2
:107B2000616374696F6E00004552524F520000004D
:107B30004D564320252E32662056000043484543CB
:107B40004B00000057616974696E6720666F722090
:107B5000747269616C206C6162656C0043414C49D0
:107B600042524154454400000A4C6F6767696E6792
:107B700020747269616C202725732720287479701E
:107B8000652071202B20456E74657220746F207300
:107B9000746F70290A0000004C4F472C25732C2568
:107BA0002E32662C252E34662C252E32662C25642A
:107BB0000A0000004E6F2064617461207265636F7B
:107BC000726465642E0000004E4F20444154410011
:107BD0000A547269616C20272573273A20252E31BB
:107BE000662073207C206D65616E20252E31662015
:107BF00025254D5643207C207065616B20252E3154
:107C0000662025254D5643207C2061637469766586
:107C100020252E3166202525206F662074696D652C
:107C20000A00000053554D2C25732C252E31662C4F
:107C3000252E32662C252E32662C252E31662C25DB
:107C40002E34662C252E34660A0000004D65616EC8
:107C500020252E31662025254D5643005065616B49
:107C600020252E3066202525202041637469766505
:107C700020252E3066202525000000005452494161
:107C80004C20444F4E4500004143544956450000A6
:107C900025352E3166000000254D564300000000BA
:107CA0000A2A2A2A2050414E4943202A2A2A0A0019
:107CB0000A0000004E6F207370696E6C6F636B7307
:107CC0002061726520617661696C61626C6500009B
:107CD0004E6F207573657220495251732061726531
:107CE00020617661696C61626C6500004861726454
:107CF0007761726520616C61726D20256420616C12
:107D0000726561647920636C61696D65640000006F
:107D100048617264206173736572740052656C65AA
:107D200061736500626F6F74325F7732357130381E
:107D300030000000322E322E300000007069636F78
:107D4000325F7700736F6E6F737570706F7274004F
:107D5000536570203233203230323600666E692B24
:107D600000000000666E69006E616E00666E692D2F
:107D70000000000055534220737464696E202F2068
:107D80007374646F7574000052617370626572720F
:107D900079205069000000005069636F0000000006
:107DA000426F617264204344430000005265736572
:107DB00074000000556E68616E646C656420495201
:107DC0005120307825780A006570202530325820FF
:107DD00077617320616C7265616479206176616995
:107DE0006C61626C6500000043616E277420636FF4
:107DF0006E74696E75652078666572206F6E206995
:107E00006E61637469766520657020253032580094
:107E1000000000000000005F0000000700070014E1
:107E20007F147F14242A7F2A1223130864623649A0
:107E30005522500005030000001C22410000412291
:107E40001C00082A1C2A0808083E080800503000B8
:107E500000080808080800606000002010080402FC
:107E60003E5149453E00427F400042615149462112
:107E700041454B311814127F1027454545393C4A7E
:107E800049493001710905033649494936064949CE
:107E9000291E003636000000563600000814224124
:107EA000001414141414004122140802015109068C
:107EB000324979413E7E1111117E7F494949363E52
:107EC000414141227F4141221C7F494949417F096B
:107ED0000909013E4149497A7F0808087F00417F2E
:107EE00041002040413F017F081422417F40404033
:107EF000407F020C027F7F0408107F3E4141413EDB
:107F00007F090909063E4151215E7F09192946462C
:107F10004949493101017F01013F4040403F1F2055
:107F200040201F3F4038403F631408146307087027
:107F300008076151494543007F4141000204081090
:107F4000200041417F0004020102044040404040C3
:107F5000000102040020545454787F4844443838C7
:107F600044444420384444487F3854545418087ECC
:107F70000901020C5252523E7F0804047800447DED
:107F800040002040443D007F1028440000417F40D5
:107F9000007C041804787C0804047838444444388D
:107FA0007C14141408081414187C7C080404084871
:107FB00054545420043F4440203C4040207C1C202A
:107FC00040201C3C4030403C44281028440C505079
:107FD000503C4464544C44000836410000007F008B
:107FE00000004136080002010204020011000000F6
:107FF0001400000015000000160000000000000042
:10800000FFFFFFFFFFFFFF7F06005250D3F07542D6
:108010001C7D001006005250E182887F247D0010F4
:1080200006005250ABB36053347D0010060052502E
:10803000BBFF3CB63C7D001006005250861C03027C
:10804000447D0010060052505422A29D507D001025
:1080500005005250DE65F4686899001000000000C9
:10806000000000000000F03F00000000000024407D
:1080700000000000000059400000000000408F4058
:10808000000000000088C34000000000006AF840C3
:108090000000000080842E4100000000D0126341E7
:1080A0000000000084D797410000000065CDCD415D
:1080B0000D0A000000000000814B001000000000CD
:1080C000854B0010914B0010BD4B0010B94B0010B8
:1080D000000000000A00000000000306A6000800DF
:1080E000020002009C001400030057494E55534201
:1080F00000000000000000000000800004000100FB
:1081000028004400650076006900630065004900AE
:108110006E00740065007200660061006300650017
:10812000470055004900440000004E007B006200FB
:1081300063003700330039003800630031002D0040
:1081400037003300630064002D00340063006200D8
:1081500037002D0039003800620038002D0039004A
:1081600031003300610038006600630061003700B1
:108170006200660036007D0000000000050F21004F
:10818000011C100500DF60DDD88945C74C9CD26515
:108190009D9E648A9F00000306A600010000000067
:1081A0000600525053B4F4A1747D0010000000008A
:1081B000887D0010987D001014250020A07D0010FF
:1081C000AC7D001009025400030100807D080B0003
:1081D000020202000009040000010202000405245A
:1081E00000200105240100010424020605240600E4
:1081F000010705810308001009040100020A0000BC
:108200000007050202400000070582024000000945
:1082100004020000FF00010512011002EF020140FC
:108220008A2E090000010102030100000000000085
:10823000C16400103165001061650010AD6500106B
:108240006D6600102D6700100000000000000000A7
:1082500025680010816800109D680010C16800103A
:0C826000154C0010B56900100000000073
:08826C00D8F1FF7F01000000C2
:108274000880001014800010208000102C80001052
:10828400388000104480001050800010A08100103D
:10829400034600B50268EFF3108C72B6D2E8CFEF54
:1082A4000120BEF1000FF9D1C2E84E0FBEF1000F5C
:1082B400F4D1BFF35F8F93F90420002A0ADB01B1E4
:1082C4000A60002000221B68C3E88F2F8CF31088FB
:1082D4005DF804FB4FF05042126801201A71F1E777
:1082E4004FF050412DE9F0410027044616461D4643
:1082F400D1F8008008E0C1E88F7F8CF31088304605
:10830400294601F02DFAE8B92168EFF3108C72B612
:10831400D1E8CF2F0123002AFAD1C1E8423F002A35
:10832400F6D1BFF35F8F94F904302168002BE2DAB1
:10833400002384F80480C1E88F3F8CF31088012067
:10834400BDE8F0810020BDE8F08100BF30B50468CD
:10835400EFF3108C72B6D4E8CFEF0125BEF1000F15
:10836400F9D1C4E84E5FBEF1000FF4D1BFF35F8FC3
:1083740090F904400568002C10DB0021C5E88F1F2C
:108384008CF310884FF0504595F90050A54201D167
:10839400084630BDBDE83040FFF7A2BF4FF0504261
:1083A400126800230271C5E88F3F8CF31088012006
:1083B40030BD00BF70B505460C4601F0C9F9024650
:1083C4000B464FF47A704FF0FF3E6FF0004CE4FB25
:1083D400002396457CEB030138BF72462846BDE86E
:1083E400704038BF6346FFF77BBF00BF0368EFF3FD
:1083F400108272B6D3E8CFCF0121BCF1000FF9D1BE
:10840400C3E84C1FBCF1000FF4D1BFF35F8F4FF0F2
:10841400FF0C0023016880F804C0C1E88F3F82F399
:10842400108840BF704700BF002108B5134B4FF4BC
:10843400707299601248D960196159619961D96162
:10844400196259629962D962196359639963D9634C
:10845400196459649964D964196559659965D9652C
:10846400196659669966D966196759679967D9670C
:1084740001F062F9034B044A1A6008BD0000105071
:10848400F4200020BC240020800110502DE9F04F7E
:108494001F4B85B0D3F858A0BAF1000F22D00024A6
:1084A40001254FF4E069DFF870801A4F01E0202CB9
:1084B40018D00AEA0502611C2346AB46CCB26D0013
:1084C400002AF4D004F0010203F0FE06164407EB80
:1084D40046163046C8F858B000F00AFC28B93AEA03
:1084E4000B0AE4D105B0BDE8F08F00238DF8093004
:1084F400B37801A88DF80830F38A0121ADF804900F
:10850400039300F013FC304600F098FBE7E700BF4C
:1085140000001150B420002000301150F0B5BB4BC6
:1085240085B0D3F8985015F4003674D0B84BB94CD4
:10853400996A94F83B30B84A022B116000F0D48059
:10854400002694F87B30022B00F03B8194F8BB307A
:10855400022B00F07D8194F8FB30022B00F06C813B
:1085640094F83B31022B00F0448194F87B31022BC8
:1085740000F0338194F8BB31022B00F0B68194F8FB
:10858400FB31022B00F0A68194F83B32022B00F061
:10859400968194F87B32022B00F0868194F8BB32EA
:1085A400022B00F0768194F8FB32022B00F06681F6
:1085B40094F83B33022B00F0568194F87B33022B62
:1085C40000F0A48094F8BB33022B00F0998194F856
:1085D400FB33022B00F0B4803EB9904B1B7823B9D7
:1085E4004FF400328E4BC3F890204FF44072874B07
:1085F40001219B6C01A8C3F30A03ADF80420029384
:1086040000F094FBEA064FF40036864C07D5FFF7DA
:108614003DFF264603E0EA064FF01004F7D4EB03CF
:1086240022D57C4C46F48036A37E002B40F0998002
:10863400012394F83A20E370002A40F0AD8001232E
:108644004FF4C061784A84F82330ADF8041092E8FE
:10865400030004AA02E90300194601A800F066FB1E
:108664004FF400326E4B1A65E90408D46A041DD431
:108674002B042AD4AE4240F0C58105B0F0BD0024DD
:10868400624B46F480561C60FFF7CEFE4FF48073B5
:10869400012101A8ADF804308DF8084000F046FB34
:1086A4004FF400225E4B1A656A04E1D54FF48063EF
:1086B400012101A8ADF8043000F038FB1022584B1A
:1086C40046F480461A652B04D4D54FF4A0630121E7
:1086D40001A8ADF8043000F029FB4FF40062504BC0
:1086E40046F400461A65C5E794F83A60002E3FF454
:1086F40028AF94F83C30002B3FF423AF002304F15F
:10870400200084F83C3000F0C1FA1AE794F87A7338
:10871400002F3FF457AF94F87C33002B40F0648172
:1087240094F8BB33022B40F0F48094F8BA33002B56
:1087340040F0EB8094F8FB33022B7FF456AF3E46B7
:1087440094F8FA33002B3FF447AF94F8FC33002B32
:108754003FF44BAF0023354884F8FC3300F096FA1D
:1087640043E70221324B294A1966536E9F07FCD511
:108774004FF440520021274800F066FA254800F0E3
:108784005DFA0222264B5A661A66012394F83A20AF
:10879400E370002A3FF453AF254A1366A2F5005252
:1087A400536ED807FCD54FF440520021214800F005
:1087B4004BFA204800F042FA0122194B5A661A6615
:1087C4003DE794F87A70002F3FF4C0AE94F87C3003
:1087D400002B40F001813E46B8E694F87A71002FF0
:1087E4003FF4C8AE94F87C31002B40F0ED803E4657
:1087F400C0E694F83A71002F3FF4B7AE94F83C31D8
:10880400002B40F0D9803E46AFE600BF0000115077
:1088140000000B40B4200020AC20002026250020BE
:108824000030115010000200000010509424002069
:1088340000201150D420002094F8FA70002F3FF447
:108844008FAE94F8FC30002B40F08E803E4687E6D5
:1088540094F8BA70002F3FF47EAE94F8BC30002B2D
:108864007AD13E4677E694F83A73002F3FF4A5AEEA
:1088740094F83C33002B57D13E469EE694F8FA72A6
:10888400002F3FF495AE94F8FC32002B5CD13E46A9
:108894008EE694F8BA72002F3FF485AE94F8BC3299
:1088A400002B49D13E467EE694F87A72002F3FF4BD
:1088B40075AE94F87C32002B76D13E466EE694F881
:1088C4003A72002F3FF465AE94F83C32002B63D12A
:1088D4003E465EE694F8FA71002F3FF455AE94F8E4
:1088E400FC31002B50D13E464EE694F8BA71002F6D
:1088F4003FF445AE94F8BC31002B3DD13E463EE6F4
:1089040094F8BA33002B3FF462AE94F8BC33002BD6
:1089140071D194F8FB33022B7FF467AE94F8FA33E9
:10892400002B3FF462AE10E70023394884F83C334F
:108934003E4600F0ABF940E60023364884F8BC32EA
:108944003E4600F0A3F92EE60023334884F8FC32B7
:108954003E4600F09BF92BE60023304884F8BC30F7
:108964003E4600F093F9F6E500232D4884F8FC30E8
:108974003E4600F08BF9F3E500232A4884F8BC3125
:108984003E4600F083F9FAE50023274884F8FC31D9
:108994003E4600F07BF9F7E50023244884F83C3296
:1089A4003E4600F073F9F4E50023214884F87C3254
:1089B4003E4600F06BF9F1E500231E4884F83C3193
:1089C4003E4600F063F9D0E500231B4884F87C316F
:1089D4003E4600F05BF9CDE50023184884F87C306E
:1089E4003E4600F053F9B1E50023154884F87C3382
:1089F40000F04CF994E60023124884F8BC3300F0EC
:108A040045F986E7104886EA050100F091FE00BFAB
:108A1400D423002054230020942300205421002038
:108A2400942100205422002094220020D4220020EB
:108A340014230020D421002014220020142100201B
:108A44001424002054240020B47D00102DE9F047A4
:108A5400848A058BC278A54228BF2546171E18BFF5
:108A64000127641B467882F00102A4B20346C27057
:108A7400848245F4806040EA4730A6BBD3E90326EC
:108A84006F1E02EB811E55B3052F98BF721C31D99E
:108A940002EB811C721CACEB0204022C2AD9324674
:108AA4004FEA95094FEA890A06EB890852F8044B04
:108AB40042454CF8044BF9D15545A7EB0A070EEB98
:108AC4000A040AD016F829600EF829602FB15678E6
:108AD400012F667001D09278A2701E699C8A2E4480
:108AE4001E6140F400400CB940F4804001B1000420
:108AF400BDE8F0870EF1FF3E2E4400E0013212F88B
:108B0400014CB2420EF8014FF8D1E6E78368024601
:108B1400186801B1000C5378C0F30900002B3CD055
:108B24002DE9F041D2E90334461E03EB811E40B324
:108B3400052E3BD989014D1C1D44651B022D35D9D9
:108B44007346214600F47F774FEA9008FD1853F8E6
:108B540004CBAB4241F804CBF9D1B842A6EB0706EB
:108B640004EB07030EEB07010AD01EF8285004F8A3
:108B740028502EB14C78012E5C7001D08978997000
:108B84001469D38A04440344D382138B146183424B
:108B940084BF00239382BDE8F081D38A0344D38247
:108BA400138B834284BF002393827047013C0EEBF6
:108BB40000011EF8013B714504F8013FF9D1DFE7DC
:108BC40010B50446836800211B68FFF79FFF6368A4
:108BD4001B685B0002D5238B834200D010BD204666
:108BE400BDE810400121FFF791BF00BF084B1B6C8B
:108BF40013F0020302D18278D20901D10020704718
:108C0400C07EA0F10200B0FA80F04009704700BFB6
:108C14000000115008B5FFF7E9FF50B1054A064BB3
:108C2400906A1B68A0F54870C01AC6288CBF002043
:108C3400012008BD00000B40AC2000200023C0E947
:108C440004338376704700BF10B5836809B11C688C
:108C5400214082B1114352050DD51A6854050CD434
:108C6400084A21F480641C60126C920703D40C231C
:108C7400033BFDD28368196010BD8178024800F07F
:108C840057FD00BF00001150C87D001030B5436887
:108C9400002183B004461D68FFF7D8FE134B40F44F
:108CA4008052196CA37889070ED55B060ED025F087
:108CB400A04545F000550021204663681D6003B0BF
:108CC400BDE83040FFF7C0BFDB09F0D0A38A002B1A
:108CD400EDD0012120460192FFF7B8FE019A25F05C
:108CE4000055024345F0A045E5E700BF00001150E0
:108CF40038B5857E044695B1FFF762FFA38A0BB9A8
:108D0400284638BD2046FFF785FF20B1012323778D
:108D14000025284638BD2046FFF7B8FFF8E78178DC
:108D2400014800F005FD00BFE87D00102DE9F04387
:108D340043788146023B0D4685B0042B13D8DFE807
:108D440003F0034A6A73440000217B4B1A7822F033
:108D540001021A701A7822F002021A7059701A78F5
:108D640061F382021A70754B1C686369EFF3108219
:108D740072B6D3E8CF0F01210028FAD1C3E8401F0F
:108D84000028F6D1BFF35F8FA2614946204600F068
:108D9400DBFC00236269C2E88F3FA36983F3108878
:108DA40048B94FF0E023D3F8F03DDB070AD500BE05
:108DB40005B0BDE8F0832A4699F8011099F800003F
:108DC40000F0BEFC05B0BDE8F0835D4A13780133C2
:108DD400DBB21370C7E700245A4E23463178DFF81C
:108DE4006C81594F11E03B6813EB441307D0DB69E6
:108DF4002BB1D9F8041099F8000098473178013460
:108E0400E4B24A1CA242234617DBA142EBD85B1A08
:108E140008EB4313EBE7484B1A78D607D2D51A78F8
:108E240042F004021A709EE7434B1A78D407C9D55E
:108E34001A7822F004021A7095E73F4C23785807F9
:108E44003AD4E378DA07BDD5032300263B4A99F8E0
:108E540000101468D9F804208DF804108DF805303A
:108E64006369CDF80660CDF80A60ADF80E60029231
:108E7400EFF3108272B6D3E8CF0F01210028FAD1A4
:108E8400C3E8401F0028F6D1BFF35F8F2046A261DC
:108E940001A900F059FC6369C3E88F6FA36983F3E8
:108EA400108800283FF47DAF2A469DF805109DF8F0
:108EB400040000F045FC85E72378002723F0040331
:108EC400237005231D4A8DF80530166899F8002093
:108ED400ADF80E708DF804207369CDF80670CDF8E6
:108EE4000A70EFF3108272B6D3E8CF0F0121002885
:108EF400FAD1C3E8401F0028F6D1BFF35F8F304694
:108F0400B26101A900F020FC7369C3E88F7FB369E3
:108F140083F3108838B94FF0E023D3F8F03DD90734
:108F24008FD500BE8DE72A469DF805109DF80400F4
:108F340000F006FC85E700BF601C0020B81C002080
:108F44002725002025250020901A00202C820010BF
:108F5400844610466AB3013900B501EB020EDCF811
:108F64000C309B07FBD511F8013F7145CCF8083054
:108F7400F5D1DCF80C30590705D5DCF80830DCF8FD
:108F84000C305907F9D4DCF80C30DA0606D5DCF8D5
:108F94000C30DA06F7D401E0DCF80830DCF80C30E9
:108FA4005B07F9D40123CCF820305DF804FBDCF82E
:108FB4000830DCF80C305907F9D4DCF80C30DA0648
:108FC40006D5DCF80C30DA06F7D401E0DCF808301A
:108FD400DCF80C305B07F9D40123CCF8203070475F
:108FE40008B52DED028B08EE100A00F01DF8B4EE62
:108FF400488AF1EE10FA06D6DFED0A8AB4EEE88A62
:10900400F1EE10FA02D4BDEC028B08BD00F0A4FB13
:10901400C8EEA87A034621221A60BDEC028B17EE33
:10902400900A08BD0000000007EE900AF1EEE77A0E
:1090340017EE900A704700BF81F0004102E000BFC4
:1090440083F0004330B54FEA41044FEA430594EA04
:10905400050F08BF90EA020F1FBF54EA000C55EA3F
:10906400020C7FEA645C7FEA655C00F0E2804FEA10
:109074005454D4EB5555B8BF6D420CDD2C4480EAF2
:10908400020281EA030382EA000083EA010180EA22
:10909400020281EA0303362D88BF30BD11F0004F70
:1090A4004FEA01314FF4801C4CEA113102D04042A6
:1090B40061EB410113F0004F4FEA03334CEA1333E1
:1090C40002D0524263EB430394EA050F00F0A780F9
:1090D400A4F10104D5F1200E0DDB02FA0EFC22FAF4
:1090E40005F2801841F1000103FA0EF2801843FAE8
:1090F40005F359410EE0A5F120050EF1200E012AD9
:1091040003FA0EFC28BF4CF0020C43FA05F3C01816
:1091140051EBE37101F0004507D54FF0000EDCF18F
:10912400000C7EEB00006EEB0101B1F5801F1BD338
:10913400B1F5001F0CD349085FEA30004FEA3C0C3C
:1091440004F101044FEA445212F5800F80F09A8032
:10915400BCF1004F08BF5FEA500C50F1000041EB36
:10916400045141EA050130BD5FEA4C0C404141EB3A
:109174000101013C28BFB1F5801FE9D291F0000F35
:1091840004BF01460020B1FA81F308BF2033A3F1E4
:109194000B03B3F120020CDA0C3208DD02F1140CDB
:1091A400C2F10C0201FA0CF021FA02F10CE002F116
:1091B4001402D8BFC2F1200C01FA02F120FA0CFC0F
:1091C400DCBF41EA0C019040E41AA2BF01EB045158
:1091D400294330BD6FEA04041F3C1CDA0C340EDC56
:1091E40004F11404C4F1200220FA04F001FA02F399
:1091F40040EA030021FA04F345EA030130BDC4F157
:109204000C04C4F1200220FA02F001FA04F340EA4B
:109214000300294630BD21FA04F0294630BD94F0FC
:10922400000F83F4801306BF81F480110134013DE3
:109234004EE77FEA645C18BF7FEA655C29D094EA54
:10924400050F08BF90EA020F05D054EA000C04BFD2
:109254001946104630BD91EA030F1EBF00210020BD
:1092640030BD5FEA545C05D14000494128BF41F05C
:10927400004130BD14F580043CBF01F5801130BDC0
:1092840001F0004545F0FE4141F470014FF000004B
:1092940030BD7FEA645C1ABF194610467FEA655CFC
:1092A4001CBF0B46024650EA013406BF52EA03359E
:1092B40091EA030F41F4002130BD00BF90F0000F8C
:1092C40004BF0021704730B54FF4806404F13204C8
:1092D4004FF000054FF0000150E700BF90F0000F81
:1092E40004BF0021704730B54FF4806404F13204A8
:1092F40010F0004548BF40424FF000013EE700BF78
:1093040042004FEAE2014FEA31014FEA02701FBF07
:1093140012F07F4393F07F4F81F06051704732F039
:109324007F4208BF704793F07F4F04BF41F4002190
:10933400704730B54FF4607401F0004521F00041EE
:109344001CE700BF50EA010208BF704730B54FF078
:1093540000050AE050EA010208BF704730B511F079
:10936400004502D5404261EB41014FF4806404F1B1
:1093740032045FEA915C3FF4D8AE4FF003025FEA37
:10938400DC0C18BF03325FEADC0C18BF033202EBBB
:10939400DC02C2F1200300FA03FC20FA02F001FA15
:1093A40003FE40EA0E0021FA02F11444BDE600BFB8
:1093B40053B94AB9002908BF00281CBF4FF0FF3138
:1093C4004FF0FF3000F0B2B9ADF1080C6DE904CEF6
:1093D40000F006F8DDF804E0DDE9022304B070478C
:1093E4002DE9F04F8C46099E04460F46002B48D1C8
:1093F4008A4215465ED9B2FA82F33BB1C3F1200228
:109404009F409D409C4020FA02F217434FEA154EBC
:109414001FFA85FC220CB7FBFEF10EFB117701FB52
:109424000CF042EA0742904207D9AA1801F1FF372B
:1094340002D2904200F258813946121AA4B2B2FB09
:10944400FEF00EFB102200FB0CFC44EA0244A4458F
:109454000BD92C1900F1FF322CBF01270027A4459A
:1094640002D9002F00F04381104640EA0140A4EBEA
:109474000C0400211EB1DC400023C6E90043BDE812
:10948400F08F8B4206D90EB1C6E9000100210846CF
:10949400BDE8F08FB3FA83F1002951D16345C0F0E0
:1094A4001681824240F213810846002EE7D0C6E9B5
:1094B4000047E4E7002A00F0AF80B2FA82F3002B01
:1094C40040F0C2808A1A4FEA154EAFB20121200C37
:1094D400B2FBFEFC0EFB1C2240EA024207FB0CF02E
:1094E40090420ED9AA180CF1FF382CBF4FF0010995
:1094F4004FF00009904203D9B9F1000F00F0F08059
:10950400C446121AA4B2B2FBFEF00EFB102200FBFA
:1095140007F744EA0244A7420ED92C1900F1FF329E
:109524002CBF4FF0010E4FF0000EA74203D9BEF13D
:10953400000F00F0D2801046E41B40EA0C4099E78B
:10954400C1F120058B400CFA01F400FA01F922FA6A
:1095540005F72CFA05FC8A401F4320FA05F3380C62
:1095640023431FFA87FE1C0CBCFBF0F800FB18CC4D
:1095740044EA0C4408FB0EFCA4450ED93C1908F13E
:10958400FF3A2CBF4FF0010B4FF0000BA44503D959
:10959400BBF1000F00F0B880D046A4EB0C041FFA16
:1095A40083FCB4FBF0F300FB134403FB0EFE4CEA14
:1095B4000444A6450ED93C1903F1FF302CBF4FF0EB
:1095C400010C4FF0000CA64503D9BCF1000F00F0CC
:1095D4009F80034643EA0840A4EB0E04A0FB02EC80
:1095E40064457346E04602D307D1F14505D2BEEB8C
:1095F40002036CEB070C0138E0465EB1B9EB0302E1
:1096040064EB080404FA05F522FA01F3CC401D4387
:10961400C6E90054002132E742082F464B08AC4605
:1096240042EAC172AE46C407110C92B241EA034148
:1096340042EA0142B1FBF5F1B3FBF5F01F23A2EBC3
:109644000C0241EA004142E79D40C3F120029940E7
:109654009C402CFA02FC4FEA154E20FA02F2AFB2FB
:10966400BCFBFEF80A430EFB18CC110C41EA0C417A
:1096740008FB07FC8C4550D9691808F1FF302CBF52
:109684004FF001094FF000098C4502D9B9F1000FE0
:1096940030D0A1EB0C01B1FBFEF808FB07FC0EFB7C
:1096A400181192B242EA0142624534D2AA1808F172
:1096B400FF312CBF4FF001094FF000096245BED2C3
:1096C400B9F1000FBBD1A8F102012A44B7E7841A0B
:1096D4006CEB030201201746E7E62C4402382BE723
:1096E400ACF1020C2A440CE702392A44A5E62C44C6
:1096F4000238BAE6A5EB0C0CA8F102006144B1FBF8
:10970400FEF808FB07FCCAE7A8F102083C4444E75A
:10971400023B3C445EE7414691E7A1EB0C01404625
:10972400B1FBFEF808FB07FCB9E700BF704700BFB8
:109734005FF800F0251600105FF800F09D7300102C
:109744005FF800F02D5600105FF800F0057000106F
:109754005FF800F0192500105FF800F0397400106C
:109764005FF800F011240010100000000000000059
:1097740000000100000000000000000000000200E2
:1097840000000000000000000000030000000000D2
:10979400000000000000FF000000000001B5486860
:1097A40001318E460047704609380149884701BD9A
:1097B400991A0010000000000000000000000000E2
:1097C4000000000000000000D0170020D14D001060
:1097D4007D4D0010F54C0010654C00100000000099
:1097E40000010000BC1C002010000C000000000060
:1097F4000000000000000000000000000000000065
:10980400FF00000088160020000000005819002006
:10981400C0190020281A00200000000000000000E9
:109824000000000000000000000000000000000034
:109834000000000000000000000000000000000024
:109844000000000000000000000000000000000014
:109854000000000000000000000000000000000004
:1098640000000000000000000000000000000000F4
:1098740000000000000000000000000000000000E4
:1098840000000000000000000000000000000000D4
:1098940000000000000000000000000000000000C4
:1098A40001000000000000000E33CDAB34126DE661
:1098B400ECDE05000B0000000000000000000000CA
:1098C4000000000000000000000000000000000094
:1098D4000000000000000000000000000000000084
:1098E4000000000000000000000000000000000074
:1098F4000000000000000000000000000000000064
:109904000000000000000000000000000000000053
:109914000000000000000000000000000000000043
:109924000000000000000000000000000000000033
:109934000000000000000000000000000000000023
:109944000000000000000000000000000000000013
:10995400D3DEFFFFFE010000FF010000E467FFFF0C
:04996400793512AB94
:040000051000014D99
:00000001FF
